{
    "tray.n.01_1": {
        "is_asleep": true,
        "root_link": {
            "pos": [
                1.556476354598999,
                5.139214515686035,
                0.7626245617866516
            ],
            "ori": [
                5.6228600442409515e-08,
                -3.178865881636739e-07,
                -0.6656298637390137,
                0.7462823390960693
            ],
            "lin_vel": [
                0.0,
                0.0,
                0.0
            ],
            "ang_vel": [
                0.0,
                0.0,
                0.0
            ]
        },
        "non_kin": {
            "Temperature": {
                "temperature": 23.0
            }
        }
    },
    "bowl.n.01_1": {
        "is_asleep": true,
        "root_link": {
            "pos": [
                2.3483963012695312,
                4.904600143432617,
                0.8355239629745483
            ],
            "ori": [
                -3.725290298461914e-09,
                -3.91155481338501e-08,
                0.9795069694519043,
                -0.20141130685806274
            ],
            "lin_vel": [
                0.0,
                0.0,
                0.0
            ],
            "ang_vel": [
                0.0,
                0.0,
                0.0
            ]
        },
        "non_kin": {
            "Temperature": {
                "temperature": 23.0
            }
        }
    },
    "breakfast_table.n.01_1": {
        "is_asleep": true,
        "root_link": {
            "pos": [
                1.9217820167541504,
                4.952489376068115,
                0.6417209506034851
            ],
            "ori": [
                5.075708031654358e-08,
                5.0706148613244295e-08,
                -0.7071067690849304,
                0.7071069478988647
            ],
            "lin_vel": [
                0.0,
                0.0,
                0.0
            ],
            "ang_vel": [
                0.0,
                0.0,
                0.0
            ]
        },
        "non_kin": {}
    },
    "floor.n.01_1": {
        "is_asleep": false,
        "root_link": {
            "pos": [
                1.1260740756988525,
                1.961146593093872,
                -0.1509999930858612
            ],
            "ori": [
                0.0,
                0.0,
                0.0,
                1.0
            ]
        },
        "non_kin": {}
    },
    "robot_poses": {
        "R1Pro": [
            {
                "position": [
                    1.5,
                    2.5,
                    0.003765106201171875
                ],
                "orientation": [
                    0.0,
                    0.0,
                    0.7071067811865476,
                    0.7071067811865476
                ]
            }
        ],
        "Fetch": [
            {
                "position": [
                    1.5,
                    2.5,
                    0.0012933313846588135
                ],
                "orientation": [
                    0.0,
                    0.0,
                    0.7071067811865476,
                    0.7071067811865476
                ]
            }
        ],
        "R1": [
            {
                "position": [
                    1.5,
                    2.5,
                    0.003765106201171875
                ],
                "orientation": [
                    0.0,
                    0.0,
                    0.7071067811865476,
                    0.7071067811865476
                ]
            }
        ],
        "Stretch": [
            {
                "position": [
                    1.5,
                    2.5,
                    -0.0007995814085006714
                ],
                "orientation": [
                    0.0,
                    0.0,
                    0.7071067811865476,
                    0.7071067811865476
                ]
            }
        ],
        "Tiago": [
            {
                "position": [
                    1.5,
                    2.5,
                    0.00034427642822265625
                ],
                "orientation": [
                    0.0,
                    0.0,
                    0.7071067811865476,
                    0.7071067811865476
                ]
            }
        ]
    }
}