{
    "pepper__shaker.n.01_1": {
        "is_asleep": true,
        "root_link": {
            "pos": [
                6.556368350982666,
                3.2770466804504395,
                0.8474077582359314
            ],
            "ori": [
                -0.00014194659888744354,
                -0.00020018965005874634,
                -0.5927370190620422,
                0.8053961992263794
            ],
            "lin_vel": [
                0.0,
                0.0,
                0.0
            ],
            "ang_vel": [
                0.0,
                0.0,
                0.0
            ]
        },
        "non_kin": {
            "ToggledOn": {
                "value": false,
                "hand_in_marker_steps": 0
            },
            "ModifiedParticles": {
                "n_systems": 0
            },
            "Saturated": {
                "n_systems": 0,
                "default_visual_particle_limit": 1000000,
                "default_physical_particle_limit": 1000000
            },
            "ParticleApplier": {
                "current_step": 2
            }
        }
    },
    "countertop.n.01_1": {
        "is_asleep": false,
        "root_link": {
            "pos": [
                4.18129825592041,
                -0.4952339828014374,
                0.8694858551025391
            ],
            "ori": [
                8.736824952393363e-08,
                3.0509783588428263e-09,
                0.03489910811185837,
                0.9993908405303955
            ]
        },
        "non_kin": {}
    },
    "breakfast_table.n.01_1": {
        "is_asleep": true,
        "root_link": {
            "pos": [
                7.294762134552002,
                3.5005805492401123,
                0.764856219291687
            ],
            "ori": [
                -0.00012028706260025501,
                0.00013852931442670524,
                0.7062076926231384,
                0.708004891872406
            ],
            "lin_vel": [
                0.0,
                0.0,
                0.0
            ],
            "ang_vel": [
                0.0,
                0.0,
                0.0
            ]
        },
        "non_kin": {}
    },
    "floor.n.01_1": {
        "is_asleep": false,
        "root_link": {
            "pos": [
                6.593125820159912,
                -0.258637011051178,
                -0.13868464529514313
            ],
            "ori": [
                0.0,
                0.0,
                0.0,
                1.0
            ]
        },
        "non_kin": {}
    },
    "robot_poses": {
        "R1Pro": [
            {
                "position": [
                    5.5,
                    1.5,
                    0.0050048828125
                ],
                "orientation": [
                    0.0,
                    0.0,
                    -0.7071067811865476,
                    0.7071067811865476
                ]
            }
        ]
    }
}