# Blender 4.5.11 LTS
# www.blender.org
mtllib visual.mtl
o cricket_ball.001
v 0.000000 0.003480 0.070829
v 0.000000 0.010305 0.069471
v 0.000000 0.029517 0.055223
v 0.000000 0.032798 0.049085
v 0.000000 0.034818 0.042426
v 0.000000 0.035329 0.038980
v 0.000000 0.035500 0.035500
v 0.000000 0.035329 0.032020
v 0.000000 0.032798 0.021915
v 0.000000 0.025102 0.010398
v 0.000000 0.010305 0.001529
v 0.000000 0.003480 0.000171
v 0.000341 0.003463 0.070829
v 0.000679 0.006892 0.070318
v 0.001010 0.010255 0.069471
v 0.001332 0.013520 0.068298
v 0.001640 0.016654 0.066808
v 0.001933 0.019628 0.065017
v 0.002207 0.022413 0.062942
v 0.002460 0.024981 0.060602
v 0.002690 0.027310 0.058021
v 0.002893 0.029375 0.055223
v 0.003069 0.031157 0.052235
v 0.003215 0.032640 0.049085
v 0.003330 0.033808 0.045805
v 0.003413 0.034650 0.042426
v 0.003463 0.035159 0.038980
v 0.003480 0.035329 0.035500
v 0.003463 0.035159 0.032020
v 0.003413 0.034650 0.028574
v 0.003330 0.033808 0.025195
v 0.003215 0.032640 0.021915
v 0.003069 0.031157 0.018765
v 0.002893 0.029375 0.015777
v 0.002690 0.027310 0.012979
v 0.002460 0.024981 0.010398
v 0.002207 0.022413 0.008058
v 0.001933 0.019628 0.005983
v 0.001640 0.016654 0.004192
v 0.001332 0.013520 0.002702
v 0.001010 0.010255 0.001529
v 0.000679 0.006892 0.000682
v 0.000341 0.003463 0.000171
v 0.000679 0.003413 0.070829
v 0.001351 0.006793 0.070318
v 0.002010 0.010107 0.069471
v 0.002650 0.013324 0.068298
v 0.003265 0.016413 0.066808
v 0.003848 0.019344 0.065017
v 0.004394 0.022088 0.062942
v 0.004897 0.024620 0.060602
v 0.005354 0.026915 0.058021
v 0.005759 0.028950 0.055223
v 0.006108 0.030707 0.052235
v 0.006399 0.032168 0.049085
v 0.006627 0.033319 0.045805
v 0.006793 0.034149 0.042426
v 0.006892 0.034650 0.038980
v 0.006926 0.034818 0.035500
v 0.006892 0.034650 0.032020
v 0.006793 0.034149 0.028574
v 0.006627 0.033319 0.025195
v 0.006399 0.032168 0.021915
v 0.006108 0.030707 0.018765
v 0.005759 0.028950 0.015777
v 0.005354 0.026915 0.012979
v 0.004897 0.024620 0.010398
v 0.004394 0.022088 0.008058
v 0.003848 0.019344 0.005983
v 0.003265 0.016413 0.004192
v 0.002650 0.013324 0.002702
v 0.002010 0.010107 0.001529
v 0.001351 0.006793 0.000682
v 0.000679 0.003413 0.000171
v 0.001010 0.003330 0.070829
v 0.002010 0.006627 0.070318
v 0.002991 0.009861 0.069471
v 0.003944 0.013000 0.068298
v 0.004858 0.016014 0.066808
v 0.005725 0.018873 0.065017
v 0.006537 0.021551 0.062942
v 0.007287 0.024021 0.060602
v 0.007966 0.026260 0.058021
v 0.008568 0.028246 0.055223
v 0.009088 0.029960 0.052235
v 0.009521 0.031385 0.049085
v 0.009861 0.032509 0.045805
v 0.010107 0.033319 0.042426
v 0.010255 0.033808 0.038980
v 0.010305 0.033971 0.035500
v 0.010255 0.033808 0.032020
v 0.010107 0.033319 0.028574
v 0.009861 0.032509 0.025195
v 0.009521 0.031385 0.021915
v 0.009088 0.029960 0.018765
v 0.008568 0.028246 0.015777
v 0.007966 0.026260 0.012979
v 0.007287 0.024021 0.010398
v 0.006537 0.021551 0.008058
v 0.005725 0.018873 0.005983
v 0.004858 0.016014 0.004192
v 0.003944 0.013000 0.002702
v 0.002991 0.009861 0.001529
v 0.002010 0.006627 0.000682
v 0.001010 0.003330 0.000171
v 0.001332 0.003215 0.070829
v 0.002650 0.006399 0.070318
v 0.003944 0.009521 0.069471
v 0.005199 0.012551 0.068298
v 0.006404 0.015461 0.066808
v 0.007548 0.018221 0.065017
v 0.008618 0.020807 0.062942
v 0.009606 0.023191 0.060602
v 0.010502 0.025353 0.058021
v 0.011296 0.027270 0.055223
v 0.011981 0.028925 0.052235
v 0.012551 0.030301 0.049085
v 0.013000 0.031385 0.045805
v 0.013324 0.032168 0.042426
v 0.013520 0.032640 0.038980
v 0.013585 0.032798 0.035500
v 0.013520 0.032640 0.032020
v 0.013324 0.032168 0.028574
v 0.013000 0.031385 0.025195
v 0.012551 0.030301 0.021915
v 0.011981 0.028925 0.018765
v 0.011296 0.027270 0.015777
v 0.010502 0.025353 0.012979
v 0.009606 0.023191 0.010398
v 0.008618 0.020807 0.008058
v 0.007548 0.018221 0.005983
v 0.006404 0.015461 0.004192
v 0.005199 0.012551 0.002702
v 0.003944 0.009521 0.001529
v 0.002650 0.006399 0.000682
v 0.001332 0.003215 0.000171
v 0.001640 0.003069 0.070829
v 0.003265 0.006108 0.070318
v 0.004858 0.009088 0.069471
v 0.006404 0.011981 0.068298
v 0.007889 0.014759 0.066808
v 0.009297 0.017394 0.065017
v 0.010616 0.019862 0.062942
v 0.011833 0.022138 0.060602
v 0.012936 0.024202 0.058021
v 0.013914 0.026032 0.055223
v 0.014759 0.027611 0.052235
v 0.015461 0.028925 0.049085
v 0.016014 0.029960 0.045805
v 0.016413 0.030707 0.042426
v 0.016654 0.031157 0.038980
v 0.016735 0.031308 0.035500
v 0.016654 0.031157 0.032020
v 0.016413 0.030707 0.028574
v 0.016014 0.029960 0.025195
v 0.015461 0.028925 0.021915
v 0.014759 0.027611 0.018765
v 0.013914 0.026032 0.015777
v 0.012936 0.024202 0.012979
v 0.011833 0.022138 0.010398
v 0.010616 0.019862 0.008058
v 0.009297 0.017394 0.005983
v 0.007889 0.014759 0.004192
v 0.006404 0.011981 0.002702
v 0.004858 0.009088 0.001529
v 0.003265 0.006108 0.000682
v 0.001640 0.003069 0.000171
v 0.001933 0.002893 0.070829
v 0.003848 0.005759 0.070318
v 0.005725 0.008568 0.069471
v 0.007548 0.011296 0.068298
v 0.009297 0.013914 0.066808
v 0.010957 0.016399 0.065017
v 0.012512 0.018725 0.062942
v 0.013946 0.020872 0.060602
v 0.015246 0.022817 0.058021
v 0.016399 0.024543 0.055223
v 0.017394 0.026032 0.052235
v 0.018221 0.027270 0.049085
v 0.018873 0.028246 0.045805
v 0.019344 0.028950 0.042426
v 0.019628 0.029375 0.038980
v 0.019723 0.029517 0.035500
v 0.019628 0.029375 0.032020
v 0.019344 0.028950 0.028574
v 0.018873 0.028246 0.025195
v 0.018221 0.027270 0.021915
v 0.017394 0.026032 0.018765
v 0.016399 0.024543 0.015777
v 0.015246 0.022817 0.012979
v 0.013946 0.020872 0.010398
v 0.012512 0.018725 0.008058
v 0.010957 0.016399 0.005983
v 0.009297 0.013914 0.004192
v 0.007548 0.011296 0.002702
v 0.005725 0.008568 0.001529
v 0.003848 0.005759 0.000682
v 0.001933 0.002893 0.000171
v 0.002207 0.002690 0.070829
v 0.004394 0.005354 0.070318
v 0.006537 0.007966 0.069471
v 0.008618 0.010502 0.068298
v 0.010616 0.012936 0.066808
v 0.012512 0.015246 0.065017
v 0.014287 0.017409 0.062942
v 0.015925 0.019404 0.060602
v 0.017409 0.021213 0.058021
v 0.018725 0.022817 0.055223
v 0.019862 0.024202 0.052235
v 0.020807 0.025353 0.049085
v 0.021551 0.026260 0.045805
v 0.022088 0.026915 0.042426
v 0.022413 0.027310 0.038980
v 0.022521 0.027442 0.035500
v 0.022413 0.027310 0.032020
v 0.022088 0.026915 0.028574
v 0.021551 0.026260 0.025195
v 0.020807 0.025353 0.021915
v 0.019862 0.024202 0.018765
v 0.018725 0.022817 0.015777
v 0.017409 0.021213 0.012979
v 0.015925 0.019404 0.010398
v 0.014287 0.017409 0.008058
v 0.012512 0.015246 0.005983
v 0.010616 0.012936 0.004192
v 0.008618 0.010502 0.002702
v 0.006537 0.007966 0.001529
v 0.004394 0.005354 0.000682
v 0.002207 0.002690 0.000171
v 0.002460 0.002460 0.070829
v 0.004897 0.004897 0.070318
v 0.007287 0.007287 0.069471
v 0.009606 0.009606 0.068298
v 0.011833 0.011833 0.066808
v 0.013946 0.013946 0.065017
v 0.015925 0.015925 0.062942
v 0.017750 0.017750 0.060602
v 0.019404 0.019404 0.058021
v 0.020872 0.020872 0.055223
v 0.022138 0.022138 0.052235
v 0.023191 0.023191 0.049085
v 0.024021 0.024021 0.045805
v 0.024620 0.024620 0.042426
v 0.024981 0.024981 0.038980
v 0.025102 0.025102 0.035500
v 0.024981 0.024981 0.032020
v 0.024620 0.024620 0.028574
v 0.024021 0.024021 0.025195
v 0.023191 0.023191 0.021915
v 0.022138 0.022138 0.018765
v 0.020872 0.020872 0.015777
v 0.019404 0.019404 0.012979
v 0.017750 0.017750 0.010398
v 0.015925 0.015925 0.008058
v 0.013946 0.013946 0.005983
v 0.011833 0.011833 0.004192
v 0.009606 0.009606 0.002702
v 0.007287 0.007287 0.001529
v 0.004897 0.004897 0.000682
v 0.002460 0.002460 0.000171
v 0.002690 0.002207 0.070829
v 0.005354 0.004394 0.070318
v 0.007966 0.006537 0.069471
v 0.010502 0.008618 0.068298
v 0.012936 0.010616 0.066808
v 0.015246 0.012512 0.065017
v 0.017409 0.014287 0.062942
v 0.019404 0.015925 0.060602
v 0.021213 0.017409 0.058021
v 0.022817 0.018725 0.055223
v 0.024202 0.019862 0.052235
v 0.025353 0.020807 0.049085
v 0.026260 0.021551 0.045805
v 0.026915 0.022088 0.042426
v 0.027310 0.022413 0.038980
v 0.027442 0.022521 0.035500
v 0.027310 0.022413 0.032020
v 0.026915 0.022088 0.028574
v 0.026260 0.021551 0.025195
v 0.025353 0.020807 0.021915
v 0.024202 0.019862 0.018765
v 0.022817 0.018725 0.015777
v 0.021213 0.017409 0.012979
v 0.019404 0.015925 0.010398
v 0.017409 0.014287 0.008058
v 0.015246 0.012512 0.005983
v 0.012936 0.010616 0.004192
v 0.010502 0.008618 0.002702
v 0.007966 0.006537 0.001529
v 0.005354 0.004394 0.000682
v 0.002690 0.002207 0.000171
v 0.002893 0.001933 0.070829
v 0.005759 0.003848 0.070318
v 0.008568 0.005725 0.069471
v 0.011296 0.007548 0.068298
v 0.013914 0.009297 0.066808
v 0.016399 0.010957 0.065017
v 0.018725 0.012512 0.062942
v 0.020872 0.013946 0.060602
v 0.022817 0.015246 0.058021
v 0.024543 0.016399 0.055223
v 0.026032 0.017394 0.052235
v 0.027270 0.018221 0.049085
v 0.028246 0.018873 0.045805
v 0.028950 0.019344 0.042426
v 0.029375 0.019628 0.038980
v 0.029517 0.019723 0.035500
v 0.029375 0.019628 0.032020
v 0.028950 0.019344 0.028574
v 0.028246 0.018873 0.025195
v 0.027270 0.018221 0.021915
v 0.026032 0.017394 0.018765
v 0.024543 0.016399 0.015777
v 0.022817 0.015246 0.012979
v 0.020872 0.013946 0.010398
v 0.018725 0.012512 0.008058
v 0.016399 0.010957 0.005983
v 0.013914 0.009297 0.004192
v 0.011296 0.007548 0.002702
v 0.008568 0.005725 0.001529
v 0.005759 0.003848 0.000682
v 0.002893 0.001933 0.000171
v 0.003069 0.001640 0.070829
v 0.006108 0.003265 0.070318
v 0.009088 0.004858 0.069471
v 0.011981 0.006404 0.068298
v 0.014759 0.007889 0.066808
v 0.017394 0.009297 0.065017
v 0.019862 0.010616 0.062942
v 0.022138 0.011833 0.060602
v 0.024202 0.012936 0.058021
v 0.026032 0.013914 0.055223
v 0.027611 0.014759 0.052235
v 0.028925 0.015461 0.049085
v 0.029960 0.016014 0.045805
v 0.030707 0.016413 0.042426
v 0.031157 0.016654 0.038980
v 0.031308 0.016735 0.035500
v 0.031157 0.016654 0.032020
v 0.030707 0.016413 0.028574
v 0.029960 0.016014 0.025195
v 0.028925 0.015461 0.021915
v 0.027611 0.014759 0.018765
v 0.026032 0.013914 0.015777
v 0.024202 0.012936 0.012979
v 0.022138 0.011833 0.010398
v 0.019862 0.010616 0.008058
v 0.017394 0.009297 0.005983
v 0.014759 0.007889 0.004192
v 0.011981 0.006404 0.002702
v 0.009088 0.004858 0.001529
v 0.006108 0.003265 0.000682
v 0.003069 0.001640 0.000171
v 0.003215 0.001332 0.070829
v 0.006399 0.002650 0.070318
v 0.009521 0.003944 0.069471
v 0.012551 0.005199 0.068298
v 0.015461 0.006404 0.066808
v 0.018221 0.007548 0.065017
v 0.020807 0.008618 0.062942
v 0.023191 0.009606 0.060602
v 0.025353 0.010502 0.058021
v 0.027270 0.011296 0.055223
v 0.028925 0.011981 0.052235
v 0.030301 0.012551 0.049085
v 0.031385 0.013000 0.045805
v 0.032168 0.013324 0.042426
v 0.032640 0.013520 0.038980
v 0.032798 0.013585 0.035500
v 0.032640 0.013520 0.032020
v 0.032168 0.013324 0.028574
v 0.031385 0.013000 0.025195
v 0.030301 0.012551 0.021915
v 0.028925 0.011981 0.018765
v 0.027270 0.011296 0.015777
v 0.025353 0.010502 0.012979
v 0.023191 0.009606 0.010398
v 0.020807 0.008618 0.008058
v 0.018221 0.007548 0.005983
v 0.015461 0.006404 0.004192
v 0.012551 0.005199 0.002702
v 0.009521 0.003944 0.001529
v 0.006399 0.002650 0.000682
v 0.003215 0.001332 0.000171
v 0.003330 0.001010 0.070829
v 0.006627 0.002010 0.070318
v 0.009861 0.002991 0.069471
v 0.013000 0.003944 0.068298
v 0.016014 0.004858 0.066808
v 0.018873 0.005725 0.065017
v 0.021551 0.006537 0.062942
v 0.024021 0.007287 0.060602
v 0.026260 0.007966 0.058021
v 0.028246 0.008568 0.055223
v 0.029960 0.009088 0.052235
v 0.031385 0.009521 0.049085
v 0.032509 0.009861 0.045805
v 0.033319 0.010107 0.042426
v 0.033808 0.010255 0.038980
v 0.033971 0.010305 0.035500
v 0.033808 0.010255 0.032020
v 0.033319 0.010107 0.028574
v 0.032509 0.009861 0.025195
v 0.031385 0.009521 0.021915
v 0.029960 0.009088 0.018765
v 0.028246 0.008568 0.015777
v 0.026260 0.007966 0.012979
v 0.024021 0.007287 0.010398
v 0.021551 0.006537 0.008058
v 0.018873 0.005725 0.005983
v 0.016014 0.004858 0.004192
v 0.013000 0.003944 0.002702
v 0.009861 0.002991 0.001529
v 0.006627 0.002010 0.000682
v 0.003330 0.001010 0.000171
v 0.003413 0.000679 0.070829
v 0.006793 0.001351 0.070318
v 0.010107 0.002010 0.069471
v 0.013324 0.002650 0.068298
v 0.016413 0.003265 0.066808
v 0.019344 0.003848 0.065017
v 0.022088 0.004394 0.062942
v 0.024620 0.004897 0.060602
v 0.026915 0.005354 0.058021
v 0.028950 0.005759 0.055223
v 0.030707 0.006108 0.052235
v 0.032168 0.006399 0.049085
v 0.033319 0.006627 0.045805
v 0.034149 0.006793 0.042426
v 0.034650 0.006892 0.038980
v 0.034818 0.006926 0.035500
v 0.034650 0.006892 0.032020
v 0.034149 0.006793 0.028574
v 0.033319 0.006627 0.025195
v 0.032168 0.006399 0.021915
v 0.030707 0.006108 0.018765
v 0.028950 0.005759 0.015777
v 0.026915 0.005354 0.012979
v 0.024620 0.004897 0.010398
v 0.022088 0.004394 0.008058
v 0.019344 0.003848 0.005983
v 0.016413 0.003265 0.004192
v 0.013324 0.002650 0.002702
v 0.010107 0.002010 0.001529
v 0.006793 0.001351 0.000682
v 0.003413 0.000679 0.000171
v 0.003463 0.000341 0.070829
v 0.006892 0.000679 0.070318
v 0.010255 0.001010 0.069471
v 0.013520 0.001332 0.068298
v 0.016654 0.001640 0.066808
v 0.019628 0.001933 0.065017
v 0.022413 0.002207 0.062942
v 0.024981 0.002460 0.060602
v 0.027310 0.002690 0.058021
v 0.029375 0.002893 0.055223
v 0.031157 0.003069 0.052235
v 0.032640 0.003215 0.049085
v 0.033808 0.003330 0.045805
v 0.034650 0.003413 0.042426
v 0.035159 0.003463 0.038980
v 0.035329 0.003480 0.035500
v 0.035159 0.003463 0.032020
v 0.034650 0.003413 0.028574
v 0.033808 0.003330 0.025195
v 0.032640 0.003215 0.021915
v 0.031157 0.003069 0.018765
v 0.029375 0.002893 0.015777
v 0.027310 0.002690 0.012979
v 0.024981 0.002460 0.010398
v 0.022413 0.002207 0.008058
v 0.019628 0.001933 0.005983
v 0.016654 0.001640 0.004192
v 0.013520 0.001332 0.002702
v 0.010255 0.001010 0.001529
v 0.006892 0.000679 0.000682
v 0.003463 0.000341 0.000171
v 0.003480 0.000000 0.070829
v 0.006926 0.000000 0.070318
v 0.010305 -0.000000 0.069471
v 0.013585 -0.000000 0.068298
v 0.016735 -0.000000 0.066808
v 0.019723 0.000000 0.065017
v 0.022521 0.000000 0.062942
v 0.025102 -0.000000 0.060602
v 0.027442 0.000000 0.058021
v 0.029517 -0.000000 0.055223
v 0.031308 0.000000 0.052235
v 0.032798 -0.000000 0.049085
v 0.033971 0.000000 0.045805
v 0.034818 -0.000000 0.042426
v 0.035329 0.000000 0.038980
v 0.035500 -0.000000 0.035500
v 0.035329 0.000000 0.032020
v 0.034818 -0.000000 0.028574
v 0.033971 0.000000 0.025195
v 0.032798 -0.000000 0.021915
v 0.031308 0.000000 0.018765
v 0.029517 -0.000000 0.015777
v 0.027442 0.000000 0.012979
v 0.025102 -0.000000 0.010398
v 0.022521 0.000000 0.008058
v 0.019723 0.000000 0.005983
v 0.016735 -0.000000 0.004192
v 0.013585 -0.000000 0.002702
v 0.010305 -0.000000 0.001529
v 0.006926 0.000000 0.000682
v 0.003480 0.000000 0.000171
v 0.003463 -0.000341 0.070829
v 0.006892 -0.000679 0.070318
v 0.010255 -0.001010 0.069471
v 0.013520 -0.001332 0.068298
v 0.016654 -0.001640 0.066808
v 0.019628 -0.001933 0.065017
v 0.022413 -0.002207 0.062942
v 0.024981 -0.002460 0.060602
v 0.027310 -0.002690 0.058021
v 0.029375 -0.002893 0.055223
v 0.031157 -0.003069 0.052235
v 0.032640 -0.003215 0.049085
v 0.033808 -0.003330 0.045805
v 0.034650 -0.003413 0.042426
v 0.035159 -0.003463 0.038980
v 0.035329 -0.003480 0.035500
v 0.035159 -0.003463 0.032020
v 0.034650 -0.003413 0.028574
v 0.033808 -0.003330 0.025195
v 0.032640 -0.003215 0.021915
v 0.031157 -0.003069 0.018765
v 0.029375 -0.002893 0.015777
v 0.027310 -0.002690 0.012979
v 0.024981 -0.002460 0.010398
v 0.022413 -0.002207 0.008058
v 0.019628 -0.001933 0.005983
v 0.016654 -0.001640 0.004192
v 0.013520 -0.001332 0.002702
v 0.010255 -0.001010 0.001529
v 0.006892 -0.000679 0.000682
v 0.003463 -0.000341 0.000171
v 0.000000 0.000000 0.000000
v 0.003413 -0.000679 0.070829
v 0.006793 -0.001351 0.070318
v 0.010107 -0.002010 0.069471
v 0.013324 -0.002650 0.068298
v 0.016413 -0.003265 0.066808
v 0.019344 -0.003848 0.065017
v 0.022088 -0.004394 0.062942
v 0.024620 -0.004897 0.060602
v 0.026915 -0.005354 0.058021
v 0.028950 -0.005759 0.055223
v 0.030707 -0.006108 0.052235
v 0.032168 -0.006399 0.049085
v 0.033319 -0.006627 0.045805
v 0.034149 -0.006793 0.042426
v 0.034650 -0.006892 0.038980
v 0.034818 -0.006926 0.035500
v 0.034650 -0.006892 0.032020
v 0.034149 -0.006793 0.028574
v 0.033319 -0.006627 0.025195
v 0.032168 -0.006399 0.021915
v 0.030707 -0.006108 0.018765
v 0.028950 -0.005759 0.015777
v 0.026915 -0.005354 0.012979
v 0.024620 -0.004897 0.010398
v 0.022088 -0.004394 0.008058
v 0.019344 -0.003848 0.005983
v 0.016413 -0.003265 0.004192
v 0.013324 -0.002650 0.002702
v 0.010107 -0.002010 0.001529
v 0.006793 -0.001351 0.000682
v 0.003413 -0.000679 0.000171
v 0.003330 -0.001010 0.070829
v 0.006627 -0.002010 0.070318
v 0.009861 -0.002991 0.069471
v 0.013000 -0.003944 0.068298
v 0.016014 -0.004858 0.066808
v 0.018873 -0.005725 0.065017
v 0.021551 -0.006537 0.062942
v 0.024021 -0.007287 0.060602
v 0.026260 -0.007966 0.058021
v 0.028246 -0.008568 0.055223
v 0.029960 -0.009088 0.052235
v 0.031385 -0.009521 0.049085
v 0.032509 -0.009861 0.045805
v 0.033319 -0.010107 0.042426
v 0.033808 -0.010255 0.038980
v 0.033971 -0.010305 0.035500
v 0.033808 -0.010255 0.032020
v 0.033319 -0.010107 0.028574
v 0.032509 -0.009861 0.025195
v 0.031385 -0.009521 0.021915
v 0.029960 -0.009088 0.018765
v 0.028246 -0.008568 0.015777
v 0.026260 -0.007966 0.012979
v 0.024021 -0.007287 0.010398
v 0.021551 -0.006537 0.008058
v 0.018873 -0.005725 0.005983
v 0.016014 -0.004858 0.004192
v 0.013000 -0.003944 0.002702
v 0.009861 -0.002991 0.001529
v 0.006627 -0.002010 0.000682
v 0.003330 -0.001010 0.000171
v 0.003215 -0.001332 0.070829
v 0.006399 -0.002650 0.070318
v 0.009521 -0.003944 0.069471
v 0.012551 -0.005199 0.068298
v 0.015461 -0.006404 0.066808
v 0.018221 -0.007548 0.065017
v 0.020807 -0.008618 0.062942
v 0.023191 -0.009606 0.060602
v 0.025353 -0.010502 0.058021
v 0.027270 -0.011296 0.055223
v 0.028925 -0.011981 0.052235
v 0.030301 -0.012551 0.049085
v 0.031385 -0.013000 0.045805
v 0.032168 -0.013324 0.042426
v 0.032640 -0.013520 0.038980
v 0.032798 -0.013585 0.035500
v 0.032640 -0.013520 0.032020
v 0.032168 -0.013324 0.028574
v 0.031385 -0.013000 0.025195
v 0.030301 -0.012551 0.021915
v 0.028925 -0.011981 0.018765
v 0.027270 -0.011296 0.015777
v 0.025353 -0.010502 0.012979
v 0.023191 -0.009606 0.010398
v 0.020807 -0.008618 0.008058
v 0.018221 -0.007548 0.005983
v 0.015461 -0.006404 0.004192
v 0.012551 -0.005199 0.002702
v 0.009521 -0.003944 0.001529
v 0.006399 -0.002650 0.000682
v 0.003215 -0.001332 0.000171
v 0.003069 -0.001640 0.070829
v 0.006108 -0.003265 0.070318
v 0.009088 -0.004858 0.069471
v 0.011981 -0.006404 0.068298
v 0.014759 -0.007889 0.066808
v 0.017394 -0.009297 0.065017
v 0.019862 -0.010616 0.062942
v 0.022138 -0.011833 0.060602
v 0.024202 -0.012936 0.058021
v 0.026032 -0.013914 0.055223
v 0.027611 -0.014759 0.052235
v 0.028925 -0.015461 0.049085
v 0.029960 -0.016014 0.045805
v 0.030707 -0.016413 0.042426
v 0.031157 -0.016654 0.038980
v 0.031308 -0.016735 0.035500
v 0.031157 -0.016654 0.032020
v 0.030707 -0.016413 0.028574
v 0.029960 -0.016014 0.025195
v 0.028925 -0.015461 0.021915
v 0.027611 -0.014759 0.018765
v 0.026032 -0.013914 0.015777
v 0.024202 -0.012936 0.012979
v 0.022138 -0.011833 0.010398
v 0.019862 -0.010616 0.008058
v 0.017394 -0.009297 0.005983
v 0.014759 -0.007889 0.004192
v 0.011981 -0.006404 0.002702
v 0.009088 -0.004858 0.001529
v 0.006108 -0.003265 0.000682
v 0.003069 -0.001640 0.000171
v 0.002893 -0.001933 0.070829
v 0.005759 -0.003848 0.070318
v 0.008568 -0.005725 0.069471
v 0.011296 -0.007548 0.068298
v 0.013914 -0.009297 0.066808
v 0.016399 -0.010957 0.065017
v 0.018726 -0.012512 0.062942
v 0.020872 -0.013946 0.060602
v 0.022817 -0.015246 0.058021
v 0.024543 -0.016399 0.055223
v 0.026032 -0.017394 0.052235
v 0.027270 -0.018221 0.049085
v 0.028246 -0.018873 0.045805
v 0.028950 -0.019344 0.042426
v 0.029375 -0.019628 0.038980
v 0.029517 -0.019723 0.035500
v 0.029375 -0.019628 0.032020
v 0.028950 -0.019344 0.028574
v 0.028246 -0.018873 0.025195
v 0.027270 -0.018221 0.021915
v 0.026032 -0.017394 0.018765
v 0.024543 -0.016399 0.015777
v 0.022817 -0.015246 0.012979
v 0.020872 -0.013946 0.010398
v 0.018726 -0.012512 0.008058
v 0.016399 -0.010957 0.005983
v 0.013914 -0.009297 0.004192
v 0.011296 -0.007548 0.002702
v 0.008568 -0.005725 0.001529
v 0.005759 -0.003848 0.000682
v 0.002893 -0.001933 0.000171
v 0.002690 -0.002207 0.070829
v 0.005354 -0.004394 0.070318
v 0.007966 -0.006537 0.069471
v 0.010502 -0.008618 0.068298
v 0.012936 -0.010616 0.066808
v 0.015246 -0.012512 0.065017
v 0.017409 -0.014287 0.062942
v 0.019404 -0.015925 0.060602
v 0.021213 -0.017409 0.058021
v 0.022817 -0.018725 0.055223
v 0.024202 -0.019862 0.052235
v 0.025353 -0.020807 0.049085
v 0.026260 -0.021551 0.045805
v 0.026915 -0.022088 0.042426
v 0.027310 -0.022413 0.038980
v 0.027442 -0.022521 0.035500
v 0.027310 -0.022413 0.032020
v 0.026915 -0.022088 0.028574
v 0.026260 -0.021551 0.025195
v 0.025353 -0.020807 0.021915
v 0.024202 -0.019862 0.018765
v 0.022817 -0.018725 0.015777
v 0.021213 -0.017409 0.012979
v 0.019404 -0.015925 0.010398
v 0.017409 -0.014287 0.008058
v 0.015246 -0.012512 0.005983
v 0.012936 -0.010616 0.004192
v 0.010502 -0.008618 0.002702
v 0.007966 -0.006537 0.001529
v 0.005354 -0.004394 0.000682
v 0.002690 -0.002207 0.000171
v 0.002460 -0.002460 0.070829
v 0.004897 -0.004897 0.070318
v 0.007287 -0.007287 0.069471
v 0.009606 -0.009606 0.068298
v 0.011833 -0.011833 0.066808
v 0.013946 -0.013946 0.065017
v 0.015925 -0.015925 0.062942
v 0.017750 -0.017750 0.060602
v 0.019404 -0.019404 0.058021
v 0.020872 -0.020872 0.055223
v 0.022138 -0.022138 0.052235
v 0.023191 -0.023192 0.049085
v 0.024021 -0.024021 0.045805
v 0.024620 -0.024620 0.042426
v 0.024981 -0.024981 0.038980
v 0.025102 -0.025102 0.035500
v 0.024981 -0.024981 0.032020
v 0.024620 -0.024620 0.028574
v 0.024021 -0.024021 0.025195
v 0.023191 -0.023192 0.021915
v 0.022138 -0.022138 0.018765
v 0.020872 -0.020872 0.015777
v 0.019404 -0.019404 0.012979
v 0.017750 -0.017750 0.010398
v 0.015925 -0.015925 0.008058
v 0.013946 -0.013946 0.005983
v 0.011833 -0.011833 0.004192
v 0.009606 -0.009606 0.002702
v 0.007287 -0.007287 0.001529
v 0.004897 -0.004897 0.000682
v 0.002460 -0.002460 0.000171
v 0.002207 -0.002690 0.070829
v 0.004394 -0.005354 0.070318
v 0.006537 -0.007966 0.069471
v 0.008618 -0.010502 0.068298
v 0.010616 -0.012936 0.066808
v 0.012512 -0.015246 0.065017
v 0.014287 -0.017409 0.062942
v 0.015925 -0.019404 0.060602
v 0.017409 -0.021213 0.058021
v 0.018725 -0.022817 0.055223
v 0.019862 -0.024202 0.052235
v 0.020807 -0.025353 0.049085
v 0.021551 -0.026260 0.045805
v 0.022088 -0.026915 0.042426
v 0.022413 -0.027310 0.038980
v 0.022521 -0.027442 0.035500
v 0.022413 -0.027310 0.032020
v 0.022088 -0.026915 0.028574
v 0.021551 -0.026260 0.025195
v 0.020807 -0.025353 0.021915
v 0.019862 -0.024202 0.018765
v 0.018725 -0.022817 0.015777
v 0.017409 -0.021213 0.012979
v 0.015925 -0.019404 0.010398
v 0.014287 -0.017409 0.008058
v 0.012512 -0.015246 0.005983
v 0.010616 -0.012936 0.004192
v 0.008618 -0.010502 0.002702
v 0.006537 -0.007966 0.001529
v 0.004394 -0.005354 0.000682
v 0.002207 -0.002690 0.000171
v 0.001933 -0.002893 0.070829
v 0.003848 -0.005759 0.070318
v 0.005725 -0.008568 0.069471
v 0.007548 -0.011296 0.068298
v 0.009297 -0.013914 0.066808
v 0.010957 -0.016399 0.065017
v 0.012512 -0.018725 0.062942
v 0.013946 -0.020872 0.060602
v 0.015246 -0.022817 0.058021
v 0.016399 -0.024543 0.055223
v 0.017394 -0.026032 0.052235
v 0.018221 -0.027270 0.049085
v 0.018873 -0.028246 0.045805
v 0.019344 -0.028950 0.042426
v 0.019628 -0.029375 0.038980
v 0.019723 -0.029517 0.035500
v 0.019628 -0.029375 0.032020
v 0.019344 -0.028950 0.028574
v 0.018873 -0.028246 0.025195
v 0.018221 -0.027270 0.021915
v 0.017394 -0.026032 0.018765
v 0.016399 -0.024543 0.015777
v 0.015246 -0.022817 0.012979
v 0.013946 -0.020872 0.010398
v 0.012512 -0.018725 0.008058
v 0.010957 -0.016399 0.005983
v 0.009297 -0.013914 0.004192
v 0.007548 -0.011296 0.002702
v 0.005725 -0.008568 0.001529
v 0.003848 -0.005759 0.000682
v 0.001933 -0.002893 0.000171
v 0.001640 -0.003069 0.070829
v 0.003265 -0.006108 0.070318
v 0.004858 -0.009088 0.069471
v 0.006404 -0.011981 0.068298
v 0.007889 -0.014759 0.066808
v 0.009297 -0.017394 0.065017
v 0.010616 -0.019862 0.062942
v 0.011833 -0.022138 0.060602
v 0.012936 -0.024202 0.058021
v 0.013914 -0.026032 0.055223
v 0.014759 -0.027611 0.052235
v 0.015461 -0.028925 0.049085
v 0.016014 -0.029960 0.045805
v 0.016413 -0.030707 0.042426
v 0.016654 -0.031157 0.038980
v 0.016735 -0.031308 0.035500
v 0.016654 -0.031157 0.032020
v 0.016413 -0.030707 0.028574
v 0.016014 -0.029960 0.025195
v 0.015461 -0.028925 0.021915
v 0.014759 -0.027611 0.018765
v 0.013914 -0.026032 0.015777
v 0.012936 -0.024202 0.012979
v 0.011833 -0.022138 0.010398
v 0.010616 -0.019862 0.008058
v 0.009297 -0.017394 0.005983
v 0.007889 -0.014759 0.004192
v 0.006404 -0.011981 0.002702
v 0.004858 -0.009088 0.001529
v 0.003265 -0.006108 0.000682
v 0.001640 -0.003069 0.000171
v 0.001332 -0.003215 0.070829
v 0.002650 -0.006399 0.070318
v 0.003944 -0.009521 0.069471
v 0.005199 -0.012551 0.068298
v 0.006404 -0.015461 0.066808
v 0.007548 -0.018221 0.065017
v 0.008618 -0.020807 0.062942
v 0.009606 -0.023191 0.060602
v 0.010502 -0.025353 0.058021
v 0.011296 -0.027270 0.055223
v 0.011981 -0.028925 0.052235
v 0.012551 -0.030301 0.049085
v 0.013000 -0.031385 0.045805
v 0.013324 -0.032168 0.042426
v 0.013520 -0.032640 0.038980
v 0.013585 -0.032798 0.035500
v 0.013520 -0.032640 0.032020
v 0.013324 -0.032168 0.028574
v 0.013000 -0.031385 0.025195
v 0.012551 -0.030301 0.021915
v 0.011981 -0.028925 0.018765
v 0.011296 -0.027270 0.015777
v 0.010502 -0.025353 0.012979
v 0.009606 -0.023191 0.010398
v 0.008618 -0.020807 0.008058
v 0.007548 -0.018221 0.005983
v 0.006404 -0.015461 0.004192
v 0.005199 -0.012551 0.002702
v 0.003944 -0.009521 0.001529
v 0.002650 -0.006399 0.000682
v 0.001332 -0.003215 0.000171
v 0.001010 -0.003330 0.070829
v 0.002010 -0.006627 0.070318
v 0.002991 -0.009861 0.069471
v 0.003944 -0.013000 0.068298
v 0.004858 -0.016014 0.066808
v 0.005725 -0.018873 0.065017
v 0.006537 -0.021551 0.062942
v 0.007287 -0.024021 0.060602
v 0.007966 -0.026260 0.058021
v 0.008568 -0.028246 0.055223
v 0.009088 -0.029960 0.052235
v 0.009521 -0.031385 0.049085
v 0.009861 -0.032509 0.045805
v 0.010107 -0.033319 0.042426
v 0.010255 -0.033808 0.038980
v 0.010305 -0.033971 0.035500
v 0.010255 -0.033808 0.032020
v 0.010107 -0.033319 0.028574
v 0.009861 -0.032509 0.025195
v 0.009521 -0.031385 0.021915
v 0.009088 -0.029960 0.018765
v 0.008568 -0.028246 0.015777
v 0.007966 -0.026260 0.012979
v 0.007287 -0.024021 0.010398
v 0.006537 -0.021551 0.008058
v 0.005725 -0.018873 0.005983
v 0.004858 -0.016014 0.004192
v 0.003944 -0.013000 0.002702
v 0.002991 -0.009861 0.001529
v 0.002010 -0.006627 0.000682
v 0.001010 -0.003330 0.000171
v 0.000679 -0.003413 0.070829
v 0.001351 -0.006793 0.070318
v 0.002010 -0.010107 0.069471
v 0.002650 -0.013324 0.068298
v 0.003265 -0.016413 0.066808
v 0.003848 -0.019344 0.065017
v 0.004394 -0.022088 0.062942
v 0.004897 -0.024620 0.060602
v 0.005354 -0.026915 0.058021
v 0.005759 -0.028950 0.055223
v 0.006108 -0.030707 0.052235
v 0.006399 -0.032168 0.049085
v 0.006627 -0.033319 0.045805
v 0.006793 -0.034149 0.042426
v 0.006892 -0.034650 0.038980
v 0.006926 -0.034818 0.035500
v 0.006892 -0.034650 0.032020
v 0.006793 -0.034149 0.028574
v 0.006627 -0.033319 0.025195
v 0.006399 -0.032168 0.021915
v 0.006108 -0.030707 0.018765
v 0.005759 -0.028950 0.015777
v 0.005354 -0.026915 0.012979
v 0.004897 -0.024620 0.010398
v 0.004394 -0.022088 0.008058
v 0.003848 -0.019344 0.005983
v 0.003265 -0.016413 0.004192
v 0.002650 -0.013324 0.002702
v 0.002010 -0.010107 0.001529
v 0.001351 -0.006793 0.000682
v 0.000679 -0.003413 0.000171
v 0.000341 -0.003463 0.070829
v 0.000679 -0.006892 0.070318
v 0.001010 -0.010255 0.069471
v 0.001332 -0.013520 0.068298
v 0.001640 -0.016654 0.066808
v 0.001933 -0.019628 0.065017
v 0.002207 -0.022413 0.062942
v 0.002460 -0.024981 0.060602
v 0.002690 -0.027310 0.058021
v 0.002893 -0.029375 0.055223
v 0.003069 -0.031157 0.052235
v 0.003215 -0.032640 0.049085
v 0.003330 -0.033808 0.045805
v 0.003413 -0.034650 0.042426
v 0.003463 -0.035159 0.038980
v 0.003480 -0.035329 0.035500
v 0.003463 -0.035159 0.032020
v 0.003413 -0.034650 0.028574
v 0.003330 -0.033808 0.025195
v 0.003215 -0.032640 0.021915
v 0.003069 -0.031157 0.018765
v 0.002893 -0.029375 0.015777
v 0.002690 -0.027310 0.012979
v 0.002460 -0.024981 0.010398
v 0.002207 -0.022413 0.008058
v 0.001933 -0.019628 0.005983
v 0.001640 -0.016654 0.004192
v 0.001332 -0.013520 0.002702
v 0.001010 -0.010255 0.001529
v 0.000679 -0.006892 0.000682
v 0.000341 -0.003463 0.000171
v -0.000000 -0.003480 0.070829
v 0.000000 -0.006926 0.070318
v -0.000000 -0.010305 0.069471
v -0.000000 -0.013585 0.068298
v -0.000000 -0.016735 0.066808
v 0.000000 -0.019723 0.065017
v 0.000000 -0.022521 0.062942
v -0.000000 -0.025102 0.060602
v 0.000000 -0.027442 0.058021
v -0.000000 -0.029517 0.055223
v 0.000000 -0.031308 0.052235
v -0.000000 -0.032798 0.049085
v 0.000000 -0.033971 0.045805
v -0.000000 -0.034818 0.042426
v -0.000000 -0.035329 0.038980
v -0.000000 -0.035500 0.035500
v -0.000000 -0.035329 0.032020
v -0.000000 -0.034818 0.028574
v 0.000000 -0.033971 0.025195
v -0.000000 -0.032798 0.021915
v 0.000000 -0.031308 0.018765
v -0.000000 -0.029517 0.015777
v 0.000000 -0.027442 0.012979
v -0.000000 -0.025102 0.010398
v 0.000000 -0.022521 0.008058
v 0.000000 -0.019723 0.005983
v -0.000000 -0.016735 0.004192
v -0.000000 -0.013585 0.002702
v -0.000000 -0.010305 0.001529
v 0.000000 -0.006926 0.000682
v -0.000000 -0.003480 0.000171
v -0.000341 -0.003463 0.070829
v -0.000679 -0.006892 0.070318
v -0.001010 -0.010255 0.069471
v -0.001332 -0.013520 0.068298
v -0.001640 -0.016654 0.066808
v -0.001933 -0.019628 0.065017
v -0.002207 -0.022413 0.062942
v -0.002460 -0.024981 0.060602
v -0.002690 -0.027310 0.058021
v -0.002893 -0.029375 0.055223
v -0.003069 -0.031157 0.052235
v -0.003215 -0.032640 0.049085
v -0.003330 -0.033808 0.045805
v -0.003413 -0.034650 0.042426
v -0.003463 -0.035159 0.038980
v -0.003480 -0.035329 0.035500
v -0.003463 -0.035159 0.032020
v -0.003413 -0.034650 0.028574
v -0.003330 -0.033808 0.025195
v -0.003215 -0.032640 0.021915
v -0.003069 -0.031157 0.018765
v -0.002893 -0.029375 0.015777
v -0.002690 -0.027310 0.012979
v -0.002460 -0.024981 0.010398
v -0.002207 -0.022413 0.008058
v -0.001933 -0.019628 0.005983
v -0.001640 -0.016654 0.004192
v -0.001332 -0.013520 0.002702
v -0.001010 -0.010255 0.001529
v -0.000679 -0.006892 0.000682
v -0.000341 -0.003463 0.000171
v -0.000679 -0.003413 0.070829
v -0.001351 -0.006793 0.070318
v -0.002010 -0.010107 0.069471
v -0.002650 -0.013324 0.068298
v -0.003265 -0.016413 0.066808
v -0.003848 -0.019344 0.065017
v -0.004394 -0.022088 0.062942
v -0.004897 -0.024620 0.060602
v -0.005354 -0.026915 0.058021
v -0.005759 -0.028950 0.055223
v -0.006108 -0.030707 0.052235
v -0.006399 -0.032168 0.049085
v -0.006627 -0.033319 0.045805
v -0.006793 -0.034149 0.042426
v -0.006892 -0.034650 0.038980
v -0.006926 -0.034818 0.035500
v -0.006892 -0.034650 0.032020
v -0.006793 -0.034149 0.028574
v -0.006627 -0.033319 0.025195
v -0.006399 -0.032168 0.021915
v -0.006108 -0.030707 0.018765
v -0.005759 -0.028950 0.015777
v -0.005354 -0.026915 0.012979
v -0.004897 -0.024620 0.010398
v -0.004394 -0.022088 0.008058
v -0.003848 -0.019344 0.005983
v -0.003265 -0.016413 0.004192
v -0.002650 -0.013324 0.002702
v -0.002010 -0.010107 0.001529
v -0.001351 -0.006793 0.000682
v -0.000679 -0.003413 0.000171
v -0.001010 -0.003330 0.070829
v -0.002010 -0.006627 0.070318
v -0.002991 -0.009861 0.069471
v -0.003944 -0.013000 0.068298
v -0.004858 -0.016014 0.066808
v -0.005725 -0.018873 0.065017
v -0.006537 -0.021551 0.062942
v -0.007287 -0.024021 0.060602
v -0.007966 -0.026260 0.058021
v -0.008568 -0.028246 0.055223
v -0.009088 -0.029960 0.052235
v -0.009521 -0.031385 0.049085
v -0.009861 -0.032509 0.045805
v -0.010107 -0.033319 0.042426
v -0.010255 -0.033808 0.038980
v -0.010305 -0.033971 0.035500
v -0.010255 -0.033808 0.032020
v -0.010107 -0.033319 0.028574
v -0.009861 -0.032509 0.025195
v -0.009521 -0.031385 0.021915
v -0.009088 -0.029960 0.018765
v -0.008568 -0.028246 0.015777
v -0.007966 -0.026260 0.012979
v -0.007287 -0.024021 0.010398
v -0.006537 -0.021551 0.008058
v -0.005725 -0.018873 0.005983
v -0.004858 -0.016014 0.004192
v -0.003944 -0.013000 0.002702
v -0.002991 -0.009861 0.001529
v -0.002010 -0.006627 0.000682
v -0.001010 -0.003330 0.000171
v -0.001332 -0.003215 0.070829
v -0.002650 -0.006399 0.070318
v -0.003944 -0.009521 0.069471
v -0.005199 -0.012551 0.068298
v -0.006404 -0.015461 0.066808
v -0.007548 -0.018221 0.065017
v -0.008618 -0.020807 0.062942
v -0.009606 -0.023191 0.060602
v -0.010502 -0.025353 0.058021
v -0.011296 -0.027270 0.055223
v -0.011981 -0.028925 0.052235
v -0.012551 -0.030301 0.049085
v -0.013000 -0.031385 0.045805
v -0.013324 -0.032168 0.042426
v -0.013520 -0.032640 0.038980
v -0.013585 -0.032798 0.035500
v -0.013520 -0.032640 0.032020
v -0.013324 -0.032168 0.028574
v -0.013000 -0.031385 0.025195
v -0.012551 -0.030301 0.021915
v -0.011981 -0.028925 0.018765
v -0.011296 -0.027270 0.015777
v -0.010502 -0.025353 0.012979
v -0.009606 -0.023191 0.010398
v -0.008618 -0.020807 0.008058
v -0.007548 -0.018221 0.005983
v -0.006404 -0.015461 0.004192
v -0.005199 -0.012551 0.002702
v -0.003944 -0.009521 0.001529
v -0.002650 -0.006399 0.000682
v -0.001332 -0.003215 0.000171
v -0.001640 -0.003069 0.070829
v -0.003265 -0.006108 0.070318
v -0.004858 -0.009088 0.069471
v -0.006404 -0.011981 0.068298
v -0.007889 -0.014759 0.066808
v -0.009297 -0.017394 0.065017
v -0.010616 -0.019862 0.062942
v -0.011833 -0.022138 0.060602
v -0.012936 -0.024202 0.058021
v -0.013914 -0.026032 0.055223
v -0.014759 -0.027611 0.052235
v -0.015461 -0.028925 0.049085
v -0.016014 -0.029960 0.045805
v -0.016413 -0.030707 0.042426
v -0.016654 -0.031157 0.038980
v -0.016735 -0.031308 0.035500
v -0.016654 -0.031157 0.032020
v -0.016413 -0.030707 0.028574
v -0.016014 -0.029960 0.025195
v -0.015461 -0.028925 0.021915
v -0.014759 -0.027611 0.018765
v -0.013914 -0.026032 0.015777
v -0.012936 -0.024202 0.012979
v -0.011833 -0.022138 0.010398
v -0.010616 -0.019862 0.008058
v -0.009297 -0.017394 0.005983
v -0.007889 -0.014759 0.004192
v -0.006404 -0.011981 0.002702
v -0.004858 -0.009088 0.001529
v -0.003265 -0.006108 0.000682
v -0.001640 -0.003069 0.000171
v 0.000000 0.000000 0.071000
v -0.001933 -0.002893 0.070829
v -0.003848 -0.005759 0.070318
v -0.005725 -0.008568 0.069471
v -0.007548 -0.011296 0.068298
v -0.009297 -0.013914 0.066808
v -0.010957 -0.016399 0.065017
v -0.012512 -0.018726 0.062942
v -0.013946 -0.020872 0.060602
v -0.015246 -0.022817 0.058021
v -0.016399 -0.024543 0.055223
v -0.017394 -0.026032 0.052235
v -0.018221 -0.027270 0.049085
v -0.018873 -0.028246 0.045805
v -0.019344 -0.028950 0.042426
v -0.019628 -0.029375 0.038980
v -0.019723 -0.029517 0.035500
v -0.019628 -0.029375 0.032020
v -0.019344 -0.028950 0.028574
v -0.018873 -0.028246 0.025195
v -0.018221 -0.027270 0.021915
v -0.017394 -0.026032 0.018765
v -0.016399 -0.024543 0.015777
v -0.015246 -0.022817 0.012979
v -0.013946 -0.020872 0.010398
v -0.012512 -0.018726 0.008058
v -0.010957 -0.016399 0.005983
v -0.009297 -0.013914 0.004192
v -0.007548 -0.011296 0.002702
v -0.005725 -0.008568 0.001529
v -0.003848 -0.005759 0.000682
v -0.001933 -0.002893 0.000171
v -0.002207 -0.002690 0.070829
v -0.004394 -0.005354 0.070318
v -0.006537 -0.007966 0.069471
v -0.008618 -0.010502 0.068298
v -0.010616 -0.012936 0.066808
v -0.012512 -0.015246 0.065017
v -0.014287 -0.017409 0.062942
v -0.015925 -0.019404 0.060602
v -0.017409 -0.021213 0.058021
v -0.018725 -0.022817 0.055223
v -0.019862 -0.024202 0.052235
v -0.020807 -0.025353 0.049085
v -0.021551 -0.026260 0.045805
v -0.022088 -0.026915 0.042426
v -0.022412 -0.027310 0.038980
v -0.022521 -0.027442 0.035500
v -0.022412 -0.027310 0.032020
v -0.022088 -0.026915 0.028574
v -0.021551 -0.026260 0.025195
v -0.020807 -0.025353 0.021915
v -0.019862 -0.024202 0.018765
v -0.018725 -0.022817 0.015777
v -0.017409 -0.021213 0.012979
v -0.015925 -0.019404 0.010398
v -0.014287 -0.017409 0.008058
v -0.012512 -0.015246 0.005983
v -0.010616 -0.012936 0.004192
v -0.008618 -0.010502 0.002702
v -0.006537 -0.007966 0.001529
v -0.004394 -0.005354 0.000682
v -0.002207 -0.002690 0.000171
v -0.002460 -0.002460 0.070829
v -0.004897 -0.004897 0.070318
v -0.007287 -0.007287 0.069471
v -0.009606 -0.009606 0.068298
v -0.011833 -0.011833 0.066808
v -0.013946 -0.013946 0.065017
v -0.015925 -0.015925 0.062942
v -0.017750 -0.017750 0.060602
v -0.019404 -0.019404 0.058021
v -0.020872 -0.020872 0.055223
v -0.022138 -0.022138 0.052235
v -0.023192 -0.023192 0.049085
v -0.024021 -0.024021 0.045805
v -0.024620 -0.024620 0.042426
v -0.024981 -0.024981 0.038980
v -0.025102 -0.025102 0.035500
v -0.024981 -0.024981 0.032020
v -0.024620 -0.024620 0.028574
v -0.024021 -0.024021 0.025195
v -0.023192 -0.023192 0.021915
v -0.022138 -0.022138 0.018765
v -0.020872 -0.020872 0.015777
v -0.019404 -0.019404 0.012979
v -0.017750 -0.017750 0.010398
v -0.015925 -0.015925 0.008058
v -0.013946 -0.013946 0.005983
v -0.011833 -0.011833 0.004192
v -0.009606 -0.009606 0.002702
v -0.007287 -0.007287 0.001529
v -0.004897 -0.004897 0.000682
v -0.002460 -0.002460 0.000171
v -0.002690 -0.002207 0.070829
v -0.005354 -0.004394 0.070318
v -0.007966 -0.006537 0.069471
v -0.010502 -0.008618 0.068298
v -0.012936 -0.010616 0.066808
v -0.015246 -0.012512 0.065017
v -0.017409 -0.014287 0.062942
v -0.019404 -0.015925 0.060602
v -0.021213 -0.017409 0.058021
v -0.022817 -0.018725 0.055223
v -0.024202 -0.019862 0.052235
v -0.025353 -0.020807 0.049085
v -0.026260 -0.021551 0.045805
v -0.026915 -0.022088 0.042426
v -0.027310 -0.022412 0.038980
v -0.027442 -0.022521 0.035500
v -0.027310 -0.022412 0.032020
v -0.026915 -0.022088 0.028574
v -0.026260 -0.021551 0.025195
v -0.025353 -0.020807 0.021915
v -0.024202 -0.019862 0.018765
v -0.022817 -0.018725 0.015777
v -0.021213 -0.017409 0.012979
v -0.019404 -0.015925 0.010398
v -0.017409 -0.014287 0.008058
v -0.015246 -0.012512 0.005983
v -0.012936 -0.010616 0.004192
v -0.010502 -0.008618 0.002702
v -0.007966 -0.006537 0.001529
v -0.005354 -0.004394 0.000682
v -0.002690 -0.002207 0.000171
v -0.002893 -0.001933 0.070829
v -0.005759 -0.003848 0.070318
v -0.008568 -0.005725 0.069471
v -0.011296 -0.007548 0.068298
v -0.013914 -0.009297 0.066808
v -0.016399 -0.010957 0.065017
v -0.018725 -0.012512 0.062942
v -0.020872 -0.013946 0.060602
v -0.022817 -0.015246 0.058021
v -0.024543 -0.016399 0.055223
v -0.026032 -0.017394 0.052235
v -0.027270 -0.018221 0.049085
v -0.028246 -0.018873 0.045805
v -0.028950 -0.019344 0.042426
v -0.029375 -0.019628 0.038980
v -0.029517 -0.019723 0.035500
v -0.029375 -0.019628 0.032020
v -0.028950 -0.019344 0.028574
v -0.028246 -0.018873 0.025195
v -0.027270 -0.018221 0.021915
v -0.026032 -0.017394 0.018765
v -0.024543 -0.016399 0.015777
v -0.022817 -0.015246 0.012979
v -0.020872 -0.013946 0.010398
v -0.018725 -0.012512 0.008058
v -0.016399 -0.010957 0.005983
v -0.013914 -0.009297 0.004192
v -0.011296 -0.007548 0.002702
v -0.008568 -0.005725 0.001529
v -0.005759 -0.003848 0.000682
v -0.002893 -0.001933 0.000171
v -0.003069 -0.001640 0.070829
v -0.006108 -0.003265 0.070318
v -0.009088 -0.004858 0.069471
v -0.011981 -0.006404 0.068298
v -0.014759 -0.007889 0.066808
v -0.017394 -0.009297 0.065017
v -0.019862 -0.010616 0.062942
v -0.022138 -0.011833 0.060602
v -0.024202 -0.012936 0.058021
v -0.026032 -0.013914 0.055223
v -0.027611 -0.014759 0.052235
v -0.028925 -0.015461 0.049085
v -0.029960 -0.016014 0.045805
v -0.030707 -0.016413 0.042426
v -0.031157 -0.016654 0.038980
v -0.031308 -0.016735 0.035500
v -0.031157 -0.016654 0.032020
v -0.030707 -0.016413 0.028574
v -0.029960 -0.016014 0.025195
v -0.028925 -0.015461 0.021915
v -0.027611 -0.014759 0.018765
v -0.026032 -0.013914 0.015777
v -0.024202 -0.012936 0.012979
v -0.022138 -0.011833 0.010398
v -0.019862 -0.010616 0.008058
v -0.017394 -0.009297 0.005983
v -0.014759 -0.007889 0.004192
v -0.011981 -0.006404 0.002702
v -0.009088 -0.004858 0.001529
v -0.006108 -0.003265 0.000682
v -0.003069 -0.001640 0.000171
v -0.003215 -0.001332 0.070829
v -0.006399 -0.002650 0.070318
v -0.009521 -0.003944 0.069471
v -0.012551 -0.005199 0.068298
v -0.015461 -0.006404 0.066808
v -0.018221 -0.007548 0.065017
v -0.020807 -0.008618 0.062942
v -0.023191 -0.009606 0.060602
v -0.025353 -0.010502 0.058021
v -0.027270 -0.011296 0.055223
v -0.028925 -0.011981 0.052235
v -0.030301 -0.012551 0.049085
v -0.031385 -0.013000 0.045805
v -0.032168 -0.013324 0.042426
v -0.032640 -0.013520 0.038980
v -0.032798 -0.013585 0.035500
v -0.032640 -0.013520 0.032020
v -0.032168 -0.013324 0.028574
v -0.031385 -0.013000 0.025195
v -0.030301 -0.012551 0.021915
v -0.028925 -0.011981 0.018765
v -0.027270 -0.011296 0.015777
v -0.025353 -0.010502 0.012979
v -0.023191 -0.009606 0.010398
v -0.020807 -0.008618 0.008058
v -0.018221 -0.007548 0.005983
v -0.015461 -0.006404 0.004192
v -0.012551 -0.005199 0.002702
v -0.009521 -0.003944 0.001529
v -0.006399 -0.002650 0.000682
v -0.003215 -0.001332 0.000171
v -0.003330 -0.001010 0.070829
v -0.006627 -0.002010 0.070318
v -0.009861 -0.002991 0.069471
v -0.013000 -0.003944 0.068298
v -0.016014 -0.004858 0.066808
v -0.018873 -0.005725 0.065017
v -0.021551 -0.006537 0.062942
v -0.024021 -0.007287 0.060602
v -0.026260 -0.007966 0.058021
v -0.028246 -0.008568 0.055223
v -0.029960 -0.009088 0.052235
v -0.031385 -0.009521 0.049085
v -0.032509 -0.009861 0.045805
v -0.033319 -0.010107 0.042426
v -0.033808 -0.010255 0.038980
v -0.033971 -0.010305 0.035500
v -0.033808 -0.010255 0.032020
v -0.033319 -0.010107 0.028574
v -0.032509 -0.009861 0.025195
v -0.031385 -0.009521 0.021915
v -0.029960 -0.009088 0.018765
v -0.028246 -0.008568 0.015777
v -0.026260 -0.007966 0.012979
v -0.024021 -0.007287 0.010398
v -0.021551 -0.006537 0.008058
v -0.018873 -0.005725 0.005983
v -0.016014 -0.004858 0.004192
v -0.013000 -0.003944 0.002702
v -0.009861 -0.002991 0.001529
v -0.006627 -0.002010 0.000682
v -0.003330 -0.001010 0.000171
v -0.003413 -0.000679 0.070829
v -0.006793 -0.001351 0.070318
v -0.010107 -0.002010 0.069471
v -0.013324 -0.002650 0.068298
v -0.016413 -0.003265 0.066808
v -0.019344 -0.003848 0.065017
v -0.022088 -0.004394 0.062942
v -0.024620 -0.004897 0.060602
v -0.026915 -0.005354 0.058021
v -0.028950 -0.005759 0.055223
v -0.030707 -0.006108 0.052235
v -0.032168 -0.006399 0.049085
v -0.033319 -0.006627 0.045805
v -0.034149 -0.006793 0.042426
v -0.034650 -0.006892 0.038980
v -0.034818 -0.006926 0.035500
v -0.034650 -0.006892 0.032020
v -0.034149 -0.006793 0.028574
v -0.033319 -0.006627 0.025195
v -0.032168 -0.006399 0.021915
v -0.030707 -0.006108 0.018765
v -0.028950 -0.005759 0.015777
v -0.026915 -0.005354 0.012979
v -0.024620 -0.004897 0.010398
v -0.022088 -0.004394 0.008058
v -0.019344 -0.003848 0.005983
v -0.016413 -0.003265 0.004192
v -0.013324 -0.002650 0.002702
v -0.010107 -0.002010 0.001529
v -0.006793 -0.001351 0.000682
v -0.003413 -0.000679 0.000171
v -0.003463 -0.000341 0.070829
v -0.006892 -0.000679 0.070318
v -0.010255 -0.001010 0.069471
v -0.013520 -0.001332 0.068298
v -0.016654 -0.001640 0.066808
v -0.019628 -0.001933 0.065017
v -0.022413 -0.002207 0.062942
v -0.024981 -0.002460 0.060602
v -0.027310 -0.002690 0.058021
v -0.029375 -0.002893 0.055223
v -0.031157 -0.003069 0.052235
v -0.032640 -0.003215 0.049085
v -0.033808 -0.003330 0.045805
v -0.034650 -0.003413 0.042426
v -0.035159 -0.003463 0.038980
v -0.035329 -0.003480 0.035500
v -0.035159 -0.003463 0.032020
v -0.034650 -0.003413 0.028574
v -0.033808 -0.003330 0.025195
v -0.032640 -0.003215 0.021915
v -0.031157 -0.003069 0.018765
v -0.029375 -0.002893 0.015777
v -0.027310 -0.002690 0.012979
v -0.024981 -0.002460 0.010398
v -0.022413 -0.002207 0.008058
v -0.019628 -0.001933 0.005983
v -0.016654 -0.001640 0.004192
v -0.013520 -0.001332 0.002702
v -0.010255 -0.001010 0.001529
v -0.006892 -0.000679 0.000682
v -0.003463 -0.000341 0.000171
v -0.003480 0.000000 0.070829
v -0.006926 0.000000 0.070318
v -0.010305 0.000000 0.069471
v -0.013585 0.000000 0.068298
v -0.016735 0.000000 0.066808
v -0.019723 -0.000000 0.065017
v -0.022521 -0.000000 0.062942
v -0.025102 0.000000 0.060602
v -0.027442 -0.000000 0.058021
v -0.029517 0.000000 0.055223
v -0.031308 -0.000000 0.052235
v -0.032798 0.000000 0.049085
v -0.033971 -0.000000 0.045805
v -0.034818 0.000000 0.042426
v -0.035329 0.000000 0.038980
v -0.035500 0.000000 0.035500
v -0.035329 0.000000 0.032020
v -0.034818 0.000000 0.028574
v -0.033971 -0.000000 0.025195
v -0.032798 0.000000 0.021915
v -0.031308 -0.000000 0.018765
v -0.029517 0.000000 0.015777
v -0.027442 -0.000000 0.012979
v -0.025102 0.000000 0.010398
v -0.022521 -0.000000 0.008058
v -0.019723 -0.000000 0.005983
v -0.016735 0.000000 0.004192
v -0.013585 0.000000 0.002702
v -0.010305 0.000000 0.001529
v -0.006926 0.000000 0.000682
v -0.003480 0.000000 0.000171
v -0.003463 0.000341 0.070829
v -0.006892 0.000679 0.070318
v -0.010255 0.001010 0.069471
v -0.013520 0.001332 0.068298
v -0.016654 0.001640 0.066808
v -0.019628 0.001933 0.065017
v -0.022413 0.002207 0.062942
v -0.024981 0.002460 0.060602
v -0.027310 0.002690 0.058021
v -0.029375 0.002893 0.055223
v -0.031157 0.003069 0.052235
v -0.032640 0.003215 0.049085
v -0.033808 0.003330 0.045805
v -0.034650 0.003413 0.042426
v -0.035159 0.003463 0.038980
v -0.035329 0.003480 0.035500
v -0.035159 0.003463 0.032020
v -0.034650 0.003413 0.028574
v -0.033808 0.003330 0.025195
v -0.032640 0.003215 0.021915
v -0.031157 0.003069 0.018765
v -0.029375 0.002893 0.015777
v -0.027310 0.002690 0.012979
v -0.024981 0.002460 0.010398
v -0.022413 0.002207 0.008058
v -0.019628 0.001933 0.005983
v -0.016654 0.001640 0.004192
v -0.013520 0.001332 0.002702
v -0.010255 0.001010 0.001529
v -0.006892 0.000679 0.000682
v -0.003463 0.000341 0.000171
v -0.003413 0.000679 0.070829
v -0.006793 0.001351 0.070318
v -0.010107 0.002010 0.069471
v -0.013324 0.002650 0.068298
v -0.016413 0.003265 0.066808
v -0.019344 0.003848 0.065017
v -0.022088 0.004394 0.062942
v -0.024620 0.004897 0.060602
v -0.026915 0.005354 0.058021
v -0.028950 0.005759 0.055223
v -0.030707 0.006108 0.052235
v -0.032168 0.006399 0.049085
v -0.033319 0.006627 0.045805
v -0.034149 0.006793 0.042426
v -0.034650 0.006892 0.038980
v -0.034818 0.006926 0.035500
v -0.034650 0.006892 0.032020
v -0.034149 0.006793 0.028574
v -0.033319 0.006627 0.025195
v -0.032168 0.006399 0.021915
v -0.030707 0.006108 0.018765
v -0.028950 0.005759 0.015777
v -0.026915 0.005354 0.012979
v -0.024620 0.004897 0.010398
v -0.022088 0.004394 0.008058
v -0.019344 0.003848 0.005983
v -0.016413 0.003265 0.004192
v -0.013324 0.002650 0.002702
v -0.010107 0.002010 0.001529
v -0.006793 0.001351 0.000682
v -0.003413 0.000679 0.000171
v -0.003330 0.001010 0.070829
v -0.006627 0.002010 0.070318
v -0.009861 0.002991 0.069471
v -0.013000 0.003944 0.068298
v -0.016014 0.004858 0.066808
v -0.018873 0.005725 0.065017
v -0.021551 0.006537 0.062942
v -0.024021 0.007287 0.060602
v -0.026260 0.007966 0.058021
v -0.028246 0.008568 0.055223
v -0.029960 0.009088 0.052235
v -0.031385 0.009521 0.049085
v -0.032509 0.009861 0.045805
v -0.033319 0.010107 0.042426
v -0.033808 0.010255 0.038980
v -0.033971 0.010305 0.035500
v -0.033808 0.010255 0.032020
v -0.033319 0.010107 0.028574
v -0.032509 0.009861 0.025195
v -0.031385 0.009521 0.021915
v -0.029960 0.009088 0.018765
v -0.028246 0.008568 0.015777
v -0.026260 0.007966 0.012979
v -0.024021 0.007287 0.010398
v -0.021551 0.006537 0.008058
v -0.018873 0.005725 0.005983
v -0.016014 0.004858 0.004192
v -0.013000 0.003944 0.002702
v -0.009861 0.002991 0.001529
v -0.006627 0.002010 0.000682
v -0.003330 0.001010 0.000171
v -0.003215 0.001332 0.070829
v -0.006399 0.002650 0.070318
v -0.009521 0.003944 0.069471
v -0.012551 0.005199 0.068298
v -0.015461 0.006404 0.066808
v -0.018221 0.007548 0.065017
v -0.020807 0.008618 0.062942
v -0.023191 0.009606 0.060602
v -0.025353 0.010502 0.058021
v -0.027270 0.011296 0.055223
v -0.028925 0.011981 0.052235
v -0.030301 0.012551 0.049085
v -0.031385 0.013000 0.045805
v -0.032168 0.013324 0.042426
v -0.032640 0.013520 0.038980
v -0.032798 0.013585 0.035500
v -0.032640 0.013520 0.032020
v -0.032168 0.013324 0.028574
v -0.031385 0.013000 0.025195
v -0.030301 0.012551 0.021915
v -0.028925 0.011981 0.018765
v -0.027270 0.011296 0.015777
v -0.025353 0.010502 0.012979
v -0.023191 0.009606 0.010398
v -0.020807 0.008618 0.008058
v -0.018221 0.007548 0.005983
v -0.015461 0.006404 0.004192
v -0.012551 0.005199 0.002702
v -0.009521 0.003944 0.001529
v -0.006399 0.002650 0.000682
v -0.003215 0.001332 0.000171
v -0.003069 0.001640 0.070829
v -0.006108 0.003265 0.070318
v -0.009088 0.004858 0.069471
v -0.011981 0.006404 0.068298
v -0.014759 0.007889 0.066808
v -0.017394 0.009297 0.065017
v -0.019862 0.010616 0.062942
v -0.022138 0.011833 0.060602
v -0.024202 0.012936 0.058021
v -0.026032 0.013914 0.055223
v -0.027611 0.014759 0.052235
v -0.028925 0.015461 0.049085
v -0.029960 0.016014 0.045805
v -0.030707 0.016413 0.042426
v -0.031157 0.016654 0.038980
v -0.031308 0.016735 0.035500
v -0.031157 0.016654 0.032020
v -0.030707 0.016413 0.028574
v -0.029960 0.016014 0.025195
v -0.028925 0.015461 0.021915
v -0.027611 0.014759 0.018765
v -0.026032 0.013914 0.015777
v -0.024202 0.012936 0.012979
v -0.022138 0.011833 0.010398
v -0.019862 0.010616 0.008058
v -0.017394 0.009297 0.005983
v -0.014759 0.007889 0.004192
v -0.011981 0.006404 0.002702
v -0.009088 0.004858 0.001529
v -0.006108 0.003265 0.000682
v -0.003069 0.001640 0.000171
v -0.002893 0.001933 0.070829
v -0.005759 0.003848 0.070318
v -0.008568 0.005725 0.069471
v -0.011296 0.007548 0.068298
v -0.013914 0.009297 0.066808
v -0.016399 0.010957 0.065017
v -0.018726 0.012512 0.062942
v -0.020872 0.013946 0.060602
v -0.022817 0.015246 0.058021
v -0.024543 0.016399 0.055223
v -0.026032 0.017394 0.052235
v -0.027270 0.018221 0.049085
v -0.028246 0.018873 0.045805
v -0.028950 0.019344 0.042426
v -0.029375 0.019628 0.038980
v -0.029517 0.019723 0.035500
v -0.029375 0.019628 0.032020
v -0.028950 0.019344 0.028574
v -0.028246 0.018873 0.025195
v -0.027270 0.018221 0.021915
v -0.026032 0.017394 0.018765
v -0.024543 0.016399 0.015777
v -0.022817 0.015246 0.012979
v -0.020872 0.013946 0.010398
v -0.018726 0.012512 0.008058
v -0.016399 0.010957 0.005983
v -0.013914 0.009297 0.004192
v -0.011296 0.007548 0.002702
v -0.008568 0.005725 0.001529
v -0.005759 0.003848 0.000682
v -0.002893 0.001933 0.000171
v -0.002690 0.002207 0.070829
v -0.005354 0.004394 0.070318
v -0.007966 0.006537 0.069471
v -0.010502 0.008618 0.068298
v -0.012936 0.010616 0.066808
v -0.015246 0.012512 0.065017
v -0.017409 0.014287 0.062942
v -0.019404 0.015925 0.060602
v -0.021213 0.017409 0.058021
v -0.022817 0.018725 0.055223
v -0.024202 0.019862 0.052235
v -0.025353 0.020807 0.049085
v -0.026260 0.021551 0.045805
v -0.026915 0.022088 0.042426
v -0.027310 0.022412 0.038980
v -0.027442 0.022521 0.035500
v -0.027310 0.022412 0.032020
v -0.026915 0.022088 0.028574
v -0.026260 0.021551 0.025195
v -0.025353 0.020807 0.021915
v -0.024202 0.019862 0.018765
v -0.022817 0.018725 0.015777
v -0.021213 0.017409 0.012979
v -0.019404 0.015925 0.010398
v -0.017409 0.014287 0.008058
v -0.015246 0.012512 0.005983
v -0.012936 0.010616 0.004192
v -0.010502 0.008618 0.002702
v -0.007966 0.006537 0.001529
v -0.005354 0.004394 0.000682
v -0.002690 0.002207 0.000171
v -0.002460 0.002460 0.070829
v -0.004897 0.004897 0.070318
v -0.007287 0.007287 0.069471
v -0.009606 0.009606 0.068298
v -0.011833 0.011833 0.066808
v -0.013946 0.013946 0.065017
v -0.015925 0.015925 0.062942
v -0.017750 0.017750 0.060602
v -0.019404 0.019404 0.058021
v -0.020872 0.020872 0.055223
v -0.022138 0.022138 0.052235
v -0.023192 0.023192 0.049085
v -0.024021 0.024021 0.045805
v -0.024620 0.024620 0.042426
v -0.024981 0.024981 0.038980
v -0.025102 0.025102 0.035500
v -0.024981 0.024981 0.032020
v -0.024620 0.024620 0.028574
v -0.024021 0.024021 0.025195
v -0.023192 0.023192 0.021915
v -0.022138 0.022138 0.018765
v -0.020872 0.020872 0.015777
v -0.019404 0.019404 0.012979
v -0.017750 0.017750 0.010398
v -0.015925 0.015925 0.008058
v -0.013946 0.013946 0.005983
v -0.011833 0.011833 0.004192
v -0.009606 0.009606 0.002702
v -0.007287 0.007287 0.001529
v -0.004897 0.004897 0.000682
v -0.002460 0.002460 0.000171
v -0.002207 0.002690 0.070829
v -0.004394 0.005354 0.070318
v -0.006537 0.007966 0.069471
v -0.008618 0.010502 0.068298
v -0.010616 0.012936 0.066808
v -0.012512 0.015246 0.065017
v -0.014287 0.017409 0.062942
v -0.015925 0.019404 0.060602
v -0.017409 0.021213 0.058021
v -0.018725 0.022817 0.055223
v -0.019862 0.024202 0.052235
v -0.020807 0.025353 0.049085
v -0.021551 0.026260 0.045805
v -0.022088 0.026915 0.042426
v -0.022412 0.027310 0.038980
v -0.022521 0.027442 0.035500
v -0.022412 0.027310 0.032020
v -0.022088 0.026915 0.028574
v -0.021551 0.026260 0.025195
v -0.020807 0.025353 0.021915
v -0.019862 0.024202 0.018765
v -0.018725 0.022817 0.015777
v -0.017409 0.021213 0.012979
v -0.015925 0.019404 0.010398
v -0.014287 0.017409 0.008058
v -0.012512 0.015246 0.005983
v -0.010616 0.012936 0.004192
v -0.008618 0.010502 0.002702
v -0.006537 0.007966 0.001529
v -0.004394 0.005354 0.000682
v -0.002207 0.002690 0.000171
v -0.001933 0.002893 0.070829
v -0.003848 0.005759 0.070318
v -0.005725 0.008568 0.069471
v -0.007548 0.011296 0.068298
v -0.009297 0.013914 0.066808
v -0.010957 0.016399 0.065017
v -0.012512 0.018725 0.062942
v -0.013946 0.020872 0.060602
v -0.015246 0.022817 0.058021
v -0.016399 0.024543 0.055223
v -0.017394 0.026032 0.052235
v -0.018221 0.027270 0.049085
v -0.018873 0.028246 0.045805
v -0.019344 0.028950 0.042426
v -0.019628 0.029375 0.038980
v -0.019723 0.029517 0.035500
v -0.019628 0.029375 0.032020
v -0.019344 0.028950 0.028574
v -0.018873 0.028246 0.025195
v -0.018221 0.027270 0.021915
v -0.017394 0.026032 0.018765
v -0.016399 0.024543 0.015777
v -0.015246 0.022817 0.012979
v -0.013946 0.020872 0.010398
v -0.012512 0.018725 0.008058
v -0.010957 0.016399 0.005983
v -0.009297 0.013914 0.004192
v -0.007548 0.011296 0.002702
v -0.005725 0.008568 0.001529
v -0.003848 0.005759 0.000682
v -0.001933 0.002893 0.000171
v -0.001640 0.003069 0.070829
v -0.003265 0.006108 0.070318
v -0.004858 0.009088 0.069471
v -0.006404 0.011981 0.068298
v -0.007889 0.014759 0.066808
v -0.009297 0.017394 0.065017
v -0.010616 0.019862 0.062942
v -0.011833 0.022138 0.060602
v -0.012936 0.024202 0.058021
v -0.013914 0.026032 0.055223
v -0.014759 0.027611 0.052235
v -0.015461 0.028925 0.049085
v -0.016014 0.029960 0.045805
v -0.016413 0.030707 0.042426
v -0.016654 0.031157 0.038980
v -0.016735 0.031308 0.035500
v -0.016654 0.031157 0.032020
v -0.016413 0.030707 0.028574
v -0.016014 0.029960 0.025195
v -0.015461 0.028925 0.021915
v -0.014759 0.027611 0.018765
v -0.013914 0.026032 0.015777
v -0.012936 0.024202 0.012979
v -0.011833 0.022138 0.010398
v -0.010616 0.019862 0.008058
v -0.009297 0.017394 0.005983
v -0.007889 0.014759 0.004192
v -0.006404 0.011981 0.002702
v -0.004858 0.009088 0.001529
v -0.003265 0.006108 0.000682
v -0.001640 0.003069 0.000171
v -0.001332 0.003215 0.070829
v -0.002650 0.006399 0.070318
v -0.003944 0.009521 0.069471
v -0.005199 0.012551 0.068298
v -0.006404 0.015461 0.066808
v -0.007548 0.018221 0.065017
v -0.008618 0.020807 0.062942
v -0.009606 0.023191 0.060602
v -0.010502 0.025353 0.058021
v -0.011296 0.027270 0.055223
v -0.011981 0.028925 0.052235
v -0.012551 0.030301 0.049085
v -0.013000 0.031385 0.045805
v -0.013324 0.032168 0.042426
v -0.013520 0.032640 0.038980
v -0.013585 0.032798 0.035500
v -0.013520 0.032640 0.032020
v -0.013324 0.032168 0.028574
v -0.013000 0.031385 0.025195
v -0.012551 0.030301 0.021915
v -0.011981 0.028925 0.018765
v -0.011296 0.027270 0.015777
v -0.010502 0.025353 0.012979
v -0.009606 0.023191 0.010398
v -0.008618 0.020807 0.008058
v -0.007548 0.018221 0.005983
v -0.006404 0.015461 0.004192
v -0.005199 0.012551 0.002702
v -0.003944 0.009521 0.001529
v -0.002650 0.006399 0.000682
v -0.001332 0.003215 0.000171
v -0.001010 0.003330 0.070829
v -0.002010 0.006627 0.070318
v -0.002991 0.009861 0.069471
v -0.003944 0.013000 0.068298
v -0.004858 0.016014 0.066808
v -0.005725 0.018874 0.065017
v -0.006537 0.021551 0.062942
v -0.007287 0.024021 0.060602
v -0.007966 0.026260 0.058021
v -0.008568 0.028246 0.055223
v -0.009088 0.029960 0.052235
v -0.009521 0.031385 0.049085
v -0.009861 0.032509 0.045805
v -0.010107 0.033319 0.042426
v -0.010255 0.033808 0.038980
v -0.010305 0.033971 0.035500
v -0.010255 0.033808 0.032020
v -0.010107 0.033319 0.028574
v -0.009861 0.032509 0.025195
v -0.009521 0.031385 0.021915
v -0.009088 0.029960 0.018765
v -0.008568 0.028246 0.015777
v -0.007966 0.026260 0.012979
v -0.007287 0.024021 0.010398
v -0.006537 0.021551 0.008058
v -0.005725 0.018874 0.005983
v -0.004858 0.016014 0.004192
v -0.003944 0.013000 0.002702
v -0.002991 0.009861 0.001529
v -0.002010 0.006627 0.000682
v -0.001010 0.003330 0.000171
v -0.000679 0.003413 0.070829
v -0.001351 0.006793 0.070318
v -0.002010 0.010107 0.069471
v -0.002650 0.013324 0.068298
v -0.003265 0.016413 0.066808
v -0.003848 0.019344 0.065017
v -0.004394 0.022088 0.062942
v -0.004897 0.024620 0.060602
v -0.005354 0.026915 0.058021
v -0.005759 0.028950 0.055223
v -0.006108 0.030707 0.052235
v -0.006399 0.032168 0.049085
v -0.006627 0.033319 0.045805
v -0.006793 0.034149 0.042426
v -0.006892 0.034650 0.038980
v -0.006926 0.034818 0.035500
v -0.006892 0.034650 0.032020
v -0.006793 0.034149 0.028574
v -0.006627 0.033319 0.025195
v -0.006399 0.032168 0.021915
v -0.006108 0.030707 0.018765
v -0.005759 0.028950 0.015777
v -0.005354 0.026915 0.012979
v -0.004897 0.024620 0.010398
v -0.004394 0.022088 0.008058
v -0.003848 0.019344 0.005983
v -0.003265 0.016413 0.004192
v -0.002650 0.013324 0.002702
v -0.002010 0.010107 0.001529
v -0.001351 0.006793 0.000682
v -0.000679 0.003413 0.000171
v -0.000341 0.003463 0.070829
v -0.000679 0.006892 0.070318
v -0.001010 0.010255 0.069471
v -0.001332 0.013520 0.068298
v -0.001640 0.016654 0.066808
v -0.001933 0.019628 0.065017
v -0.002207 0.022413 0.062942
v -0.002460 0.024981 0.060602
v -0.002690 0.027310 0.058021
v -0.002893 0.029375 0.055223
v -0.003069 0.031157 0.052235
v -0.003215 0.032640 0.049085
v -0.003330 0.033808 0.045805
v -0.003413 0.034650 0.042426
v -0.003463 0.035159 0.038980
v -0.003480 0.035329 0.035500
v -0.003463 0.035159 0.032020
v -0.003413 0.034650 0.028574
v -0.003330 0.033808 0.025195
v -0.003215 0.032640 0.021915
v -0.003069 0.031157 0.018765
v -0.002893 0.029375 0.015777
v -0.002690 0.027310 0.012979
v -0.002460 0.024981 0.010398
v -0.002207 0.022413 0.008058
v -0.001933 0.019628 0.005983
v -0.001640 0.016654 0.004192
v -0.001332 0.013520 0.002702
v -0.001010 0.010255 0.001529
v -0.000679 0.006892 0.000682
v -0.000341 0.003463 0.000171
v 0.000000 0.006926 0.070318
v 0.000000 0.013585 0.068298
v 0.000000 0.016735 0.066808
v -0.000000 0.019723 0.065017
v -0.000000 0.022521 0.062942
v 0.000000 0.025102 0.060602
v -0.000000 0.027442 0.058021
v -0.000000 0.031308 0.052235
v -0.000000 0.033971 0.045805
v 0.000000 0.034818 0.028574
v -0.000000 0.033971 0.025195
v -0.000000 0.031308 0.018765
v 0.000000 0.029517 0.015777
v -0.000000 0.027442 0.012979
v -0.000000 0.022521 0.008058
v -0.000000 0.019723 0.005983
v 0.000000 0.016735 0.004192
v 0.000000 0.013585 0.002702
v 0.000000 0.006926 0.000682
vn -0.0000 0.0995 0.9950
vn -0.0000 0.2917 0.9565
vn -0.0000 0.8319 0.5549
vn -0.0000 0.9241 0.3821
vn -0.0000 0.9808 0.1948
vn -0.0000 0.9952 0.0979
vn -0.0000 1.0000 -0.0000
vn -0.0000 0.9952 -0.0979
vn -0.0000 0.9241 -0.3821
vn -0.0000 0.7079 -0.7063
vn -0.0000 0.2917 -0.9565
vn -0.0000 0.0995 -0.9950
vn 0.0097 0.0991 0.9950
vn 0.0193 0.1956 0.9805
vn 0.0286 0.2903 0.9565
vn 0.0376 0.3821 0.9233
vn 0.0463 0.4703 0.8813
vn 0.0546 0.5539 0.8308
vn 0.0623 0.6322 0.7723
vn 0.0694 0.7045 0.7063
vn 0.0758 0.7699 0.6336
vn 0.0815 0.8279 0.5549
vn 0.0865 0.8780 0.4708
vn 0.0906 0.9197 0.3821
vn 0.0938 0.9525 0.2899
vn 0.0961 0.9761 0.1948
vn 0.0975 0.9904 0.0979
vn 0.0980 0.9952 -0.0000
vn 0.0975 0.9904 -0.0979
vn 0.0961 0.9761 -0.1948
vn 0.0938 0.9525 -0.2899
vn 0.0906 0.9197 -0.3821
vn 0.0865 0.8780 -0.4708
vn 0.0815 0.8279 -0.5549
vn 0.0758 0.7699 -0.6336
vn 0.0694 0.7045 -0.7063
vn 0.0623 0.6322 -0.7723
vn 0.0546 0.5539 -0.8308
vn 0.0463 0.4703 -0.8813
vn 0.0376 0.3821 -0.9233
vn 0.0286 0.2903 -0.9565
vn 0.0193 0.1956 -0.9805
vn 0.0098 0.0991 -0.9950
vn 0.0194 0.0976 0.9950
vn 0.0383 0.1928 0.9805
vn 0.0569 0.2861 0.9565
vn 0.0749 0.3766 0.9233
vn 0.0922 0.4635 0.8813
vn 0.1086 0.5459 0.8308
vn 0.1239 0.6231 0.7723
vn 0.1381 0.6943 0.7063
vn 0.1509 0.7588 0.6336
vn 0.1623 0.8160 0.5549
vn 0.1721 0.8653 0.4708
vn 0.1803 0.9063 0.3821
vn 0.1867 0.9387 0.2899
vn 0.1914 0.9620 0.1948
vn 0.1942 0.9761 0.0979
vn 0.1951 0.9808 -0.0000
vn 0.1942 0.9761 -0.0979
vn 0.1914 0.9620 -0.1948
vn 0.1867 0.9387 -0.2899
vn 0.1803 0.9063 -0.3821
vn 0.1721 0.8653 -0.4708
vn 0.1623 0.8160 -0.5549
vn 0.1509 0.7588 -0.6336
vn 0.1381 0.6943 -0.7063
vn 0.1239 0.6231 -0.7723
vn 0.1086 0.5459 -0.8308
vn 0.0922 0.4635 -0.8813
vn 0.0749 0.3766 -0.9233
vn 0.0569 0.2861 -0.9565
vn 0.0383 0.1928 -0.9805
vn 0.0194 0.0976 -0.9950
vn 0.0289 0.0952 0.9950
vn 0.0571 0.1881 0.9805
vn 0.0847 0.2791 0.9565
vn 0.1115 0.3675 0.9233
vn 0.1372 0.4522 0.8813
vn 0.1616 0.5327 0.8308
vn 0.1844 0.6080 0.7723
vn 0.2055 0.6774 0.7063
vn 0.2246 0.7403 0.6336
vn 0.2415 0.7961 0.5549
vn 0.2561 0.8443 0.4708
vn 0.2683 0.8843 0.3821
vn 0.2778 0.9159 0.2899
vn 0.2847 0.9386 0.1948
vn 0.2889 0.9523 0.0979
vn 0.2903 0.9569 -0.0000
vn 0.2889 0.9523 -0.0979
vn 0.2847 0.9386 -0.1948
vn 0.2778 0.9159 -0.2899
vn 0.2683 0.8843 -0.3821
vn 0.2561 0.8443 -0.4708
vn 0.2415 0.7961 -0.5549
vn 0.2246 0.7403 -0.6336
vn 0.2055 0.6774 -0.7063
vn 0.1844 0.6080 -0.7723
vn 0.1616 0.5327 -0.8308
vn 0.1372 0.4522 -0.8813
vn 0.1115 0.3675 -0.9233
vn 0.0847 0.2791 -0.9565
vn 0.0571 0.1881 -0.9805
vn 0.0289 0.0952 -0.9950
vn 0.0381 0.0920 0.9950
vn 0.0752 0.1816 0.9805
vn 0.1116 0.2695 0.9565
vn 0.1469 0.3548 0.9233
vn 0.1809 0.4366 0.8813
vn 0.2130 0.5143 0.8308
vn 0.2431 0.5869 0.7723
vn 0.2709 0.6540 0.7063
vn 0.2961 0.7147 0.6336
vn 0.3184 0.7686 0.5549
vn 0.3376 0.8151 0.4708
vn 0.3536 0.8538 0.3821
vn 0.3663 0.8842 0.2899
vn 0.3754 0.9062 0.1948
vn 0.3808 0.9194 0.0979
vn 0.3827 0.9239 -0.0000
vn 0.3808 0.9194 -0.0979
vn 0.3754 0.9062 -0.1948
vn 0.3663 0.8842 -0.2899
vn 0.3536 0.8538 -0.3821
vn 0.3376 0.8151 -0.4708
vn 0.3184 0.7686 -0.5549
vn 0.2961 0.7147 -0.6336
vn 0.2709 0.6540 -0.7063
vn 0.2431 0.5869 -0.7723
vn 0.2130 0.5143 -0.8308
vn 0.1809 0.4366 -0.8813
vn 0.1469 0.3548 -0.9233
vn 0.1116 0.2695 -0.9565
vn 0.0752 0.1816 -0.9805
vn 0.0381 0.0920 -0.9950
vn 0.0469 0.0878 0.9950
vn 0.0927 0.1734 0.9805
vn 0.1375 0.2572 0.9565
vn 0.1810 0.3386 0.9233
vn 0.2228 0.4168 0.8813
vn 0.2624 0.4909 0.8308
vn 0.2995 0.5603 0.7723
vn 0.3337 0.6243 0.7063
vn 0.3647 0.6823 0.6336
vn 0.3922 0.7337 0.5549
vn 0.4159 0.7781 0.4708
vn 0.4356 0.8150 0.3821
vn 0.4512 0.8441 0.2899
vn 0.4624 0.8650 0.1948
vn 0.4691 0.8777 0.0979
vn 0.4714 0.8819 -0.0000
vn 0.4691 0.8777 -0.0979
vn 0.4624 0.8650 -0.1948
vn 0.4512 0.8441 -0.2899
vn 0.4356 0.8150 -0.3821
vn 0.4159 0.7781 -0.4708
vn 0.3922 0.7337 -0.5549
vn 0.3647 0.6823 -0.6336
vn 0.3337 0.6243 -0.7063
vn 0.2995 0.5603 -0.7723
vn 0.2624 0.4909 -0.8308
vn 0.2228 0.4168 -0.8813
vn 0.1810 0.3386 -0.9233
vn 0.1375 0.2572 -0.9565
vn 0.0927 0.1734 -0.9805
vn 0.0469 0.0878 -0.9950
vn 0.0553 0.0828 0.9950
vn 0.1092 0.1634 0.9805
vn 0.1621 0.2425 0.9565
vn 0.2133 0.3193 0.9233
vn 0.2626 0.3929 0.8813
vn 0.3092 0.4628 0.8308
vn 0.3530 0.5282 0.7723
vn 0.3933 0.5886 0.7063
vn 0.4298 0.6432 0.6336
vn 0.4622 0.6917 0.5549
vn 0.4902 0.7336 0.4708
vn 0.5134 0.7684 0.3821
vn 0.5317 0.7958 0.2899
vn 0.5449 0.8155 0.1948
vn 0.5529 0.8275 0.0979
vn 0.5556 0.8315 -0.0000
vn 0.5529 0.8275 -0.0979
vn 0.5449 0.8155 -0.1948
vn 0.5317 0.7958 -0.2899
vn 0.5134 0.7684 -0.3821
vn 0.4902 0.7336 -0.4708
vn 0.4622 0.6917 -0.5549
vn 0.4298 0.6432 -0.6336
vn 0.3933 0.5886 -0.7063
vn 0.3530 0.5282 -0.7723
vn 0.3092 0.4628 -0.8308
vn 0.2626 0.3929 -0.8813
vn 0.2133 0.3193 -0.9233
vn 0.1621 0.2425 -0.9565
vn 0.1092 0.1634 -0.9805
vn 0.0553 0.0828 -0.9950
vn 0.0631 0.0769 0.9950
vn 0.1247 0.1519 0.9805
vn 0.1850 0.2255 0.9565
vn 0.2436 0.2968 0.9233
vn 0.2998 0.3653 0.8813
vn 0.3531 0.4303 0.8308
vn 0.4030 0.4911 0.7723
vn 0.4491 0.5472 0.7063
vn 0.4908 0.5980 0.6336
vn 0.5278 0.6431 0.5549
vn 0.5597 0.6820 0.4708
vn 0.5862 0.7143 0.3821
vn 0.6072 0.7398 0.2899
vn 0.6222 0.7582 0.1948
vn 0.6313 0.7693 0.0979
vn 0.6344 0.7730 -0.0000
vn 0.6313 0.7693 -0.0979
vn 0.6222 0.7582 -0.1948
vn 0.6072 0.7398 -0.2899
vn 0.5862 0.7143 -0.3821
vn 0.5597 0.6820 -0.4708
vn 0.5278 0.6431 -0.5549
vn 0.4908 0.5980 -0.6336
vn 0.4491 0.5472 -0.7063
vn 0.4030 0.4911 -0.7723
vn 0.3531 0.4303 -0.8308
vn 0.2998 0.3653 -0.8813
vn 0.2436 0.2968 -0.9233
vn 0.1850 0.2255 -0.9565
vn 0.1247 0.1519 -0.9805
vn 0.0631 0.0769 -0.9950
vn 0.0704 0.0704 0.9950
vn 0.1390 0.1390 0.9805
vn 0.2063 0.2063 0.9565
vn 0.2715 0.2715 0.9233
vn 0.3342 0.3342 0.8813
vn 0.3936 0.3936 0.8308
vn 0.4492 0.4492 0.7723
vn 0.5005 0.5005 0.7063
vn 0.5470 0.5470 0.6336
vn 0.5883 0.5883 0.5549
vn 0.6239 0.6239 0.4708
vn 0.6534 0.6534 0.3821
vn 0.6768 0.6767 0.2899
vn 0.6936 0.6936 0.1948
vn 0.7037 0.7037 0.0979
vn 0.7071 0.7071 -0.0000
vn 0.7037 0.7037 -0.0979
vn 0.6936 0.6936 -0.1948
vn 0.6768 0.6768 -0.2899
vn 0.6534 0.6534 -0.3821
vn 0.6239 0.6239 -0.4708
vn 0.5883 0.5883 -0.5549
vn 0.5470 0.5470 -0.6336
vn 0.5005 0.5005 -0.7063
vn 0.4492 0.4492 -0.7723
vn 0.3936 0.3936 -0.8308
vn 0.3342 0.3342 -0.8813
vn 0.2715 0.2715 -0.9233
vn 0.2063 0.2063 -0.9565
vn 0.1390 0.1390 -0.9805
vn 0.0704 0.0704 -0.9950
vn 0.0769 0.0631 0.9950
vn 0.1519 0.1247 0.9805
vn 0.2255 0.1850 0.9565
vn 0.2968 0.2436 0.9233
vn 0.3653 0.2998 0.8813
vn 0.4303 0.3531 0.8308
vn 0.4911 0.4030 0.7723
vn 0.5472 0.4491 0.7063
vn 0.5980 0.4908 0.6336
vn 0.6431 0.5278 0.5549
vn 0.6820 0.5597 0.4708
vn 0.7143 0.5862 0.3821
vn 0.7398 0.6072 0.2899
vn 0.7582 0.6222 0.1948
vn 0.7693 0.6313 0.0979
vn 0.7730 0.6344 -0.0000
vn 0.7693 0.6313 -0.0979
vn 0.7582 0.6222 -0.1948
vn 0.7398 0.6072 -0.2899
vn 0.7143 0.5862 -0.3821
vn 0.6820 0.5597 -0.4708
vn 0.6431 0.5278 -0.5549
vn 0.5980 0.4908 -0.6336
vn 0.5472 0.4491 -0.7063
vn 0.4911 0.4030 -0.7723
vn 0.4303 0.3531 -0.8308
vn 0.3653 0.2998 -0.8813
vn 0.2968 0.2436 -0.9233
vn 0.2255 0.1850 -0.9565
vn 0.1519 0.1247 -0.9805
vn 0.0769 0.0631 -0.9950
vn 0.0828 0.0553 0.9950
vn 0.1634 0.1092 0.9805
vn 0.2425 0.1621 0.9565
vn 0.3193 0.2133 0.9233
vn 0.3929 0.2626 0.8813
vn 0.4628 0.3092 0.8308
vn 0.5282 0.3530 0.7723
vn 0.5886 0.3933 0.7063
vn 0.6432 0.4298 0.6336
vn 0.6917 0.4622 0.5549
vn 0.7336 0.4902 0.4708
vn 0.7684 0.5134 0.3821
vn 0.7958 0.5317 0.2899
vn 0.8155 0.5449 0.1948
vn 0.8275 0.5529 0.0979
vn 0.8315 0.5556 -0.0000
vn 0.8275 0.5529 -0.0979
vn 0.8155 0.5449 -0.1948
vn 0.7958 0.5317 -0.2899
vn 0.7684 0.5134 -0.3821
vn 0.7336 0.4902 -0.4708
vn 0.6917 0.4622 -0.5549
vn 0.6432 0.4298 -0.6336
vn 0.5886 0.3933 -0.7063
vn 0.5282 0.3530 -0.7723
vn 0.4628 0.3092 -0.8308
vn 0.3929 0.2626 -0.8813
vn 0.3193 0.2133 -0.9233
vn 0.2425 0.1621 -0.9565
vn 0.1634 0.1092 -0.9805
vn 0.0828 0.0553 -0.9950
vn 0.0878 0.0469 0.9950
vn 0.1734 0.0927 0.9805
vn 0.2572 0.1375 0.9565
vn 0.3386 0.1810 0.9233
vn 0.4168 0.2228 0.8813
vn 0.4909 0.2624 0.8308
vn 0.5603 0.2995 0.7723
vn 0.6243 0.3337 0.7063
vn 0.6823 0.3647 0.6336
vn 0.7337 0.3922 0.5549
vn 0.7781 0.4159 0.4708
vn 0.8150 0.4356 0.3821
vn 0.8441 0.4512 0.2899
vn 0.8650 0.4624 0.1948
vn 0.8777 0.4691 0.0979
vn 0.8819 0.4714 -0.0000
vn 0.8777 0.4691 -0.0979
vn 0.8650 0.4624 -0.1948
vn 0.8441 0.4512 -0.2899
vn 0.8150 0.4356 -0.3821
vn 0.7781 0.4159 -0.4708
vn 0.7337 0.3922 -0.5549
vn 0.6823 0.3647 -0.6336
vn 0.6243 0.3337 -0.7063
vn 0.5603 0.2995 -0.7723
vn 0.4909 0.2624 -0.8308
vn 0.4168 0.2228 -0.8813
vn 0.3386 0.1810 -0.9233
vn 0.2572 0.1375 -0.9565
vn 0.1734 0.0927 -0.9805
vn 0.0878 0.0469 -0.9950
vn 0.0920 0.0381 0.9950
vn 0.1816 0.0752 0.9805
vn 0.2695 0.1116 0.9565
vn 0.3548 0.1469 0.9233
vn 0.4366 0.1809 0.8813
vn 0.5143 0.2130 0.8308
vn 0.5869 0.2431 0.7723
vn 0.6540 0.2709 0.7063
vn 0.7147 0.2961 0.6336
vn 0.7686 0.3184 0.5549
vn 0.8151 0.3376 0.4708
vn 0.8538 0.3536 0.3821
vn 0.8842 0.3663 0.2899
vn 0.9062 0.3754 0.1948
vn 0.9194 0.3808 0.0979
vn 0.9239 0.3827 -0.0000
vn 0.9194 0.3808 -0.0979
vn 0.9062 0.3754 -0.1948
vn 0.8842 0.3663 -0.2899
vn 0.8538 0.3536 -0.3821
vn 0.8151 0.3376 -0.4708
vn 0.7686 0.3184 -0.5549
vn 0.7147 0.2961 -0.6336
vn 0.6540 0.2709 -0.7063
vn 0.5869 0.2431 -0.7723
vn 0.5143 0.2130 -0.8308
vn 0.4366 0.1809 -0.8813
vn 0.3548 0.1469 -0.9233
vn 0.2695 0.1116 -0.9565
vn 0.1816 0.0752 -0.9805
vn 0.0920 0.0381 -0.9950
vn 0.0953 0.0289 0.9950
vn 0.1881 0.0571 0.9805
vn 0.2791 0.0847 0.9565
vn 0.3675 0.1115 0.9233
vn 0.4522 0.1372 0.8813
vn 0.5327 0.1616 0.8308
vn 0.6080 0.1844 0.7723
vn 0.6774 0.2055 0.7063
vn 0.7403 0.2246 0.6336
vn 0.7961 0.2415 0.5549
vn 0.8443 0.2561 0.4708
vn 0.8843 0.2683 0.3821
vn 0.9159 0.2778 0.2899
vn 0.9386 0.2847 0.1948
vn 0.9523 0.2889 0.0979
vn 0.9569 0.2903 -0.0000
vn 0.9523 0.2889 -0.0979
vn 0.9386 0.2847 -0.1948
vn 0.9159 0.2778 -0.2899
vn 0.8843 0.2683 -0.3821
vn 0.8443 0.2561 -0.4708
vn 0.7961 0.2415 -0.5549
vn 0.7403 0.2246 -0.6336
vn 0.6774 0.2055 -0.7063
vn 0.6080 0.1844 -0.7723
vn 0.5327 0.1616 -0.8308
vn 0.4522 0.1372 -0.8813
vn 0.3675 0.1115 -0.9233
vn 0.2791 0.0847 -0.9565
vn 0.1881 0.0571 -0.9805
vn 0.0952 0.0289 -0.9950
vn 0.0976 0.0194 0.9950
vn 0.1928 0.0383 0.9805
vn 0.2861 0.0569 0.9565
vn 0.3766 0.0749 0.9233
vn 0.4635 0.0922 0.8813
vn 0.5459 0.1086 0.8308
vn 0.6231 0.1239 0.7723
vn 0.6943 0.1381 0.7063
vn 0.7588 0.1509 0.6336
vn 0.8160 0.1623 0.5549
vn 0.8653 0.1721 0.4708
vn 0.9063 0.1803 0.3821
vn 0.9387 0.1867 0.2899
vn 0.9620 0.1914 0.1948
vn 0.9761 0.1942 0.0979
vn 0.9808 0.1951 -0.0000
vn 0.9761 0.1942 -0.0979
vn 0.9620 0.1914 -0.1948
vn 0.9387 0.1867 -0.2899
vn 0.9063 0.1803 -0.3821
vn 0.8653 0.1721 -0.4708
vn 0.8160 0.1623 -0.5549
vn 0.7588 0.1509 -0.6336
vn 0.6943 0.1381 -0.7063
vn 0.6231 0.1239 -0.7723
vn 0.5459 0.1086 -0.8308
vn 0.4635 0.0922 -0.8813
vn 0.3766 0.0749 -0.9233
vn 0.2861 0.0569 -0.9565
vn 0.1928 0.0383 -0.9805
vn 0.0976 0.0194 -0.9950
vn 0.0991 0.0098 0.9950
vn 0.1956 0.0193 0.9805
vn 0.2903 0.0286 0.9565
vn 0.3821 0.0376 0.9233
vn 0.4703 0.0463 0.8813
vn 0.5539 0.0546 0.8308
vn 0.6322 0.0623 0.7723
vn 0.7045 0.0694 0.7063
vn 0.7699 0.0758 0.6336
vn 0.8279 0.0815 0.5549
vn 0.8780 0.0865 0.4708
vn 0.9197 0.0906 0.3821
vn 0.9525 0.0938 0.2899
vn 0.9761 0.0961 0.1948
vn 0.9904 0.0975 0.0979
vn 0.9952 0.0980 -0.0000
vn 0.9904 0.0975 -0.0979
vn 0.9761 0.0961 -0.1948
vn 0.9525 0.0938 -0.2899
vn 0.9197 0.0906 -0.3821
vn 0.8780 0.0865 -0.4708
vn 0.8279 0.0815 -0.5549
vn 0.7699 0.0758 -0.6336
vn 0.7045 0.0694 -0.7063
vn 0.6322 0.0623 -0.7723
vn 0.5539 0.0546 -0.8308
vn 0.4703 0.0463 -0.8813
vn 0.3821 0.0376 -0.9233
vn 0.2903 0.0286 -0.9565
vn 0.1956 0.0193 -0.9805
vn 0.0991 0.0098 -0.9950
vn 0.0995 -0.0000 0.9950
vn 0.1966 -0.0000 0.9805
vn 0.2917 -0.0000 0.9565
vn 0.3840 -0.0000 0.9233
vn 0.4726 -0.0000 0.8813
vn 0.5566 -0.0000 0.8308
vn 0.6353 -0.0000 0.7723
vn 0.7079 -0.0000 0.7063
vn 0.7736 -0.0000 0.6336
vn 0.8319 -0.0000 0.5549
vn 0.8823 -0.0000 0.4708
vn 0.9241 -0.0000 0.3821
vn 0.9571 -0.0000 0.2899
vn 0.9808 -0.0000 0.1948
vn 0.9952 -0.0000 0.0979
vn 1.0000 -0.0000 -0.0000
vn 0.9952 -0.0000 -0.0979
vn 0.9808 -0.0000 -0.1948
vn 0.9571 -0.0000 -0.2899
vn 0.9241 -0.0000 -0.3821
vn 0.8823 -0.0000 -0.4708
vn 0.8319 -0.0000 -0.5549
vn 0.7736 -0.0000 -0.6336
vn 0.7079 -0.0000 -0.7063
vn 0.6353 -0.0000 -0.7723
vn 0.5566 -0.0000 -0.8308
vn 0.4726 -0.0000 -0.8813
vn 0.3840 -0.0000 -0.9233
vn 0.2917 -0.0000 -0.9565
vn 0.1966 -0.0000 -0.9805
vn 0.0995 -0.0000 -0.9950
vn 0.0991 -0.0098 0.9950
vn 0.1956 -0.0193 0.9805
vn 0.2903 -0.0286 0.9565
vn 0.3821 -0.0376 0.9233
vn 0.4703 -0.0463 0.8813
vn 0.5539 -0.0546 0.8308
vn 0.6322 -0.0623 0.7723
vn 0.7045 -0.0694 0.7063
vn 0.7699 -0.0758 0.6336
vn 0.8279 -0.0815 0.5549
vn 0.8780 -0.0865 0.4708
vn 0.9197 -0.0906 0.3821
vn 0.9525 -0.0938 0.2899
vn 0.9761 -0.0961 0.1948
vn 0.9904 -0.0975 0.0979
vn 0.9952 -0.0980 -0.0000
vn 0.9904 -0.0975 -0.0979
vn 0.9761 -0.0961 -0.1948
vn 0.9525 -0.0938 -0.2899
vn 0.9197 -0.0906 -0.3821
vn 0.8780 -0.0865 -0.4708
vn 0.8279 -0.0815 -0.5549
vn 0.7699 -0.0758 -0.6336
vn 0.7045 -0.0694 -0.7063
vn 0.6322 -0.0623 -0.7723
vn 0.5539 -0.0546 -0.8308
vn 0.4703 -0.0463 -0.8813
vn 0.3821 -0.0376 -0.9233
vn 0.2903 -0.0286 -0.9565
vn 0.1956 -0.0193 -0.9805
vn 0.0991 -0.0098 -0.9950
vn -0.0000 -0.0000 -1.0000
vn 0.0976 -0.0194 0.9950
vn 0.1928 -0.0383 0.9805
vn 0.2861 -0.0569 0.9565
vn 0.3766 -0.0749 0.9233
vn 0.4635 -0.0922 0.8813
vn 0.5459 -0.1086 0.8308
vn 0.6231 -0.1239 0.7723
vn 0.6943 -0.1381 0.7063
vn 0.7588 -0.1509 0.6336
vn 0.8160 -0.1623 0.5549
vn 0.8653 -0.1721 0.4708
vn 0.9063 -0.1803 0.3821
vn 0.9387 -0.1867 0.2899
vn 0.9620 -0.1914 0.1948
vn 0.9761 -0.1942 0.0979
vn 0.9808 -0.1951 -0.0000
vn 0.9761 -0.1942 -0.0979
vn 0.9620 -0.1914 -0.1948
vn 0.9387 -0.1867 -0.2899
vn 0.9063 -0.1803 -0.3821
vn 0.8653 -0.1721 -0.4708
vn 0.8160 -0.1623 -0.5549
vn 0.7588 -0.1509 -0.6336
vn 0.6943 -0.1381 -0.7063
vn 0.6231 -0.1239 -0.7723
vn 0.5459 -0.1086 -0.8308
vn 0.4635 -0.0922 -0.8813
vn 0.3766 -0.0749 -0.9233
vn 0.2861 -0.0569 -0.9565
vn 0.1928 -0.0383 -0.9805
vn 0.0976 -0.0194 -0.9950
vn 0.0952 -0.0289 0.9950
vn 0.1881 -0.0571 0.9805
vn 0.2791 -0.0847 0.9565
vn 0.3675 -0.1115 0.9233
vn 0.4522 -0.1372 0.8813
vn 0.5327 -0.1616 0.8308
vn 0.6080 -0.1844 0.7723
vn 0.6774 -0.2055 0.7063
vn 0.7403 -0.2246 0.6336
vn 0.7961 -0.2415 0.5549
vn 0.8443 -0.2561 0.4708
vn 0.8843 -0.2683 0.3821
vn 0.9159 -0.2778 0.2899
vn 0.9386 -0.2847 0.1948
vn 0.9523 -0.2889 0.0979
vn 0.9569 -0.2903 -0.0000
vn 0.9523 -0.2889 -0.0979
vn 0.9386 -0.2847 -0.1948
vn 0.9159 -0.2778 -0.2899
vn 0.8843 -0.2683 -0.3821
vn 0.8443 -0.2561 -0.4708
vn 0.7961 -0.2415 -0.5549
vn 0.7403 -0.2246 -0.6336
vn 0.6774 -0.2055 -0.7063
vn 0.6080 -0.1844 -0.7723
vn 0.5327 -0.1616 -0.8308
vn 0.4522 -0.1372 -0.8813
vn 0.3675 -0.1115 -0.9233
vn 0.2791 -0.0847 -0.9565
vn 0.1881 -0.0571 -0.9805
vn 0.0952 -0.0289 -0.9950
vn 0.0920 -0.0381 0.9950
vn 0.1816 -0.0752 0.9805
vn 0.2695 -0.1116 0.9565
vn 0.3548 -0.1469 0.9233
vn 0.4366 -0.1809 0.8813
vn 0.5143 -0.2130 0.8308
vn 0.5869 -0.2431 0.7723
vn 0.6540 -0.2709 0.7063
vn 0.7147 -0.2961 0.6336
vn 0.7686 -0.3184 0.5549
vn 0.8151 -0.3376 0.4708
vn 0.8538 -0.3536 0.3821
vn 0.8842 -0.3663 0.2899
vn 0.9062 -0.3754 0.1948
vn 0.9194 -0.3808 0.0979
vn 0.9239 -0.3827 -0.0000
vn 0.9194 -0.3808 -0.0979
vn 0.9062 -0.3754 -0.1948
vn 0.8842 -0.3663 -0.2899
vn 0.8538 -0.3536 -0.3821
vn 0.8151 -0.3376 -0.4708
vn 0.7686 -0.3184 -0.5549
vn 0.7147 -0.2961 -0.6336
vn 0.6540 -0.2709 -0.7063
vn 0.5869 -0.2431 -0.7723
vn 0.5143 -0.2130 -0.8308
vn 0.4366 -0.1809 -0.8813
vn 0.3548 -0.1469 -0.9233
vn 0.2695 -0.1116 -0.9565
vn 0.1816 -0.0752 -0.9805
vn 0.0920 -0.0381 -0.9950
vn 0.0878 -0.0469 0.9950
vn 0.1734 -0.0927 0.9805
vn 0.2572 -0.1375 0.9565
vn 0.3386 -0.1810 0.9233
vn 0.4168 -0.2228 0.8813
vn 0.4909 -0.2624 0.8308
vn 0.5603 -0.2995 0.7723
vn 0.6243 -0.3337 0.7063
vn 0.6823 -0.3647 0.6336
vn 0.7337 -0.3922 0.5549
vn 0.7781 -0.4159 0.4708
vn 0.8150 -0.4356 0.3821
vn 0.8441 -0.4512 0.2899
vn 0.8650 -0.4624 0.1948
vn 0.8777 -0.4691 0.0979
vn 0.8819 -0.4714 -0.0000
vn 0.8777 -0.4691 -0.0979
vn 0.8650 -0.4624 -0.1948
vn 0.8441 -0.4512 -0.2899
vn 0.8150 -0.4356 -0.3821
vn 0.7781 -0.4159 -0.4708
vn 0.7337 -0.3922 -0.5549
vn 0.6823 -0.3647 -0.6336
vn 0.6243 -0.3337 -0.7063
vn 0.5603 -0.2995 -0.7723
vn 0.4909 -0.2624 -0.8308
vn 0.4168 -0.2228 -0.8813
vn 0.3387 -0.1810 -0.9233
vn 0.2572 -0.1375 -0.9565
vn 0.1734 -0.0927 -0.9805
vn 0.0878 -0.0469 -0.9950
vn 0.0828 -0.0553 0.9950
vn 0.1634 -0.1092 0.9805
vn 0.2425 -0.1621 0.9565
vn 0.3193 -0.2133 0.9233
vn 0.3929 -0.2626 0.8813
vn 0.4628 -0.3092 0.8308
vn 0.5282 -0.3530 0.7723
vn 0.5886 -0.3933 0.7063
vn 0.6432 -0.4298 0.6336
vn 0.6917 -0.4622 0.5549
vn 0.7336 -0.4902 0.4708
vn 0.7684 -0.5134 0.3821
vn 0.7958 -0.5317 0.2899
vn 0.8155 -0.5449 0.1948
vn 0.8275 -0.5529 0.0979
vn 0.8315 -0.5556 -0.0000
vn 0.8275 -0.5529 -0.0979
vn 0.8155 -0.5449 -0.1948
vn 0.7958 -0.5317 -0.2899
vn 0.7684 -0.5134 -0.3821
vn 0.7336 -0.4902 -0.4708
vn 0.6917 -0.4622 -0.5549
vn 0.6432 -0.4298 -0.6336
vn 0.5886 -0.3933 -0.7063
vn 0.5282 -0.3530 -0.7723
vn 0.4628 -0.3092 -0.8308
vn 0.3929 -0.2626 -0.8813
vn 0.3193 -0.2133 -0.9233
vn 0.2425 -0.1621 -0.9565
vn 0.1634 -0.1092 -0.9805
vn 0.0828 -0.0553 -0.9950
vn 0.0769 -0.0631 0.9950
vn 0.1519 -0.1247 0.9805
vn 0.2255 -0.1850 0.9565
vn 0.2968 -0.2436 0.9233
vn 0.3653 -0.2998 0.8813
vn 0.4303 -0.3531 0.8308
vn 0.4911 -0.4030 0.7723
vn 0.5472 -0.4491 0.7063
vn 0.5980 -0.4908 0.6336
vn 0.6431 -0.5278 0.5549
vn 0.6820 -0.5597 0.4708
vn 0.7143 -0.5862 0.3821
vn 0.7398 -0.6072 0.2899
vn 0.7582 -0.6222 0.1948
vn 0.7693 -0.6313 0.0979
vn 0.7730 -0.6344 -0.0000
vn 0.7693 -0.6313 -0.0979
vn 0.7582 -0.6222 -0.1948
vn 0.7398 -0.6072 -0.2899
vn 0.7143 -0.5862 -0.3821
vn 0.6820 -0.5597 -0.4708
vn 0.6431 -0.5278 -0.5549
vn 0.5980 -0.4908 -0.6336
vn 0.5472 -0.4491 -0.7063
vn 0.4911 -0.4030 -0.7723
vn 0.4303 -0.3531 -0.8308
vn 0.3653 -0.2998 -0.8813
vn 0.2968 -0.2436 -0.9233
vn 0.2255 -0.1850 -0.9565
vn 0.1519 -0.1247 -0.9805
vn 0.0769 -0.0631 -0.9950
vn 0.0704 -0.0704 0.9950
vn 0.1390 -0.1390 0.9805
vn 0.2062 -0.2063 0.9565
vn 0.2715 -0.2715 0.9233
vn 0.3342 -0.3342 0.8813
vn 0.3936 -0.3936 0.8308
vn 0.4492 -0.4492 0.7723
vn 0.5005 -0.5005 0.7063
vn 0.5470 -0.5470 0.6336
vn 0.5883 -0.5883 0.5549
vn 0.6239 -0.6239 0.4708
vn 0.6534 -0.6534 0.3821
vn 0.6768 -0.6767 0.2899
vn 0.6936 -0.6936 0.1948
vn 0.7037 -0.7037 0.0979
vn 0.7071 -0.7071 -0.0000
vn 0.7037 -0.7037 -0.0979
vn 0.6936 -0.6936 -0.1948
vn 0.6768 -0.6767 -0.2899
vn 0.6534 -0.6534 -0.3821
vn 0.6239 -0.6239 -0.4708
vn 0.5883 -0.5883 -0.5549
vn 0.5470 -0.5470 -0.6336
vn 0.5005 -0.5005 -0.7063
vn 0.4492 -0.4492 -0.7723
vn 0.3936 -0.3936 -0.8308
vn 0.3342 -0.3342 -0.8813
vn 0.2715 -0.2715 -0.9233
vn 0.2063 -0.2063 -0.9565
vn 0.1390 -0.1390 -0.9805
vn 0.0704 -0.0704 -0.9950
vn 0.0632 -0.0769 0.9950
vn 0.1247 -0.1519 0.9805
vn 0.1850 -0.2255 0.9565
vn 0.2436 -0.2968 0.9233
vn 0.2998 -0.3653 0.8813
vn 0.3531 -0.4303 0.8308
vn 0.4030 -0.4911 0.7723
vn 0.4491 -0.5472 0.7063
vn 0.4908 -0.5980 0.6336
vn 0.5278 -0.6431 0.5549
vn 0.5597 -0.6820 0.4708
vn 0.5862 -0.7143 0.3821
vn 0.6072 -0.7398 0.2899
vn 0.6222 -0.7582 0.1948
vn 0.6313 -0.7693 0.0979
vn 0.6344 -0.7730 -0.0000
vn 0.6313 -0.7693 -0.0979
vn 0.6222 -0.7582 -0.1948
vn 0.6072 -0.7398 -0.2899
vn 0.5862 -0.7143 -0.3821
vn 0.5597 -0.6820 -0.4708
vn 0.5278 -0.6431 -0.5549
vn 0.4908 -0.5980 -0.6336
vn 0.4491 -0.5472 -0.7063
vn 0.4030 -0.4911 -0.7723
vn 0.3531 -0.4303 -0.8308
vn 0.2998 -0.3653 -0.8813
vn 0.2436 -0.2968 -0.9233
vn 0.1850 -0.2255 -0.9565
vn 0.1247 -0.1519 -0.9805
vn 0.0631 -0.0769 -0.9950
vn 0.0553 -0.0828 0.9950
vn 0.1092 -0.1634 0.9805
vn 0.1621 -0.2425 0.9565
vn 0.2133 -0.3193 0.9233
vn 0.2626 -0.3929 0.8813
vn 0.3092 -0.4628 0.8308
vn 0.3530 -0.5282 0.7723
vn 0.3933 -0.5886 0.7063
vn 0.4298 -0.6432 0.6336
vn 0.4622 -0.6917 0.5549
vn 0.4902 -0.7336 0.4708
vn 0.5134 -0.7684 0.3821
vn 0.5317 -0.7958 0.2899
vn 0.5449 -0.8155 0.1948
vn 0.5529 -0.8275 0.0979
vn 0.5556 -0.8315 -0.0000
vn 0.5529 -0.8275 -0.0979
vn 0.5449 -0.8155 -0.1948
vn 0.5317 -0.7958 -0.2899
vn 0.5134 -0.7684 -0.3821
vn 0.4902 -0.7336 -0.4708
vn 0.4622 -0.6917 -0.5549
vn 0.4298 -0.6432 -0.6336
vn 0.3933 -0.5886 -0.7063
vn 0.3530 -0.5282 -0.7723
vn 0.3092 -0.4628 -0.8308
vn 0.2626 -0.3929 -0.8813
vn 0.2133 -0.3193 -0.9233
vn 0.1621 -0.2425 -0.9565
vn 0.1092 -0.1634 -0.9805
vn 0.0553 -0.0828 -0.9950
vn 0.0469 -0.0878 0.9950
vn 0.0927 -0.1734 0.9805
vn 0.1375 -0.2572 0.9565
vn 0.1810 -0.3387 0.9233
vn 0.2228 -0.4168 0.8813
vn 0.2624 -0.4909 0.8308
vn 0.2995 -0.5603 0.7723
vn 0.3337 -0.6243 0.7063
vn 0.3647 -0.6823 0.6336
vn 0.3922 -0.7337 0.5549
vn 0.4159 -0.7781 0.4708
vn 0.4356 -0.8150 0.3821
vn 0.4512 -0.8441 0.2899
vn 0.4624 -0.8650 0.1948
vn 0.4691 -0.8777 0.0979
vn 0.4714 -0.8819 -0.0000
vn 0.4691 -0.8777 -0.0979
vn 0.4624 -0.8650 -0.1948
vn 0.4512 -0.8441 -0.2899
vn 0.4356 -0.8150 -0.3821
vn 0.4159 -0.7781 -0.4708
vn 0.3922 -0.7337 -0.5549
vn 0.3647 -0.6823 -0.6336
vn 0.3337 -0.6243 -0.7063
vn 0.2995 -0.5603 -0.7723
vn 0.2624 -0.4909 -0.8308
vn 0.2228 -0.4168 -0.8813
vn 0.1810 -0.3386 -0.9233
vn 0.1375 -0.2572 -0.9565
vn 0.0927 -0.1734 -0.9805
vn 0.0469 -0.0878 -0.9950
vn 0.0381 -0.0920 0.9950
vn 0.0752 -0.1816 0.9805
vn 0.1116 -0.2695 0.9565
vn 0.1469 -0.3548 0.9233
vn 0.1809 -0.4366 0.8813
vn 0.2130 -0.5143 0.8308
vn 0.2431 -0.5869 0.7723
vn 0.2709 -0.6540 0.7063
vn 0.2961 -0.7147 0.6336
vn 0.3184 -0.7686 0.5549
vn 0.3376 -0.8151 0.4708
vn 0.3536 -0.8538 0.3821
vn 0.3663 -0.8842 0.2899
vn 0.3754 -0.9062 0.1948
vn 0.3808 -0.9194 0.0979
vn 0.3827 -0.9239 -0.0000
vn 0.3808 -0.9194 -0.0979
vn 0.3754 -0.9062 -0.1948
vn 0.3663 -0.8842 -0.2899
vn 0.3536 -0.8538 -0.3821
vn 0.3376 -0.8151 -0.4708
vn 0.3184 -0.7686 -0.5549
vn 0.2961 -0.7147 -0.6336
vn 0.2709 -0.6540 -0.7063
vn 0.2431 -0.5869 -0.7723
vn 0.2130 -0.5143 -0.8308
vn 0.1809 -0.4366 -0.8813
vn 0.1469 -0.3548 -0.9233
vn 0.1116 -0.2695 -0.9565
vn 0.0752 -0.1816 -0.9805
vn 0.0381 -0.0920 -0.9950
vn 0.0289 -0.0952 0.9950
vn 0.0571 -0.1881 0.9805
vn 0.0847 -0.2791 0.9565
vn 0.1115 -0.3675 0.9233
vn 0.1372 -0.4522 0.8813
vn 0.1616 -0.5327 0.8308
vn 0.1844 -0.6080 0.7723
vn 0.2055 -0.6774 0.7063
vn 0.2246 -0.7403 0.6336
vn 0.2415 -0.7961 0.5549
vn 0.2561 -0.8443 0.4708
vn 0.2683 -0.8843 0.3821
vn 0.2778 -0.9159 0.2899
vn 0.2847 -0.9386 0.1948
vn 0.2889 -0.9523 0.0979
vn 0.2903 -0.9569 -0.0000
vn 0.2889 -0.9523 -0.0979
vn 0.2847 -0.9386 -0.1948
vn 0.2778 -0.9159 -0.2899
vn 0.2683 -0.8843 -0.3821
vn 0.2561 -0.8443 -0.4708
vn 0.2415 -0.7961 -0.5549
vn 0.2246 -0.7403 -0.6336
vn 0.2055 -0.6774 -0.7063
vn 0.1844 -0.6080 -0.7723
vn 0.1616 -0.5327 -0.8308
vn 0.1372 -0.4522 -0.8813
vn 0.1115 -0.3675 -0.9233
vn 0.0847 -0.2791 -0.9565
vn 0.0571 -0.1881 -0.9805
vn 0.0289 -0.0952 -0.9950
vn 0.0194 -0.0976 0.9950
vn 0.0383 -0.1928 0.9805
vn 0.0569 -0.2861 0.9565
vn 0.0749 -0.3766 0.9233
vn 0.0922 -0.4635 0.8813
vn 0.1086 -0.5459 0.8308
vn 0.1239 -0.6231 0.7723
vn 0.1381 -0.6943 0.7063
vn 0.1509 -0.7588 0.6336
vn 0.1623 -0.8160 0.5549
vn 0.1721 -0.8653 0.4708
vn 0.1803 -0.9063 0.3821
vn 0.1867 -0.9387 0.2899
vn 0.1914 -0.9620 0.1948
vn 0.1942 -0.9761 0.0979
vn 0.1951 -0.9808 -0.0000
vn 0.1942 -0.9761 -0.0979
vn 0.1914 -0.9620 -0.1948
vn 0.1867 -0.9387 -0.2899
vn 0.1803 -0.9063 -0.3821
vn 0.1721 -0.8653 -0.4708
vn 0.1623 -0.8160 -0.5549
vn 0.1509 -0.7588 -0.6336
vn 0.1381 -0.6943 -0.7063
vn 0.1239 -0.6231 -0.7723
vn 0.1086 -0.5459 -0.8308
vn 0.0922 -0.4635 -0.8813
vn 0.0749 -0.3766 -0.9233
vn 0.0569 -0.2861 -0.9565
vn 0.0383 -0.1928 -0.9805
vn 0.0194 -0.0976 -0.9950
vn 0.0097 -0.0991 0.9950
vn 0.0193 -0.1956 0.9805
vn 0.0286 -0.2903 0.9565
vn 0.0376 -0.3821 0.9233
vn 0.0463 -0.4703 0.8813
vn 0.0546 -0.5539 0.8308
vn 0.0623 -0.6322 0.7723
vn 0.0694 -0.7045 0.7063
vn 0.0758 -0.7699 0.6336
vn 0.0815 -0.8279 0.5549
vn 0.0865 -0.8780 0.4708
vn 0.0906 -0.9197 0.3821
vn 0.0938 -0.9525 0.2899
vn 0.0961 -0.9761 0.1948
vn 0.0975 -0.9904 0.0979
vn 0.0980 -0.9952 -0.0000
vn 0.0975 -0.9904 -0.0979
vn 0.0961 -0.9761 -0.1948
vn 0.0938 -0.9525 -0.2899
vn 0.0906 -0.9197 -0.3821
vn 0.0865 -0.8780 -0.4708
vn 0.0815 -0.8279 -0.5549
vn 0.0758 -0.7699 -0.6336
vn 0.0694 -0.7045 -0.7063
vn 0.0623 -0.6322 -0.7723
vn 0.0546 -0.5539 -0.8308
vn 0.0463 -0.4703 -0.8813
vn 0.0376 -0.3821 -0.9233
vn 0.0286 -0.2903 -0.9565
vn 0.0193 -0.1956 -0.9805
vn 0.0098 -0.0991 -0.9950
vn -0.0000 -0.0995 0.9950
vn -0.0000 -0.1966 0.9805
vn -0.0000 -0.2917 0.9565
vn -0.0000 -0.3840 0.9233
vn -0.0000 -0.4726 0.8813
vn -0.0000 -0.5566 0.8308
vn -0.0000 -0.6353 0.7723
vn -0.0000 -0.7079 0.7063
vn -0.0000 -0.7736 0.6336
vn -0.0000 -0.8319 0.5549
vn -0.0000 -0.8823 0.4708
vn -0.0000 -0.9241 0.3821
vn -0.0000 -0.9571 0.2899
vn -0.0000 -0.9808 0.1948
vn -0.0000 -0.9952 0.0979
vn -0.0000 -1.0000 -0.0000
vn -0.0000 -0.9952 -0.0979
vn -0.0000 -0.9808 -0.1948
vn -0.0000 -0.9571 -0.2899
vn -0.0000 -0.9241 -0.3821
vn -0.0000 -0.8823 -0.4708
vn -0.0000 -0.8319 -0.5549
vn -0.0000 -0.7736 -0.6336
vn -0.0000 -0.7079 -0.7063
vn -0.0000 -0.6353 -0.7723
vn -0.0000 -0.5566 -0.8308
vn -0.0000 -0.4726 -0.8813
vn -0.0000 -0.3840 -0.9233
vn -0.0000 -0.2917 -0.9565
vn -0.0000 -0.1966 -0.9805
vn -0.0000 -0.0995 -0.9950
vn -0.0098 -0.0991 0.9950
vn -0.0193 -0.1956 0.9805
vn -0.0286 -0.2903 0.9565
vn -0.0376 -0.3821 0.9233
vn -0.0463 -0.4703 0.8813
vn -0.0546 -0.5539 0.8308
vn -0.0623 -0.6322 0.7723
vn -0.0694 -0.7045 0.7063
vn -0.0758 -0.7699 0.6336
vn -0.0815 -0.8279 0.5549
vn -0.0865 -0.8780 0.4708
vn -0.0906 -0.9197 0.3821
vn -0.0938 -0.9525 0.2899
vn -0.0961 -0.9761 0.1948
vn -0.0975 -0.9904 0.0979
vn -0.0980 -0.9952 -0.0000
vn -0.0975 -0.9904 -0.0979
vn -0.0961 -0.9761 -0.1948
vn -0.0938 -0.9525 -0.2899
vn -0.0906 -0.9197 -0.3821
vn -0.0865 -0.8780 -0.4708
vn -0.0815 -0.8279 -0.5549
vn -0.0758 -0.7699 -0.6336
vn -0.0694 -0.7045 -0.7063
vn -0.0623 -0.6322 -0.7723
vn -0.0546 -0.5539 -0.8308
vn -0.0463 -0.4703 -0.8813
vn -0.0376 -0.3821 -0.9233
vn -0.0286 -0.2903 -0.9565
vn -0.0193 -0.1956 -0.9805
vn -0.0098 -0.0991 -0.9950
vn -0.0194 -0.0976 0.9950
vn -0.0383 -0.1928 0.9805
vn -0.0569 -0.2861 0.9565
vn -0.0749 -0.3766 0.9233
vn -0.0922 -0.4635 0.8813
vn -0.1086 -0.5459 0.8308
vn -0.1239 -0.6231 0.7723
vn -0.1381 -0.6943 0.7063
vn -0.1509 -0.7588 0.6336
vn -0.1623 -0.8160 0.5549
vn -0.1721 -0.8653 0.4708
vn -0.1803 -0.9063 0.3821
vn -0.1867 -0.9387 0.2899
vn -0.1914 -0.9620 0.1948
vn -0.1942 -0.9761 0.0979
vn -0.1951 -0.9808 -0.0000
vn -0.1942 -0.9761 -0.0979
vn -0.1914 -0.9620 -0.1948
vn -0.1867 -0.9387 -0.2899
vn -0.1803 -0.9063 -0.3821
vn -0.1721 -0.8653 -0.4708
vn -0.1623 -0.8160 -0.5549
vn -0.1509 -0.7588 -0.6336
vn -0.1381 -0.6943 -0.7063
vn -0.1239 -0.6231 -0.7723
vn -0.1086 -0.5459 -0.8308
vn -0.0922 -0.4635 -0.8813
vn -0.0749 -0.3766 -0.9233
vn -0.0569 -0.2861 -0.9565
vn -0.0383 -0.1928 -0.9805
vn -0.0194 -0.0976 -0.9950
vn -0.0289 -0.0952 0.9950
vn -0.0571 -0.1881 0.9805
vn -0.0847 -0.2791 0.9565
vn -0.1115 -0.3675 0.9233
vn -0.1372 -0.4522 0.8813
vn -0.1616 -0.5327 0.8308
vn -0.1844 -0.6080 0.7723
vn -0.2055 -0.6774 0.7063
vn -0.2246 -0.7403 0.6336
vn -0.2415 -0.7961 0.5549
vn -0.2561 -0.8443 0.4708
vn -0.2683 -0.8843 0.3821
vn -0.2778 -0.9159 0.2899
vn -0.2847 -0.9386 0.1948
vn -0.2889 -0.9523 0.0979
vn -0.2903 -0.9569 -0.0000
vn -0.2889 -0.9523 -0.0979
vn -0.2847 -0.9386 -0.1948
vn -0.2778 -0.9159 -0.2899
vn -0.2683 -0.8843 -0.3821
vn -0.2561 -0.8443 -0.4708
vn -0.2415 -0.7961 -0.5549
vn -0.2246 -0.7403 -0.6336
vn -0.2055 -0.6774 -0.7063
vn -0.1844 -0.6080 -0.7723
vn -0.1616 -0.5327 -0.8308
vn -0.1372 -0.4522 -0.8813
vn -0.1115 -0.3675 -0.9233
vn -0.0847 -0.2791 -0.9565
vn -0.0571 -0.1881 -0.9805
vn -0.0289 -0.0952 -0.9950
vn -0.0381 -0.0920 0.9950
vn -0.0752 -0.1816 0.9805
vn -0.1116 -0.2695 0.9565
vn -0.1469 -0.3548 0.9233
vn -0.1809 -0.4366 0.8813
vn -0.2130 -0.5143 0.8308
vn -0.2431 -0.5869 0.7723
vn -0.2709 -0.6540 0.7063
vn -0.2961 -0.7147 0.6336
vn -0.3184 -0.7686 0.5549
vn -0.3376 -0.8151 0.4708
vn -0.3536 -0.8538 0.3821
vn -0.3663 -0.8842 0.2899
vn -0.3754 -0.9062 0.1948
vn -0.3808 -0.9194 0.0979
vn -0.3827 -0.9239 -0.0000
vn -0.3808 -0.9194 -0.0979
vn -0.3754 -0.9062 -0.1948
vn -0.3663 -0.8842 -0.2899
vn -0.3536 -0.8538 -0.3821
vn -0.3376 -0.8151 -0.4708
vn -0.3184 -0.7686 -0.5549
vn -0.2961 -0.7147 -0.6336
vn -0.2709 -0.6540 -0.7063
vn -0.2431 -0.5869 -0.7723
vn -0.2130 -0.5143 -0.8308
vn -0.1809 -0.4366 -0.8813
vn -0.1469 -0.3548 -0.9233
vn -0.1116 -0.2695 -0.9565
vn -0.0752 -0.1816 -0.9805
vn -0.0381 -0.0920 -0.9950
vn -0.0469 -0.0878 0.9950
vn -0.0927 -0.1734 0.9805
vn -0.1375 -0.2572 0.9565
vn -0.1810 -0.3386 0.9233
vn -0.2228 -0.4168 0.8813
vn -0.2624 -0.4909 0.8308
vn -0.2995 -0.5603 0.7723
vn -0.3337 -0.6243 0.7063
vn -0.3647 -0.6823 0.6336
vn -0.3922 -0.7337 0.5549
vn -0.4159 -0.7781 0.4708
vn -0.4356 -0.8150 0.3821
vn -0.4512 -0.8441 0.2899
vn -0.4624 -0.8650 0.1948
vn -0.4691 -0.8777 0.0979
vn -0.4714 -0.8819 -0.0000
vn -0.4691 -0.8777 -0.0979
vn -0.4624 -0.8650 -0.1948
vn -0.4512 -0.8441 -0.2899
vn -0.4356 -0.8150 -0.3821
vn -0.4159 -0.7781 -0.4708
vn -0.3922 -0.7337 -0.5549
vn -0.3647 -0.6823 -0.6336
vn -0.3337 -0.6243 -0.7063
vn -0.2995 -0.5603 -0.7723
vn -0.2624 -0.4909 -0.8308
vn -0.2228 -0.4168 -0.8813
vn -0.1810 -0.3387 -0.9233
vn -0.1375 -0.2572 -0.9565
vn -0.0927 -0.1734 -0.9805
vn -0.0469 -0.0878 -0.9950
vn -0.0000 -0.0000 1.0000
vn -0.0553 -0.0828 0.9950
vn -0.1092 -0.1634 0.9805
vn -0.1621 -0.2425 0.9565
vn -0.2133 -0.3193 0.9233
vn -0.2626 -0.3929 0.8813
vn -0.3092 -0.4628 0.8308
vn -0.3530 -0.5282 0.7723
vn -0.3933 -0.5886 0.7063
vn -0.4298 -0.6432 0.6336
vn -0.4622 -0.6917 0.5549
vn -0.4902 -0.7336 0.4708
vn -0.5134 -0.7684 0.3821
vn -0.5317 -0.7958 0.2899
vn -0.5449 -0.8155 0.1948
vn -0.5529 -0.8275 0.0979
vn -0.5556 -0.8315 -0.0000
vn -0.5529 -0.8275 -0.0979
vn -0.5449 -0.8155 -0.1948
vn -0.5317 -0.7958 -0.2899
vn -0.5134 -0.7684 -0.3821
vn -0.4902 -0.7336 -0.4708
vn -0.4622 -0.6917 -0.5549
vn -0.4298 -0.6432 -0.6336
vn -0.3933 -0.5886 -0.7063
vn -0.3530 -0.5282 -0.7723
vn -0.3092 -0.4628 -0.8308
vn -0.2626 -0.3929 -0.8813
vn -0.2133 -0.3193 -0.9233
vn -0.1621 -0.2425 -0.9565
vn -0.1092 -0.1634 -0.9805
vn -0.0553 -0.0828 -0.9950
vn -0.0631 -0.0769 0.9950
vn -0.1247 -0.1519 0.9805
vn -0.1850 -0.2255 0.9565
vn -0.2436 -0.2968 0.9233
vn -0.2998 -0.3653 0.8813
vn -0.3531 -0.4303 0.8308
vn -0.4030 -0.4911 0.7723
vn -0.4491 -0.5472 0.7063
vn -0.4908 -0.5980 0.6336
vn -0.5278 -0.6431 0.5549
vn -0.5597 -0.6820 0.4708
vn -0.5862 -0.7143 0.3821
vn -0.6072 -0.7398 0.2899
vn -0.6222 -0.7582 0.1948
vn -0.6313 -0.7693 0.0979
vn -0.6344 -0.7730 -0.0000
vn -0.6313 -0.7693 -0.0979
vn -0.6222 -0.7582 -0.1948
vn -0.6072 -0.7398 -0.2899
vn -0.5862 -0.7143 -0.3821
vn -0.5597 -0.6820 -0.4708
vn -0.5278 -0.6431 -0.5549
vn -0.4908 -0.5980 -0.6336
vn -0.4491 -0.5472 -0.7063
vn -0.4030 -0.4911 -0.7723
vn -0.3531 -0.4303 -0.8308
vn -0.2998 -0.3653 -0.8813
vn -0.2436 -0.2968 -0.9233
vn -0.1850 -0.2255 -0.9565
vn -0.1247 -0.1519 -0.9805
vn -0.0631 -0.0769 -0.9950
vn -0.0704 -0.0704 0.9950
vn -0.1390 -0.1390 0.9805
vn -0.2063 -0.2063 0.9565
vn -0.2715 -0.2715 0.9233
vn -0.3342 -0.3342 0.8813
vn -0.3936 -0.3936 0.8308
vn -0.4492 -0.4492 0.7723
vn -0.5005 -0.5005 0.7063
vn -0.5470 -0.5470 0.6336
vn -0.5883 -0.5883 0.5549
vn -0.6239 -0.6239 0.4708
vn -0.6534 -0.6534 0.3821
vn -0.6767 -0.6768 0.2899
vn -0.6936 -0.6936 0.1948
vn -0.7037 -0.7037 0.0979
vn -0.7071 -0.7071 -0.0000
vn -0.7037 -0.7037 -0.0979
vn -0.6936 -0.6936 -0.1948
vn -0.6767 -0.6768 -0.2899
vn -0.6534 -0.6534 -0.3821
vn -0.6239 -0.6239 -0.4708
vn -0.5883 -0.5883 -0.5549
vn -0.5470 -0.5470 -0.6336
vn -0.5005 -0.5005 -0.7063
vn -0.4492 -0.4492 -0.7723
vn -0.3936 -0.3936 -0.8308
vn -0.3342 -0.3342 -0.8813
vn -0.2715 -0.2715 -0.9233
vn -0.2063 -0.2063 -0.9565
vn -0.1390 -0.1390 -0.9805
vn -0.0704 -0.0704 -0.9950
vn -0.0769 -0.0631 0.9950
vn -0.1520 -0.1247 0.9805
vn -0.2255 -0.1850 0.9565
vn -0.2968 -0.2436 0.9233
vn -0.3653 -0.2998 0.8813
vn -0.4303 -0.3531 0.8308
vn -0.4911 -0.4030 0.7723
vn -0.5472 -0.4491 0.7063
vn -0.5980 -0.4908 0.6336
vn -0.6431 -0.5278 0.5549
vn -0.6820 -0.5597 0.4708
vn -0.7143 -0.5862 0.3821
vn -0.7398 -0.6072 0.2899
vn -0.7582 -0.6222 0.1948
vn -0.7693 -0.6313 0.0979
vn -0.7730 -0.6344 -0.0000
vn -0.7693 -0.6313 -0.0979
vn -0.7582 -0.6222 -0.1948
vn -0.7398 -0.6072 -0.2899
vn -0.7143 -0.5862 -0.3821
vn -0.6820 -0.5597 -0.4708
vn -0.6431 -0.5278 -0.5549
vn -0.5980 -0.4908 -0.6336
vn -0.5472 -0.4491 -0.7063
vn -0.4911 -0.4030 -0.7723
vn -0.4303 -0.3531 -0.8308
vn -0.3653 -0.2998 -0.8813
vn -0.2968 -0.2436 -0.9233
vn -0.2255 -0.1850 -0.9565
vn -0.1519 -0.1247 -0.9805
vn -0.0769 -0.0631 -0.9950
vn -0.0828 -0.0553 0.9950
vn -0.1634 -0.1092 0.9805
vn -0.2425 -0.1621 0.9565
vn -0.3193 -0.2133 0.9233
vn -0.3929 -0.2626 0.8813
vn -0.4628 -0.3092 0.8308
vn -0.5282 -0.3530 0.7723
vn -0.5886 -0.3933 0.7063
vn -0.6432 -0.4298 0.6336
vn -0.6917 -0.4622 0.5549
vn -0.7336 -0.4902 0.4708
vn -0.7684 -0.5134 0.3821
vn -0.7958 -0.5317 0.2899
vn -0.8155 -0.5449 0.1948
vn -0.8275 -0.5529 0.0979
vn -0.8315 -0.5556 -0.0000
vn -0.8275 -0.5529 -0.0979
vn -0.8155 -0.5449 -0.1948
vn -0.7958 -0.5317 -0.2899
vn -0.7684 -0.5134 -0.3821
vn -0.7336 -0.4902 -0.4708
vn -0.6917 -0.4622 -0.5549
vn -0.6432 -0.4298 -0.6336
vn -0.5886 -0.3933 -0.7063
vn -0.5282 -0.3530 -0.7723
vn -0.4628 -0.3092 -0.8308
vn -0.3929 -0.2626 -0.8813
vn -0.3193 -0.2133 -0.9233
vn -0.2425 -0.1621 -0.9565
vn -0.1634 -0.1092 -0.9805
vn -0.0828 -0.0553 -0.9950
vn -0.0878 -0.0469 0.9950
vn -0.1734 -0.0927 0.9805
vn -0.2572 -0.1375 0.9565
vn -0.3387 -0.1810 0.9233
vn -0.4168 -0.2228 0.8813
vn -0.4909 -0.2624 0.8308
vn -0.5603 -0.2995 0.7723
vn -0.6243 -0.3337 0.7063
vn -0.6823 -0.3647 0.6336
vn -0.7337 -0.3922 0.5549
vn -0.7781 -0.4159 0.4708
vn -0.8150 -0.4356 0.3821
vn -0.8441 -0.4512 0.2899
vn -0.8650 -0.4624 0.1948
vn -0.8777 -0.4691 0.0979
vn -0.8819 -0.4714 -0.0000
vn -0.8777 -0.4691 -0.0979
vn -0.8650 -0.4624 -0.1948
vn -0.8441 -0.4512 -0.2899
vn -0.8150 -0.4356 -0.3821
vn -0.7781 -0.4159 -0.4708
vn -0.7337 -0.3922 -0.5549
vn -0.6823 -0.3647 -0.6336
vn -0.6243 -0.3337 -0.7063
vn -0.5603 -0.2995 -0.7723
vn -0.4909 -0.2624 -0.8308
vn -0.4168 -0.2228 -0.8813
vn -0.3386 -0.1810 -0.9233
vn -0.2572 -0.1375 -0.9565
vn -0.1734 -0.0927 -0.9805
vn -0.0878 -0.0469 -0.9950
vn -0.0920 -0.0381 0.9950
vn -0.1816 -0.0752 0.9805
vn -0.2695 -0.1116 0.9565
vn -0.3548 -0.1469 0.9233
vn -0.4366 -0.1809 0.8813
vn -0.5143 -0.2130 0.8308
vn -0.5869 -0.2431 0.7723
vn -0.6540 -0.2709 0.7063
vn -0.7147 -0.2961 0.6336
vn -0.7686 -0.3184 0.5549
vn -0.8151 -0.3376 0.4708
vn -0.8538 -0.3536 0.3821
vn -0.8842 -0.3663 0.2899
vn -0.9062 -0.3754 0.1948
vn -0.9194 -0.3808 0.0979
vn -0.9239 -0.3827 -0.0000
vn -0.9194 -0.3808 -0.0979
vn -0.9062 -0.3754 -0.1948
vn -0.8842 -0.3663 -0.2899
vn -0.8538 -0.3536 -0.3821
vn -0.8151 -0.3376 -0.4708
vn -0.7686 -0.3184 -0.5549
vn -0.7147 -0.2961 -0.6336
vn -0.6540 -0.2709 -0.7063
vn -0.5869 -0.2431 -0.7723
vn -0.5143 -0.2130 -0.8308
vn -0.4366 -0.1809 -0.8813
vn -0.3548 -0.1469 -0.9233
vn -0.2695 -0.1116 -0.9565
vn -0.1816 -0.0752 -0.9805
vn -0.0920 -0.0381 -0.9950
vn -0.0952 -0.0289 0.9950
vn -0.1881 -0.0571 0.9805
vn -0.2791 -0.0847 0.9565
vn -0.3675 -0.1115 0.9233
vn -0.4522 -0.1372 0.8813
vn -0.5327 -0.1616 0.8308
vn -0.6080 -0.1844 0.7723
vn -0.6774 -0.2055 0.7063
vn -0.7403 -0.2246 0.6336
vn -0.7961 -0.2415 0.5549
vn -0.8443 -0.2561 0.4708
vn -0.8843 -0.2683 0.3821
vn -0.9159 -0.2778 0.2899
vn -0.9386 -0.2847 0.1948
vn -0.9523 -0.2889 0.0979
vn -0.9569 -0.2903 -0.0000
vn -0.9523 -0.2889 -0.0979
vn -0.9386 -0.2847 -0.1948
vn -0.9159 -0.2778 -0.2899
vn -0.8843 -0.2683 -0.3821
vn -0.8443 -0.2561 -0.4708
vn -0.7961 -0.2415 -0.5549
vn -0.7403 -0.2246 -0.6336
vn -0.6774 -0.2055 -0.7063
vn -0.6080 -0.1844 -0.7723
vn -0.5327 -0.1616 -0.8308
vn -0.4522 -0.1372 -0.8813
vn -0.3675 -0.1115 -0.9233
vn -0.2791 -0.0847 -0.9565
vn -0.1881 -0.0571 -0.9805
vn -0.0952 -0.0289 -0.9950
vn -0.0976 -0.0194 0.9950
vn -0.1928 -0.0383 0.9805
vn -0.2861 -0.0569 0.9565
vn -0.3766 -0.0749 0.9233
vn -0.4635 -0.0922 0.8813
vn -0.5459 -0.1086 0.8308
vn -0.6231 -0.1239 0.7723
vn -0.6943 -0.1381 0.7063
vn -0.7588 -0.1509 0.6336
vn -0.8160 -0.1623 0.5549
vn -0.8653 -0.1721 0.4708
vn -0.9063 -0.1803 0.3821
vn -0.9387 -0.1867 0.2899
vn -0.9620 -0.1914 0.1948
vn -0.9761 -0.1942 0.0979
vn -0.9808 -0.1951 -0.0000
vn -0.9761 -0.1942 -0.0979
vn -0.9620 -0.1914 -0.1948
vn -0.9387 -0.1867 -0.2899
vn -0.9063 -0.1803 -0.3821
vn -0.8653 -0.1721 -0.4708
vn -0.8160 -0.1623 -0.5549
vn -0.7588 -0.1509 -0.6336
vn -0.6943 -0.1381 -0.7063
vn -0.6231 -0.1239 -0.7723
vn -0.5459 -0.1086 -0.8308
vn -0.4635 -0.0922 -0.8813
vn -0.3766 -0.0749 -0.9233
vn -0.2861 -0.0569 -0.9565
vn -0.1928 -0.0383 -0.9805
vn -0.0976 -0.0194 -0.9950
vn -0.0991 -0.0098 0.9950
vn -0.1956 -0.0193 0.9805
vn -0.2903 -0.0286 0.9565
vn -0.3821 -0.0376 0.9233
vn -0.4703 -0.0463 0.8813
vn -0.5539 -0.0546 0.8308
vn -0.6322 -0.0623 0.7723
vn -0.7045 -0.0694 0.7063
vn -0.7699 -0.0758 0.6336
vn -0.8279 -0.0815 0.5549
vn -0.8780 -0.0865 0.4708
vn -0.9197 -0.0906 0.3821
vn -0.9525 -0.0938 0.2899
vn -0.9761 -0.0961 0.1948
vn -0.9904 -0.0975 0.0979
vn -0.9952 -0.0980 -0.0000
vn -0.9904 -0.0975 -0.0979
vn -0.9761 -0.0961 -0.1948
vn -0.9525 -0.0938 -0.2899
vn -0.9197 -0.0906 -0.3821
vn -0.8780 -0.0865 -0.4708
vn -0.8279 -0.0815 -0.5549
vn -0.7699 -0.0758 -0.6336
vn -0.7045 -0.0694 -0.7063
vn -0.6322 -0.0623 -0.7723
vn -0.5539 -0.0546 -0.8308
vn -0.4703 -0.0463 -0.8813
vn -0.3821 -0.0376 -0.9233
vn -0.2903 -0.0286 -0.9565
vn -0.1956 -0.0193 -0.9805
vn -0.0991 -0.0098 -0.9950
vn -0.0995 -0.0000 0.9950
vn -0.1966 -0.0000 0.9805
vn -0.2917 -0.0000 0.9565
vn -0.3840 -0.0000 0.9233
vn -0.4726 -0.0000 0.8813
vn -0.5566 -0.0000 0.8308
vn -0.6353 -0.0000 0.7723
vn -0.7079 -0.0000 0.7063
vn -0.7736 -0.0000 0.6336
vn -0.8319 -0.0000 0.5549
vn -0.8823 -0.0000 0.4708
vn -0.9241 -0.0000 0.3821
vn -0.9571 -0.0000 0.2899
vn -0.9808 -0.0000 0.1948
vn -0.9952 -0.0000 0.0979
vn -1.0000 -0.0000 -0.0000
vn -0.9952 -0.0000 -0.0979
vn -0.9808 -0.0000 -0.1948
vn -0.9571 -0.0000 -0.2899
vn -0.9241 -0.0000 -0.3821
vn -0.8823 -0.0000 -0.4708
vn -0.8319 -0.0000 -0.5549
vn -0.7736 -0.0000 -0.6336
vn -0.7079 -0.0000 -0.7063
vn -0.6353 -0.0000 -0.7723
vn -0.5566 -0.0000 -0.8308
vn -0.4726 -0.0000 -0.8813
vn -0.3840 -0.0000 -0.9233
vn -0.2917 -0.0000 -0.9565
vn -0.1966 -0.0000 -0.9805
vn -0.0995 -0.0000 -0.9950
vn -0.0991 0.0098 0.9950
vn -0.1956 0.0193 0.9805
vn -0.2903 0.0286 0.9565
vn -0.3821 0.0376 0.9233
vn -0.4703 0.0463 0.8813
vn -0.5539 0.0546 0.8308
vn -0.6322 0.0623 0.7723
vn -0.7045 0.0694 0.7063
vn -0.7699 0.0758 0.6336
vn -0.8279 0.0815 0.5549
vn -0.8780 0.0865 0.4708
vn -0.9197 0.0906 0.3821
vn -0.9525 0.0938 0.2899
vn -0.9761 0.0961 0.1948
vn -0.9904 0.0975 0.0979
vn -0.9952 0.0980 -0.0000
vn -0.9904 0.0975 -0.0979
vn -0.9761 0.0961 -0.1948
vn -0.9525 0.0938 -0.2899
vn -0.9197 0.0906 -0.3821
vn -0.8780 0.0865 -0.4708
vn -0.8279 0.0815 -0.5549
vn -0.7699 0.0758 -0.6336
vn -0.7045 0.0694 -0.7063
vn -0.6323 0.0623 -0.7723
vn -0.5539 0.0546 -0.8308
vn -0.4703 0.0463 -0.8813
vn -0.3821 0.0376 -0.9233
vn -0.2903 0.0286 -0.9565
vn -0.1956 0.0193 -0.9805
vn -0.0991 0.0098 -0.9950
vn -0.0976 0.0194 0.9950
vn -0.1928 0.0383 0.9805
vn -0.2861 0.0569 0.9565
vn -0.3766 0.0749 0.9233
vn -0.4635 0.0922 0.8813
vn -0.5459 0.1086 0.8308
vn -0.6231 0.1239 0.7723
vn -0.6943 0.1381 0.7063
vn -0.7588 0.1509 0.6336
vn -0.8160 0.1623 0.5549
vn -0.8653 0.1721 0.4708
vn -0.9063 0.1803 0.3821
vn -0.9387 0.1867 0.2899
vn -0.9620 0.1914 0.1948
vn -0.9761 0.1942 0.0979
vn -0.9808 0.1951 -0.0000
vn -0.9761 0.1942 -0.0979
vn -0.9620 0.1914 -0.1948
vn -0.9387 0.1867 -0.2899
vn -0.9063 0.1803 -0.3821
vn -0.8653 0.1721 -0.4708
vn -0.8160 0.1623 -0.5549
vn -0.7588 0.1509 -0.6336
vn -0.6943 0.1381 -0.7063
vn -0.6231 0.1239 -0.7723
vn -0.5459 0.1086 -0.8308
vn -0.4635 0.0922 -0.8813
vn -0.3766 0.0749 -0.9233
vn -0.2861 0.0569 -0.9565
vn -0.1928 0.0383 -0.9805
vn -0.0976 0.0194 -0.9950
vn -0.0952 0.0289 0.9950
vn -0.1881 0.0571 0.9805
vn -0.2791 0.0847 0.9565
vn -0.3675 0.1115 0.9233
vn -0.4522 0.1372 0.8813
vn -0.5327 0.1616 0.8308
vn -0.6080 0.1844 0.7723
vn -0.6774 0.2055 0.7063
vn -0.7403 0.2246 0.6336
vn -0.7961 0.2415 0.5549
vn -0.8443 0.2561 0.4708
vn -0.8843 0.2683 0.3821
vn -0.9159 0.2778 0.2899
vn -0.9386 0.2847 0.1948
vn -0.9523 0.2889 0.0979
vn -0.9569 0.2903 -0.0000
vn -0.9523 0.2889 -0.0979
vn -0.9386 0.2847 -0.1948
vn -0.9159 0.2778 -0.2899
vn -0.8843 0.2683 -0.3821
vn -0.8443 0.2561 -0.4708
vn -0.7961 0.2415 -0.5549
vn -0.7403 0.2246 -0.6336
vn -0.6774 0.2055 -0.7063
vn -0.6080 0.1844 -0.7723
vn -0.5327 0.1616 -0.8308
vn -0.4522 0.1372 -0.8813
vn -0.3675 0.1115 -0.9233
vn -0.2791 0.0847 -0.9565
vn -0.1881 0.0571 -0.9805
vn -0.0952 0.0289 -0.9950
vn -0.0920 0.0381 0.9950
vn -0.1816 0.0752 0.9805
vn -0.2695 0.1116 0.9565
vn -0.3548 0.1469 0.9233
vn -0.4366 0.1809 0.8813
vn -0.5143 0.2130 0.8308
vn -0.5869 0.2431 0.7723
vn -0.6540 0.2709 0.7063
vn -0.7147 0.2961 0.6336
vn -0.7686 0.3184 0.5549
vn -0.8151 0.3376 0.4708
vn -0.8538 0.3536 0.3821
vn -0.8842 0.3663 0.2899
vn -0.9062 0.3754 0.1948
vn -0.9194 0.3808 0.0979
vn -0.9239 0.3827 -0.0000
vn -0.9194 0.3808 -0.0979
vn -0.9062 0.3754 -0.1948
vn -0.8842 0.3663 -0.2899
vn -0.8538 0.3536 -0.3821
vn -0.8151 0.3376 -0.4708
vn -0.7686 0.3184 -0.5549
vn -0.7147 0.2961 -0.6336
vn -0.6540 0.2709 -0.7063
vn -0.5869 0.2431 -0.7723
vn -0.5143 0.2130 -0.8308
vn -0.4366 0.1809 -0.8813
vn -0.3548 0.1469 -0.9233
vn -0.2695 0.1116 -0.9565
vn -0.1816 0.0752 -0.9805
vn -0.0920 0.0381 -0.9950
vn -0.0878 0.0469 0.9950
vn -0.1734 0.0927 0.9805
vn -0.2572 0.1375 0.9565
vn -0.3387 0.1810 0.9233
vn -0.4168 0.2228 0.8813
vn -0.4909 0.2624 0.8308
vn -0.5603 0.2995 0.7723
vn -0.6243 0.3337 0.7063
vn -0.6823 0.3647 0.6336
vn -0.7337 0.3922 0.5549
vn -0.7781 0.4159 0.4708
vn -0.8150 0.4356 0.3821
vn -0.8441 0.4512 0.2899
vn -0.8650 0.4624 0.1948
vn -0.8777 0.4691 0.0979
vn -0.8819 0.4714 -0.0000
vn -0.8777 0.4691 -0.0979
vn -0.8650 0.4624 -0.1948
vn -0.8441 0.4512 -0.2899
vn -0.8150 0.4356 -0.3821
vn -0.7781 0.4159 -0.4708
vn -0.7337 0.3922 -0.5549
vn -0.6823 0.3647 -0.6336
vn -0.6243 0.3337 -0.7063
vn -0.5603 0.2995 -0.7723
vn -0.4909 0.2624 -0.8308
vn -0.4168 0.2228 -0.8813
vn -0.3387 0.1810 -0.9233
vn -0.2572 0.1375 -0.9565
vn -0.1734 0.0927 -0.9805
vn -0.0878 0.0469 -0.9950
vn -0.0828 0.0553 0.9950
vn -0.1634 0.1092 0.9805
vn -0.2425 0.1621 0.9565
vn -0.3193 0.2133 0.9233
vn -0.3929 0.2626 0.8813
vn -0.4628 0.3092 0.8308
vn -0.5282 0.3530 0.7723
vn -0.5886 0.3933 0.7063
vn -0.6432 0.4298 0.6336
vn -0.6917 0.4622 0.5549
vn -0.7336 0.4902 0.4708
vn -0.7684 0.5134 0.3821
vn -0.7958 0.5317 0.2899
vn -0.8155 0.5449 0.1948
vn -0.8275 0.5529 0.0979
vn -0.8315 0.5556 -0.0000
vn -0.8275 0.5529 -0.0979
vn -0.8155 0.5449 -0.1948
vn -0.7958 0.5317 -0.2899
vn -0.7684 0.5134 -0.3821
vn -0.7336 0.4902 -0.4708
vn -0.6917 0.4622 -0.5549
vn -0.6432 0.4298 -0.6336
vn -0.5886 0.3933 -0.7063
vn -0.5282 0.3530 -0.7723
vn -0.4628 0.3092 -0.8308
vn -0.3929 0.2626 -0.8813
vn -0.3193 0.2133 -0.9233
vn -0.2425 0.1621 -0.9565
vn -0.1634 0.1092 -0.9805
vn -0.0828 0.0553 -0.9950
vn -0.0769 0.0631 0.9950
vn -0.1519 0.1247 0.9805
vn -0.2255 0.1850 0.9565
vn -0.2968 0.2436 0.9233
vn -0.3653 0.2998 0.8813
vn -0.4303 0.3531 0.8308
vn -0.4911 0.4030 0.7723
vn -0.5472 0.4491 0.7063
vn -0.5980 0.4908 0.6336
vn -0.6431 0.5278 0.5549
vn -0.6820 0.5597 0.4708
vn -0.7143 0.5862 0.3821
vn -0.7398 0.6072 0.2899
vn -0.7582 0.6222 0.1948
vn -0.7693 0.6313 0.0979
vn -0.7730 0.6344 -0.0000
vn -0.7693 0.6313 -0.0979
vn -0.7582 0.6222 -0.1948
vn -0.7398 0.6072 -0.2899
vn -0.7143 0.5862 -0.3821
vn -0.6820 0.5597 -0.4708
vn -0.6431 0.5278 -0.5549
vn -0.5980 0.4908 -0.6336
vn -0.5472 0.4491 -0.7063
vn -0.4911 0.4030 -0.7723
vn -0.4303 0.3531 -0.8308
vn -0.3653 0.2998 -0.8813
vn -0.2968 0.2436 -0.9233
vn -0.2255 0.1850 -0.9565
vn -0.1519 0.1247 -0.9805
vn -0.0769 0.0631 -0.9950
vn -0.0704 0.0704 0.9950
vn -0.1390 0.1390 0.9805
vn -0.2063 0.2063 0.9565
vn -0.2715 0.2715 0.9233
vn -0.3342 0.3342 0.8813
vn -0.3936 0.3936 0.8308
vn -0.4492 0.4492 0.7723
vn -0.5005 0.5005 0.7063
vn -0.5470 0.5470 0.6336
vn -0.5883 0.5883 0.5549
vn -0.6239 0.6239 0.4708
vn -0.6534 0.6534 0.3821
vn -0.6768 0.6767 0.2899
vn -0.6936 0.6936 0.1948
vn -0.7037 0.7037 0.0979
vn -0.7071 0.7071 -0.0000
vn -0.7037 0.7037 -0.0979
vn -0.6936 0.6936 -0.1948
vn -0.6768 0.6767 -0.2899
vn -0.6534 0.6534 -0.3821
vn -0.6239 0.6239 -0.4708
vn -0.5883 0.5883 -0.5549
vn -0.5470 0.5470 -0.6336
vn -0.5005 0.5005 -0.7063
vn -0.4492 0.4492 -0.7723
vn -0.3936 0.3936 -0.8308
vn -0.3342 0.3342 -0.8813
vn -0.2715 0.2715 -0.9233
vn -0.2063 0.2063 -0.9565
vn -0.1390 0.1390 -0.9805
vn -0.0704 0.0704 -0.9950
vn -0.0631 0.0769 0.9950
vn -0.1247 0.1519 0.9805
vn -0.1850 0.2255 0.9565
vn -0.2436 0.2968 0.9233
vn -0.2998 0.3653 0.8813
vn -0.3531 0.4303 0.8308
vn -0.4030 0.4911 0.7723
vn -0.4491 0.5472 0.7063
vn -0.4908 0.5980 0.6336
vn -0.5278 0.6431 0.5549
vn -0.5597 0.6820 0.4708
vn -0.5862 0.7143 0.3821
vn -0.6072 0.7398 0.2899
vn -0.6222 0.7582 0.1948
vn -0.6313 0.7693 0.0979
vn -0.6344 0.7730 -0.0000
vn -0.6313 0.7693 -0.0979
vn -0.6222 0.7582 -0.1948
vn -0.6072 0.7398 -0.2899
vn -0.5862 0.7143 -0.3821
vn -0.5597 0.6820 -0.4708
vn -0.5278 0.6431 -0.5549
vn -0.4908 0.5980 -0.6336
vn -0.4491 0.5472 -0.7063
vn -0.4030 0.4911 -0.7723
vn -0.3531 0.4303 -0.8308
vn -0.2998 0.3653 -0.8813
vn -0.2436 0.2968 -0.9233
vn -0.1850 0.2255 -0.9565
vn -0.1247 0.1519 -0.9805
vn -0.0631 0.0769 -0.9950
vn -0.0553 0.0828 0.9950
vn -0.1092 0.1634 0.9805
vn -0.1621 0.2425 0.9565
vn -0.2133 0.3193 0.9233
vn -0.2626 0.3929 0.8813
vn -0.3092 0.4628 0.8308
vn -0.3530 0.5282 0.7723
vn -0.3933 0.5886 0.7063
vn -0.4298 0.6432 0.6336
vn -0.4622 0.6917 0.5549
vn -0.4902 0.7336 0.4708
vn -0.5134 0.7684 0.3821
vn -0.5317 0.7958 0.2899
vn -0.5449 0.8155 0.1948
vn -0.5529 0.8275 0.0979
vn -0.5556 0.8315 -0.0000
vn -0.5529 0.8275 -0.0979
vn -0.5449 0.8155 -0.1948
vn -0.5317 0.7958 -0.2899
vn -0.5134 0.7684 -0.3821
vn -0.4902 0.7336 -0.4708
vn -0.4622 0.6917 -0.5549
vn -0.4298 0.6432 -0.6336
vn -0.3933 0.5886 -0.7063
vn -0.3530 0.5282 -0.7723
vn -0.3092 0.4628 -0.8308
vn -0.2626 0.3929 -0.8813
vn -0.2133 0.3193 -0.9233
vn -0.1621 0.2425 -0.9565
vn -0.1092 0.1634 -0.9805
vn -0.0553 0.0828 -0.9950
vn -0.0469 0.0878 0.9950
vn -0.0927 0.1734 0.9805
vn -0.1375 0.2572 0.9565
vn -0.1810 0.3387 0.9233
vn -0.2228 0.4168 0.8813
vn -0.2624 0.4909 0.8308
vn -0.2995 0.5603 0.7723
vn -0.3337 0.6243 0.7063
vn -0.3647 0.6823 0.6336
vn -0.3922 0.7337 0.5549
vn -0.4159 0.7781 0.4708
vn -0.4356 0.8150 0.3821
vn -0.4512 0.8441 0.2899
vn -0.4624 0.8650 0.1948
vn -0.4691 0.8777 0.0979
vn -0.4714 0.8819 -0.0000
vn -0.4691 0.8777 -0.0979
vn -0.4624 0.8650 -0.1948
vn -0.4512 0.8441 -0.2899
vn -0.4356 0.8150 -0.3821
vn -0.4159 0.7781 -0.4708
vn -0.3922 0.7337 -0.5549
vn -0.3647 0.6823 -0.6336
vn -0.3337 0.6243 -0.7063
vn -0.2995 0.5603 -0.7723
vn -0.2624 0.4909 -0.8308
vn -0.2228 0.4168 -0.8813
vn -0.1810 0.3387 -0.9233
vn -0.1375 0.2572 -0.9565
vn -0.0927 0.1734 -0.9805
vn -0.0469 0.0878 -0.9950
vn -0.0381 0.0920 0.9950
vn -0.0752 0.1816 0.9805
vn -0.1116 0.2695 0.9565
vn -0.1469 0.3548 0.9233
vn -0.1809 0.4366 0.8813
vn -0.2130 0.5143 0.8308
vn -0.2431 0.5869 0.7723
vn -0.2709 0.6540 0.7063
vn -0.2961 0.7147 0.6336
vn -0.3184 0.7686 0.5549
vn -0.3376 0.8151 0.4708
vn -0.3536 0.8538 0.3821
vn -0.3663 0.8842 0.2899
vn -0.3754 0.9062 0.1948
vn -0.3808 0.9194 0.0979
vn -0.3827 0.9239 -0.0000
vn -0.3808 0.9194 -0.0979
vn -0.3754 0.9062 -0.1948
vn -0.3663 0.8842 -0.2899
vn -0.3536 0.8538 -0.3821
vn -0.3376 0.8151 -0.4708
vn -0.3184 0.7686 -0.5549
vn -0.2961 0.7147 -0.6336
vn -0.2709 0.6540 -0.7063
vn -0.2431 0.5869 -0.7723
vn -0.2130 0.5143 -0.8308
vn -0.1809 0.4366 -0.8813
vn -0.1469 0.3548 -0.9233
vn -0.1116 0.2695 -0.9565
vn -0.0752 0.1816 -0.9805
vn -0.0381 0.0920 -0.9950
vn -0.0289 0.0952 0.9950
vn -0.0571 0.1881 0.9805
vn -0.0847 0.2791 0.9565
vn -0.1115 0.3675 0.9233
vn -0.1372 0.4522 0.8813
vn -0.1616 0.5327 0.8308
vn -0.1844 0.6080 0.7723
vn -0.2055 0.6774 0.7063
vn -0.2246 0.7403 0.6336
vn -0.2415 0.7961 0.5549
vn -0.2561 0.8443 0.4708
vn -0.2683 0.8843 0.3821
vn -0.2778 0.9159 0.2899
vn -0.2847 0.9386 0.1948
vn -0.2889 0.9523 0.0979
vn -0.2903 0.9569 -0.0000
vn -0.2889 0.9523 -0.0979
vn -0.2847 0.9386 -0.1948
vn -0.2778 0.9159 -0.2899
vn -0.2683 0.8843 -0.3821
vn -0.2561 0.8443 -0.4708
vn -0.2415 0.7961 -0.5549
vn -0.2246 0.7403 -0.6336
vn -0.2055 0.6774 -0.7063
vn -0.1844 0.6080 -0.7723
vn -0.1616 0.5327 -0.8308
vn -0.1372 0.4522 -0.8813
vn -0.1115 0.3675 -0.9233
vn -0.0847 0.2791 -0.9565
vn -0.0571 0.1881 -0.9805
vn -0.0289 0.0952 -0.9950
vn -0.0194 0.0976 0.9950
vn -0.0384 0.1928 0.9805
vn -0.0569 0.2861 0.9565
vn -0.0749 0.3766 0.9233
vn -0.0922 0.4635 0.8813
vn -0.1086 0.5459 0.8308
vn -0.1239 0.6231 0.7723
vn -0.1381 0.6943 0.7063
vn -0.1509 0.7588 0.6336
vn -0.1623 0.8160 0.5549
vn -0.1721 0.8653 0.4708
vn -0.1803 0.9063 0.3821
vn -0.1867 0.9387 0.2899
vn -0.1914 0.9620 0.1948
vn -0.1942 0.9761 0.0979
vn -0.1951 0.9808 -0.0000
vn -0.1942 0.9761 -0.0979
vn -0.1914 0.9620 -0.1948
vn -0.1867 0.9387 -0.2899
vn -0.1803 0.9063 -0.3821
vn -0.1721 0.8653 -0.4708
vn -0.1623 0.8160 -0.5549
vn -0.1509 0.7588 -0.6336
vn -0.1381 0.6943 -0.7063
vn -0.1239 0.6231 -0.7723
vn -0.1086 0.5459 -0.8308
vn -0.0922 0.4635 -0.8813
vn -0.0749 0.3766 -0.9233
vn -0.0569 0.2861 -0.9565
vn -0.0383 0.1928 -0.9805
vn -0.0194 0.0976 -0.9950
vn -0.0097 0.0991 0.9950
vn -0.0193 0.1956 0.9805
vn -0.0286 0.2903 0.9565
vn -0.0376 0.3821 0.9233
vn -0.0463 0.4703 0.8813
vn -0.0546 0.5539 0.8308
vn -0.0623 0.6322 0.7723
vn -0.0694 0.7045 0.7063
vn -0.0758 0.7699 0.6336
vn -0.0815 0.8279 0.5549
vn -0.0865 0.8780 0.4708
vn -0.0906 0.9197 0.3821
vn -0.0938 0.9525 0.2899
vn -0.0961 0.9761 0.1948
vn -0.0975 0.9904 0.0979
vn -0.0980 0.9952 -0.0000
vn -0.0976 0.9904 -0.0979
vn -0.0961 0.9761 -0.1948
vn -0.0938 0.9525 -0.2899
vn -0.0906 0.9197 -0.3821
vn -0.0865 0.8780 -0.4708
vn -0.0815 0.8279 -0.5549
vn -0.0758 0.7699 -0.6336
vn -0.0694 0.7045 -0.7063
vn -0.0623 0.6322 -0.7723
vn -0.0546 0.5539 -0.8308
vn -0.0463 0.4703 -0.8813
vn -0.0376 0.3821 -0.9233
vn -0.0286 0.2903 -0.9565
vn -0.0193 0.1956 -0.9805
vn -0.0098 0.0991 -0.9950
vn -0.0000 0.1966 0.9805
vn -0.0000 0.3840 0.9233
vn -0.0000 0.4726 0.8813
vn -0.0000 0.5566 0.8308
vn -0.0000 0.6353 0.7723
vn -0.0000 0.7079 0.7063
vn -0.0000 0.7736 0.6336
vn -0.0000 0.8823 0.4708
vn -0.0000 0.9571 0.2899
vn -0.0000 0.9808 -0.1948
vn -0.0000 0.9571 -0.2899
vn -0.0000 0.8823 -0.4708
vn -0.0000 0.8319 -0.5549
vn -0.0000 0.7736 -0.6336
vn -0.0000 0.6353 -0.7723
vn -0.0000 0.5566 -0.8308
vn -0.0000 0.4726 -0.8813
vn -0.0000 0.3840 -0.9233
vn -0.0000 0.1966 -0.9805
vt 0.239584 0.034764
vt 0.243932 0.056865
vt 0.231837 0.049618
vt 0.730074 0.061834
vt 0.749975 0.039874
vt 0.750558 0.056949
vt 0.223436 0.065655
vt 0.234028 0.072002
vt 0.771787 0.053099
vt 0.771183 0.035414
vt 0.223448 0.088105
vt 0.214461 0.082720
vt 0.793557 0.050323
vt 0.792937 0.032196
vt 0.489238 0.143017
vt 0.499704 0.162567
vt 0.487369 0.144137
vt 0.212296 0.105020
vt 0.205000 0.100648
vt 0.815029 0.030254
vt 0.815658 0.048646
vt 0.475151 0.125933
vt 0.478870 0.123704
vt 0.200677 0.122584
vt 0.195143 0.119267
vt 0.837877 0.048085
vt 0.837245 0.029604
vt 0.468700 0.104814
vt 0.463166 0.108130
vt 0.188704 0.140627
vt 0.184985 0.138399
vt 0.859372 0.030254
vt 0.860000 0.048646
vt 0.458827 0.086529
vt 0.451531 0.090900
vt 0.174624 0.157857
vt 0.176493 0.158977
vt 0.881815 0.050323
vt 0.881195 0.032196
vt 0.449345 0.069025
vt 0.440358 0.074410
vt 0.164160 0.177456
vt 0.902506 0.035414
vt 0.903111 0.053099
vt 0.440345 0.052470
vt 0.429753 0.058816
vt 0.923683 0.056949
vt 0.923099 0.039874
vt 0.419820 0.044271
vt 0.431915 0.037024
vt 0.942776 0.045535
vt 0.943333 0.061834
vt 0.424135 0.022836
vt 0.410654 0.030914
vt 0.961871 0.067709
vt 0.961346 0.052343
vt 0.417080 0.010042
vt 0.402343 0.018873
vt 0.978632 0.060230
vt 0.979120 0.074516
vt 0.710533 0.067709
vt 0.691635 0.060230
vt 0.710008 0.052343
vt 0.246603 0.021235
vt 0.253065 0.042842
vt 0.729517 0.045535
vt 0.922433 0.024000
vt 0.419835 0.066170
vt 0.408494 0.052669
vt 0.942140 0.030382
vt 0.398030 0.040274
vt 0.960747 0.038056
vt 0.388542 0.029105
vt 0.261340 0.030066
vt 0.283521 0.029667
vt 0.275140 0.040298
vt 0.709409 0.038056
vt 0.265689 0.052202
vt 0.728881 0.030382
vt 0.255257 0.065263
vt 0.749308 0.024000
vt 0.243946 0.079356
vt 0.770493 0.018972
vt 0.231864 0.094345
vt 0.792230 0.015345
vt 0.485620 0.145434
vt 0.219128 0.110085
vt 0.814311 0.013155
vt 0.471668 0.128515
vt 0.205859 0.126426
vt 0.836524 0.012422
vt 0.457984 0.111973
vt 0.192187 0.143210
vt 0.858654 0.013155
vt 0.444699 0.095966
vt 0.178243 0.160274
vt 0.880488 0.015345
vt 0.431942 0.080649
vt 0.901816 0.018972
vt 0.960078 0.024988
vt 0.375812 0.040641
vt 0.297214 0.042075
vt 0.287871 0.051834
vt 0.691077 0.046948
vt 0.708740 0.024988
vt 0.277335 0.062754
vt 0.385995 0.659781
vt 0.367231 0.638246
vt 0.386704 0.645920
vt 0.265705 0.074730
vt 0.728173 0.016521
vt 0.748566 0.009480
vt 0.253096 0.087646
vt 0.769723 0.003932
vt 0.239628 0.101379
vt 0.427546 0.672371
vt 0.450052 0.660958
vt 0.449264 0.676373
vt 0.484005 0.146897
vt 0.225430 0.115796
vt 0.472134 0.663148
vt 0.471334 0.678789
vt 0.468455 0.131426
vt 0.210640 0.130758
vt 0.494346 0.663881
vt 0.493543 0.679598
vt 0.453203 0.116304
vt 0.195400 0.146121
vt 0.516476 0.663148
vt 0.515676 0.678789
vt 0.438397 0.101677
vt 0.179857 0.161737
vt 0.537522 0.676373
vt 0.538311 0.660958
vt 0.424178 0.087684
vt 0.559639 0.657331
vt 0.558870 0.672371
vt 0.410685 0.074461
vt 0.921690 0.009480
vt 0.398046 0.062135
vt 0.941431 0.016521
vt 0.386384 0.050826
vt 0.287889 0.074396
vt 0.387340 0.630767
vt 0.275175 0.085175
vt 0.407797 0.636428
vt 0.407131 0.652302
vt 0.261389 0.096794
vt 0.428315 0.657331
vt 0.429005 0.640889
vt 0.246664 0.109141
vt 0.450760 0.644106
vt 0.482542 0.148511
vt 0.231142 0.122097
vt 0.472851 0.646049
vt 0.465543 0.134639
vt 0.214973 0.135537
vt 0.495068 0.646699
vt 0.448870 0.121084
vt 0.198312 0.149333
vt 0.517194 0.646049
vt 0.432684 0.107977
vt 0.181320 0.163351
vt 0.539018 0.644106
vt 0.417142 0.095445
vt 0.560329 0.640889
vt 0.402392 0.083608
vt 0.580922 0.636428
vt 0.580255 0.652302
vt 0.388577 0.072581
vt 0.600598 0.630767
vt 0.599962 0.645920
vt 0.375830 0.062468
vt 0.619169 0.623960
vt 0.618569 0.638246
vt 0.364273 0.053368
vt 0.299410 0.064561
vt 0.348900 0.629355
vt 0.367831 0.623960
vt 0.283575 0.096498
vt 0.268745 0.106710
vt 0.429609 0.623204
vt 0.252906 0.117554
vt 0.451379 0.625980
vt 0.481244 0.150260
vt 0.236209 0.128927
vt 0.473480 0.627657
vt 0.462960 0.138121
vt 0.218817 0.140718
vt 0.495699 0.628218
vt 0.445026 0.126265
vt 0.200895 0.152815
vt 0.517823 0.627657
vt 0.427617 0.114808
vt 0.182618 0.165100
vt 0.539637 0.625980
vt 0.410900 0.103859
vt 0.560933 0.623204
vt 0.395036 0.093524
vt 0.581505 0.619354
vt 0.380177 0.083903
vt 0.601155 0.614468
vt 0.366467 0.075089
vt 0.619694 0.608594
vt 0.354038 0.067165
vt 0.636943 0.601787
vt 0.636454 0.616073
vt 0.349945 0.601787
vt 0.368356 0.608594
vt 0.297252 0.087017
vt 0.387897 0.614468
vt 0.408381 0.619354
vt 0.480124 0.152128
vt 0.240582 0.136221
vt 0.474013 0.608149
vt 0.460730 0.141839
vt 0.222134 0.146251
vt 0.496235 0.608615
vt 0.441709 0.131798
vt 0.203125 0.156533
vt 0.518356 0.608149
vt 0.423244 0.122102
vt 0.183738 0.166969
vt 0.540163 0.606754
vt 0.405513 0.112844
vt 0.561446 0.604445
vt 0.388687 0.104113
vt 0.582000 0.601244
vt 0.372928 0.095995
vt 0.601628 0.597180
vt 0.358387 0.088566
vt 0.620139 0.592295
vt 0.333222 0.580252
vt 0.350359 0.586634
vt 0.637357 0.586634
vt 0.368801 0.592295
vt 0.309645 0.078358
vt 0.305332 0.100494
vt 0.388369 0.597180
vt 0.290824 0.108589
vt 0.408876 0.601244
vt 0.275094 0.117299
vt 0.430122 0.604445
vt 0.258292 0.126539
vt 0.451905 0.606754
vt 0.438951 0.137629
vt 0.224892 0.152082
vt 0.204979 0.160452
vt 0.518789 0.587712
vt 0.419608 0.129789
vt 0.184669 0.168937
vt 0.540590 0.586614
vt 0.401034 0.122313
vt 0.561862 0.584794
vt 0.383407 0.115274
vt 0.582402 0.582272
vt 0.366899 0.108738
vt 0.602011 0.579070
vt 0.351667 0.102770
vt 0.620501 0.575220
vt 0.350696 0.570760
vt 0.637693 0.570760
vt 0.369163 0.575220
vt 0.325824 0.108620
vt 0.312052 0.114698
vt 0.388753 0.579070
vt 0.296853 0.121333
vt 0.409277 0.582272
vt 0.280373 0.128459
vt 0.430539 0.584794
vt 0.262772 0.136008
vt 0.452331 0.586614
vt 0.479193 0.154097
vt 0.244219 0.143908
vt 0.474446 0.587712
vt 0.458876 0.145758
vt 0.496670 0.588080
vt 0.397504 0.132176
vt 0.185403 0.170988
vt 0.562178 0.564440
vt 0.379247 0.126897
vt 0.582707 0.562621
vt 0.362149 0.122011
vt 0.602302 0.560312
vt 0.346372 0.117565
vt 0.620775 0.557535
vt 0.333529 0.565731
vt 0.350951 0.554318
vt 0.637948 0.554318
vt 0.369437 0.557535
vt 0.331613 0.124793
vt 0.317347 0.129493
vt 0.389044 0.560312
vt 0.301603 0.134606
vt 0.409582 0.562621
vt 0.284533 0.140083
vt 0.430854 0.564440
vt 0.266302 0.145871
vt 0.452655 0.565752
vt 0.478459 0.156148
vt 0.247085 0.151915
vt 0.474775 0.566545
vt 0.457415 0.149840
vt 0.227066 0.158156
vt 0.497000 0.566810
vt 0.436777 0.143702
vt 0.206439 0.164534
vt 0.519117 0.566545
vt 0.416742 0.137795
vt 0.540913 0.565752
vt 0.376247 0.138873
vt 0.358722 0.135686
vt 0.582912 0.542480
vt 0.602498 0.541086
vt 0.342553 0.132807
vt 0.620960 0.539409
vt 0.333763 0.550691
vt 0.351122 0.537466
vt 0.638120 0.537466
vt 0.369622 0.539409
vt 0.653655 0.550691
vt 0.653812 0.535276
vt 0.389240 0.541086
vt 0.305029 0.148280
vt 0.409787 0.542480
vt 0.287534 0.152058
vt 0.431067 0.543579
vt 0.268848 0.156032
vt 0.452873 0.544371
vt 0.477930 0.158261
vt 0.249151 0.160164
vt 0.474995 0.544850
vt 0.456362 0.154045
vt 0.228634 0.164413
vt 0.497222 0.545010
vt 0.435209 0.149960
vt 0.207493 0.168739
vt 0.519338 0.544850
vt 0.414675 0.146044
vt 0.185933 0.173101
vt 0.541131 0.544371
vt 0.394958 0.142337
vt 0.562390 0.543579
vt 0.333919 0.535276
vt 0.351208 0.520367
vt 0.638206 0.520367
vt 0.369714 0.521017
vt 0.653891 0.519635
vt 0.389338 0.521577
vt 0.321166 0.144735
vt 0.307098 0.162225
vt 0.409890 0.522044
vt 0.289346 0.164270
vt 0.431173 0.522411
vt 0.270385 0.166394
vt 0.452982 0.522676
vt 0.477610 0.160415
vt 0.250399 0.168575
vt 0.475106 0.522836
vt 0.455726 0.158333
vt 0.229581 0.170794
vt 0.497333 0.522890
vt 0.434262 0.156340
vt 0.208129 0.173028
vt 0.519449 0.522836
vt 0.413427 0.154456
vt 0.186252 0.175256
vt 0.541240 0.522676
vt 0.393421 0.152699
vt 0.562497 0.522411
vt 0.374435 0.151085
vt 0.583015 0.522044
vt 0.356653 0.149631
vt 0.602596 0.521577
vt 0.340247 0.148349
vt 0.621052 0.521017
vt 0.389338 0.501975
vt 0.323472 0.160278
vt 0.307790 0.176305
vt 0.409890 0.501509
vt 0.289952 0.176601
vt 0.431173 0.501141
vt 0.270899 0.176857
vt 0.452982 0.500876
vt 0.477503 0.162591
vt 0.250817 0.177069
vt 0.475106 0.500716
vt 0.455513 0.162663
vt 0.229897 0.177237
vt 0.497333 0.500663
vt 0.433946 0.162783
vt 0.208342 0.177358
vt 0.519449 0.500716
vt 0.413010 0.162950
vt 0.186359 0.177431
vt 0.541240 0.500876
vt 0.392906 0.163161
vt 0.562497 0.501141
vt 0.373829 0.163416
vt 0.583015 0.501509
vt 0.355961 0.163711
vt 0.602596 0.501975
vt 0.339476 0.164044
vt 0.621052 0.502536
vt 0.333998 0.519635
vt 0.351208 0.503185
vt 0.638206 0.503185
vt 0.369714 0.502536
vt 0.653891 0.503918
vt 0.431067 0.479974
vt 0.289346 0.188932
vt 0.270385 0.187319
vt 0.452873 0.479181
vt 0.477610 0.164766
vt 0.250399 0.185563
vt 0.474995 0.478703
vt 0.455726 0.166993
vt 0.229581 0.183680
vt 0.497222 0.478543
vt 0.434262 0.169226
vt 0.208129 0.181688
vt 0.519338 0.478703
vt 0.413427 0.171443
vt 0.186252 0.179607
vt 0.541131 0.479181
vt 0.393421 0.173624
vt 0.562390 0.479974
vt 0.374435 0.175747
vt 0.582912 0.481072
vt 0.356653 0.177791
vt 0.602498 0.482467
vt 0.340247 0.179738
vt 0.620960 0.484143
vt 0.333998 0.503918
vt 0.351122 0.486086
vt 0.638120 0.486086
vt 0.369622 0.484143
vt 0.653812 0.488276
vt 0.389240 0.482467
vt 0.324243 0.175972
vt 0.307098 0.190385
vt 0.409787 0.481072
vt 0.474775 0.457007
vt 0.456362 0.171282
vt 0.228634 0.190060
vt 0.497000 0.456742
vt 0.435209 0.175607
vt 0.207493 0.185976
vt 0.519117 0.457008
vt 0.414675 0.179855
vt 0.185933 0.181761
vt 0.540913 0.457800
vt 0.394958 0.183986
vt 0.562178 0.459112
vt 0.376247 0.187959
vt 0.582707 0.460932
vt 0.358722 0.191736
vt 0.602302 0.463241
vt 0.342553 0.195281
vt 0.620775 0.466017
vt 0.333919 0.488276
vt 0.350951 0.469235
vt 0.637948 0.469235
vt 0.369437 0.466017
vt 0.653655 0.472861
vt 0.389044 0.463241
vt 0.323472 0.191666
vt 0.305029 0.204330
vt 0.409582 0.460932
vt 0.287534 0.201144
vt 0.430854 0.459112
vt 0.268848 0.197681
vt 0.452655 0.457800
vt 0.477930 0.166921
vt 0.249151 0.193975
vt 0.518789 0.435840
vt 0.436777 0.181864
vt 0.416742 0.188104
vt 0.206439 0.190181
vt 0.185403 0.183874
vt 0.540590 0.436939
vt 0.397504 0.194147
vt 0.561862 0.438758
vt 0.379247 0.199934
vt 0.582402 0.441281
vt 0.362149 0.205411
vt 0.602011 0.444482
vt 0.346372 0.210523
vt 0.620501 0.448332
vt 0.333763 0.472861
vt 0.350696 0.452793
vt 0.637693 0.452793
vt 0.369163 0.448332
vt 0.653422 0.457821
vt 0.388753 0.444482
vt 0.321166 0.207209
vt 0.301603 0.218005
vt 0.409278 0.441281
vt 0.284533 0.213120
vt 0.430539 0.438758
vt 0.266302 0.207842
vt 0.452331 0.436939
vt 0.478459 0.169034
vt 0.247085 0.202224
vt 0.474446 0.435840
vt 0.457415 0.175487
vt 0.227066 0.196318
vt 0.496670 0.435472
vt 0.561446 0.419107
vt 0.383408 0.211559
vt 0.582000 0.422309
vt 0.366899 0.218684
vt 0.601628 0.426372
vt 0.351667 0.225318
vt 0.620139 0.431258
vt 0.333529 0.457821
vt 0.350359 0.436919
vt 0.637357 0.436919
vt 0.368801 0.431258
vt 0.317347 0.222451
vt 0.325824 0.242589
vt 0.312052 0.237246
vt 0.388369 0.426372
vt 0.296853 0.231278
vt 0.408876 0.422309
vt 0.280373 0.224744
vt 0.430122 0.419107
vt 0.262772 0.217705
vt 0.451905 0.416798
vt 0.479193 0.171085
vt 0.244219 0.210230
vt 0.474013 0.415404
vt 0.458876 0.179569
vt 0.224892 0.202391
vt 0.496235 0.414937
vt 0.438951 0.187938
vt 0.204979 0.194263
vt 0.518356 0.415404
vt 0.419608 0.196111
vt 0.184669 0.185925
vt 0.540163 0.416798
vt 0.401034 0.204010
vt 0.601155 0.409084
vt 0.372928 0.231428
vt 0.358387 0.239522
vt 0.619694 0.414959
vt 0.333222 0.443301
vt 0.349945 0.421766
vt 0.636943 0.421766
vt 0.368356 0.414959
vt 0.318478 0.258117
vt 0.305332 0.251450
vt 0.387897 0.409084
vt 0.290824 0.244022
vt 0.408381 0.404198
vt 0.275094 0.235904
vt 0.429609 0.400349
vt 0.258292 0.227175
vt 0.451379 0.397572
vt 0.480124 0.173054
vt 0.240582 0.217918
vt 0.473480 0.395895
vt 0.460730 0.183488
vt 0.222134 0.208223
vt 0.495699 0.395335
vt 0.441709 0.193769
vt 0.203125 0.198182
vt 0.517823 0.395895
vt 0.423244 0.203799
vt 0.183738 0.187894
vt 0.539637 0.397572
vt 0.405514 0.213480
vt 0.560933 0.400349
vt 0.388687 0.222719
vt 0.581505 0.404198
vt 0.636454 0.407480
vt 0.349457 0.407480
vt 0.367831 0.399592
vt 0.309645 0.272851
vt 0.297252 0.264928
vt 0.387340 0.392785
vt 0.283575 0.256114
vt 0.407797 0.387124
vt 0.268745 0.246494
vt 0.429005 0.382663
vt 0.252906 0.236160
vt 0.450760 0.379446
vt 0.481244 0.174922
vt 0.236209 0.225212
vt 0.472851 0.377503
vt 0.462960 0.187206
vt 0.218817 0.213755
vt 0.495068 0.376853
vt 0.445026 0.199302
vt 0.200895 0.201901
vt 0.517194 0.377503
vt 0.427617 0.211093
vt 0.182618 0.189762
vt 0.539018 0.379446
vt 0.410900 0.222465
vt 0.560329 0.382663
vt 0.395036 0.233308
vt 0.580922 0.387124
vt 0.380177 0.243520
vt 0.600598 0.392785
vt 0.366467 0.253000
vt 0.619169 0.399592
vt 0.354038 0.261658
vt 0.345205 0.246924
vt 0.275175 0.267437
vt 0.386704 0.377632
vt 0.407131 0.371250
vt 0.261389 0.256410
vt 0.428315 0.366221
vt 0.246664 0.244574
vt 0.450052 0.362594
vt 0.482542 0.176671
vt 0.231142 0.232042
vt 0.472134 0.360404
vt 0.465543 0.190688
vt 0.214973 0.218937
vt 0.494346 0.359672
vt 0.448870 0.204483
vt 0.198312 0.205383
vt 0.516476 0.360404
vt 0.432684 0.217923
vt 0.181320 0.191511
vt 0.538311 0.362594
vt 0.417142 0.230878
vt 0.559639 0.366221
vt 0.402392 0.243225
vt 0.580255 0.371250
vt 0.388577 0.254843
vt 0.599962 0.377632
vt 0.375830 0.265621
vt 0.618569 0.385306
vt 0.364273 0.275455
vt 0.635897 0.394198
vt 0.367231 0.385306
vt 0.299410 0.286648
vt 0.287889 0.277549
vt 0.253096 0.265558
vt 0.239628 0.252335
vt 0.427546 0.351181
vt 0.449264 0.347179
vt 0.484005 0.178285
vt 0.225430 0.238343
vt 0.471334 0.344763
vt 0.468455 0.193901
vt 0.210640 0.223716
vt 0.493543 0.343955
vt 0.453203 0.209263
vt 0.195400 0.208595
vt 0.835369 0.668628
vt 0.856777 0.652178
vt 0.857577 0.667820
vt 0.438397 0.224224
vt 0.179857 0.193125
vt 0.879647 0.665403
vt 0.878859 0.649988
vt 0.424178 0.238640
vt 0.900596 0.646361
vt 0.901365 0.661402
vt 0.410685 0.252372
vt 0.921780 0.641333
vt 0.922523 0.655853
vt 0.398046 0.265288
vt 0.942207 0.634951
vt 0.942916 0.648812
vt 0.386384 0.277264
vt 0.962349 0.640345
vt 0.961680 0.627277
vt 0.375812 0.288183
vt 0.980012 0.618385
vt 0.980633 0.630534
vt 0.354018 0.284251
vt 0.366429 0.297942
vt 0.287871 0.299376
vt 0.277335 0.289192
vt 0.385995 0.363771
vt 0.265705 0.277883
vt 0.406388 0.356729
vt 0.471668 0.196812
vt 0.219128 0.244054
vt 0.205859 0.228048
vt 0.834565 0.652911
vt 0.811717 0.635079
vt 0.833844 0.635729
vt 0.457984 0.213595
vt 0.192187 0.211507
vt 0.856060 0.635079
vt 0.444699 0.229935
vt 0.178243 0.194588
vt 0.878151 0.633137
vt 0.431942 0.245675
vt 0.899906 0.629919
vt 0.419835 0.260664
vt 0.921114 0.625459
vt 0.408494 0.274756
vt 0.941571 0.619798
vt 0.398030 0.287816
vt 0.961081 0.612991
vt 0.388542 0.299719
vt 0.979454 0.605103
vt 0.380123 0.310350
vt 0.275140 0.310912
vt 0.265689 0.299744
vt 0.710342 0.627277
vt 0.728313 0.619798
vt 0.728949 0.634951
vt 0.255258 0.287350
vt 0.748656 0.641333
vt 0.747989 0.625459
vt 0.243946 0.273849
vt 0.768582 0.629919
vt 0.769272 0.646361
vt 0.231864 0.259370
vt 0.790601 0.649988
vt 0.789893 0.633137
vt 0.485620 0.179748
vt 0.812435 0.652178
vt 0.451531 0.235001
vt 0.176493 0.195886
vt 0.855431 0.616687
vt 0.877532 0.615011
vt 0.440358 0.251915
vt 0.899302 0.612234
vt 0.429753 0.268018
vt 0.920531 0.608384
vt 0.419820 0.283154
vt 0.941014 0.603499
vt 0.410654 0.297177
vt 0.960555 0.597624
vt 0.402343 0.309952
vt 0.978966 0.590817
vt 0.709743 0.612990
vt 0.691969 0.590817
vt 0.709217 0.597624
vt 0.261340 0.321145
vt 0.253065 0.309105
vt 0.727756 0.603499
vt 0.243932 0.295748
vt 0.747406 0.608384
vt 0.234028 0.281203
vt 0.767978 0.612234
vt 0.223448 0.265611
vt 0.789274 0.615010
vt 0.487369 0.181046
vt 0.212296 0.249120
vt 0.811089 0.616687
vt 0.475151 0.199395
vt 0.200677 0.231891
vt 0.833212 0.617248
vt 0.463166 0.217438
vt 0.188704 0.214089
vt 0.440345 0.274365
vt 0.898789 0.593476
vt 0.920036 0.590274
vt 0.431915 0.290402
vt 0.940542 0.586211
vt 0.424135 0.305255
vt 0.960110 0.581325
vt 0.417080 0.318784
vt 0.978552 0.575664
vt 0.691554 0.575664
vt 0.708772 0.581325
vt 0.996068 0.583143
vt 0.995689 0.569282
vt 0.727283 0.586211
vt 0.231837 0.302996
vt 0.746911 0.590274
vt 0.223436 0.287550
vt 0.767465 0.593476
vt 0.214461 0.270996
vt 0.788748 0.595785
vt 0.489238 0.182165
vt 0.205000 0.253492
vt 0.810555 0.597179
vt 0.478870 0.201623
vt 0.195143 0.235208
vt 0.832676 0.597645
vt 0.468700 0.220754
vt 0.184985 0.216318
vt 0.854898 0.597179
vt 0.458827 0.239373
vt 0.174624 0.197005
vt 0.877006 0.595785
vt 0.449345 0.257301
vt 0.444662 0.296429
vt 0.438343 0.311974
vt 0.940158 0.568100
vt 0.959748 0.564251
vt 0.432612 0.326128
vt 0.978215 0.559790
vt 0.691218 0.559790
vt 0.708410 0.564251
vt 0.995382 0.554761
vt 0.726900 0.568100
vt 0.239584 0.317183
vt 0.219090 0.309023
vt 0.746509 0.571302
vt 0.212273 0.292829
vt 0.767049 0.573825
vt 0.204989 0.275475
vt 0.788322 0.575644
vt 0.491208 0.183097
vt 0.197310 0.257128
vt 0.810122 0.576743
vt 0.482790 0.203477
vt 0.189310 0.237966
vt 0.832241 0.577110
vt 0.474533 0.223512
vt 0.181065 0.218172
vt 0.854465 0.576743
vt 0.466516 0.243009
vt 0.172655 0.197937
vt 0.876580 0.575644
vt 0.458817 0.261780
vt 0.898373 0.573825
vt 0.451508 0.279644
vt 0.919634 0.571302
vt 0.690963 0.543348
vt 0.708136 0.546565
vt 0.977960 0.543348
vt 0.995149 0.539721
vt 0.726609 0.549342
vt 0.225376 0.323902
vt 0.205814 0.313773
vt 0.746204 0.551651
vt 0.200646 0.296989
vt 0.766733 0.553470
vt 0.195124 0.279004
vt 0.787998 0.554783
vt 0.493259 0.183830
vt 0.189302 0.259993
vt 0.809794 0.555575
vt 0.486873 0.204938
vt 0.183235 0.240139
vt 0.831911 0.555840
vt 0.480608 0.225685
vt 0.176982 0.219632
vt 0.854137 0.555575
vt 0.474525 0.245874
vt 0.170603 0.198671
vt 0.876256 0.554783
vt 0.468682 0.265309
vt 0.898057 0.553470
vt 0.463135 0.283803
vt 0.919329 0.551651
vt 0.457938 0.301179
vt 0.939867 0.549342
vt 0.453141 0.317268
vt 0.959474 0.546565
vt 0.448790 0.331916
vt 0.726413 0.530116
vt 0.745999 0.531510
vt 0.188667 0.299989
vt 0.766521 0.532609
vt 0.184960 0.281550
vt 0.787780 0.533401
vt 0.495372 0.184360
vt 0.181051 0.262060
vt 0.809573 0.533880
vt 0.491079 0.205991
vt 0.176976 0.241706
vt 0.831689 0.534040
vt 0.486867 0.227253
vt 0.172776 0.220686
vt 0.853916 0.533880
vt 0.482776 0.247941
vt 0.168490 0.199200
vt 0.876039 0.533401
vt 0.478846 0.267855
vt 0.897845 0.532609
vt 0.475114 0.286803
vt 0.919124 0.531510
vt 0.471616 0.304604
vt 0.939671 0.530116
vt 0.468387 0.321086
vt 0.959289 0.528439
vt 0.675256 0.539721
vt 0.690792 0.526496
vt 0.977789 0.526496
vt 0.707951 0.528439
vt 0.994992 0.524306
vt 0.210578 0.329196
vt 0.192136 0.317199
vt 0.766414 0.511441
vt 0.787671 0.511706
vt 0.497527 0.184679
vt 0.172637 0.263308
vt 0.809462 0.511866
vt 0.495369 0.206627
vt 0.170594 0.242653
vt 0.831578 0.511920
vt 0.493249 0.228200
vt 0.168486 0.221322
vt 0.853805 0.511866
vt 0.491190 0.249189
vt 0.166335 0.199519
vt 0.875929 0.511706
vt 0.489210 0.269392
vt 0.897738 0.511441
vt 0.487329 0.288615
vt 0.919021 0.511074
vt 0.485564 0.306673
vt 0.939573 0.510608
vt 0.483934 0.323392
vt 0.959197 0.510047
vt 0.675099 0.524306
vt 0.690705 0.509397
vt 0.977703 0.509397
vt 0.707859 0.510047
vt 0.994913 0.508665
vt 0.726315 0.510608
vt 0.195332 0.333014
vt 0.178187 0.319268
vt 0.745896 0.511074
vt 0.176452 0.301800
vt 0.174596 0.283087
vt 0.726315 0.491005
vt 0.745896 0.490539
vt 0.164104 0.319960
vt 0.164118 0.302406
vt 0.766414 0.490171
vt 0.164131 0.283601
vt 0.787671 0.489906
vt 0.499703 0.184786
vt 0.164141 0.263725
vt 0.809462 0.489746
vt 0.499700 0.206840
vt 0.164149 0.242970
vt 0.831578 0.489693
vt 0.499694 0.228516
vt 0.164155 0.221535
vt 0.853805 0.489746
vt 0.499686 0.249606
vt 0.164159 0.199626
vt 0.875929 0.489906
vt 0.499675 0.269906
vt 0.897738 0.490171
vt 0.499663 0.289221
vt 0.919021 0.490539
vt 0.499648 0.307365
vt 0.939573 0.491005
vt 0.499632 0.324163
vt 0.959197 0.491566
vt 0.675020 0.508665
vt 0.690705 0.492216
vt 0.977703 0.492216
vt 0.707859 0.491566
vt 0.994913 0.492948
vt 0.179785 0.335320
vt 0.766521 0.469004
vt 0.787780 0.468211
vt 0.501879 0.184679
vt 0.155645 0.263308
vt 0.809573 0.467733
vt 0.504031 0.206628
vt 0.157705 0.242653
vt 0.831689 0.467573
vt 0.506138 0.228200
vt 0.159824 0.221322
vt 0.853916 0.467733
vt 0.508181 0.249189
vt 0.161983 0.199520
vt 0.876039 0.468211
vt 0.510140 0.269392
vt 0.897845 0.469004
vt 0.511996 0.288616
vt 0.919124 0.470102
vt 0.513732 0.306674
vt 0.939671 0.471497
vt 0.515330 0.323393
vt 0.959289 0.473174
vt 0.675020 0.492948
vt 0.690792 0.475116
vt 0.977789 0.475116
vt 0.707951 0.473174
vt 0.994992 0.477307
vt 0.726413 0.471497
vt 0.164087 0.336092
vt 0.150020 0.319268
vt 0.745999 0.470102
vt 0.151784 0.301801
vt 0.153666 0.283088
vt 0.809794 0.446038
vt 0.831911 0.445773
vt 0.508320 0.205992
vt 0.512521 0.227254
vt 0.155535 0.220686
vt 0.854137 0.446038
vt 0.516595 0.247941
vt 0.159828 0.199200
vt 0.876256 0.446830
vt 0.520505 0.267856
vt 0.898057 0.448142
vt 0.524212 0.286805
vt 0.919329 0.449962
vt 0.527680 0.304606
vt 0.939867 0.452271
vt 0.530877 0.321088
vt 0.959474 0.455048
vt 0.675099 0.477307
vt 0.690963 0.458265
vt 0.977960 0.458265
vt 0.708136 0.455048
vt 0.995149 0.461892
vt 0.726609 0.452271
vt 0.148389 0.335321
vt 0.136072 0.317200
vt 0.746204 0.449962
vt 0.139569 0.299990
vt 0.766733 0.448142
vt 0.143301 0.281551
vt 0.787998 0.446830
vt 0.504034 0.184360
vt 0.147232 0.262061
vt 0.151323 0.241707
vt 0.854465 0.424870
vt 0.876580 0.425969
vt 0.524846 0.245875
vt 0.530668 0.265311
vt 0.157714 0.198671
vt 0.898373 0.427788
vt 0.536190 0.283805
vt 0.919634 0.430311
vt 0.541358 0.301181
vt 0.940158 0.433513
vt 0.546122 0.317270
vt 0.959748 0.437362
vt 0.550437 0.331918
vt 0.533771 0.336092
vt 0.978215 0.441823
vt 0.691218 0.441823
vt 0.708410 0.437362
vt 0.995382 0.446852
vt 0.726900 0.433513
vt 0.132842 0.333016
vt 0.122394 0.313775
vt 0.746509 0.430311
vt 0.127591 0.296990
vt 0.767049 0.427788
vt 0.133137 0.279006
vt 0.788322 0.425969
vt 0.506148 0.183831
vt 0.138981 0.259995
vt 0.810122 0.424870
vt 0.512526 0.204938
vt 0.145064 0.240140
vt 0.832241 0.424503
vt 0.518779 0.225686
vt 0.151329 0.219633
vt 0.898789 0.408137
vt 0.920036 0.411339
vt 0.547817 0.279646
vt 0.554635 0.296432
vt 0.940542 0.415402
vt 0.560921 0.311977
vt 0.960110 0.420288
vt 0.566615 0.326132
vt 0.978552 0.425949
vt 0.691554 0.425949
vt 0.708772 0.420288
vt 0.995689 0.432331
vt 0.727283 0.415402
vt 0.117597 0.329198
vt 0.109117 0.309026
vt 0.746911 0.411339
vt 0.115964 0.292832
vt 0.767465 0.408137
vt 0.123272 0.275477
vt 0.788748 0.405828
vt 0.508199 0.183097
vt 0.130972 0.257130
vt 0.810555 0.404434
vt 0.516609 0.203478
vt 0.138989 0.237967
vt 0.832676 0.403967
vt 0.524854 0.223513
vt 0.147246 0.218172
vt 0.854898 0.404434
vt 0.532855 0.243011
vt 0.155663 0.197937
vt 0.877006 0.405828
vt 0.540534 0.261782
vt 0.941014 0.398114
vt 0.960555 0.403989
vt 0.582147 0.318788
vt 0.978966 0.410796
vt 0.691969 0.410796
vt 0.709217 0.403989
vt 0.996068 0.418470
vt 0.727756 0.398114
vt 0.102798 0.323905
vt 0.096370 0.302999
vt 0.747406 0.393228
vt 0.104801 0.287553
vt 0.767978 0.389379
vt 0.113800 0.270999
vt 0.789274 0.386602
vt 0.510168 0.182166
vt 0.123283 0.253494
vt 0.811089 0.384926
vt 0.520529 0.201624
vt 0.133156 0.235209
vt 0.833212 0.384365
vt 0.530687 0.220756
vt 0.143326 0.216319
vt 0.855431 0.384926
vt 0.540544 0.239375
vt 0.153694 0.197006
vt 0.877532 0.386602
vt 0.550006 0.257303
vt 0.899302 0.389379
vt 0.558980 0.274368
vt 0.920531 0.393228
vt 0.567381 0.290405
vt 0.575129 0.305259
vt 0.088590 0.317187
vt 0.066799 0.321150
vt 0.075110 0.309109
vt 0.728313 0.381815
vt 0.084276 0.295752
vt 0.747989 0.376154
vt 0.094209 0.281207
vt 0.768582 0.371693
vt 0.104813 0.265613
vt 0.789893 0.368476
vt 0.512037 0.181046
vt 0.115987 0.249123
vt 0.811717 0.366534
vt 0.524249 0.199396
vt 0.127622 0.231893
vt 0.833844 0.365884
vt 0.536221 0.217439
vt 0.139606 0.214090
vt 0.856060 0.366534
vt 0.547840 0.235003
vt 0.151825 0.195886
vt 0.878151 0.368476
vt 0.558993 0.251918
vt 0.899906 0.371693
vt 0.569572 0.268021
vt 0.921114 0.376154
vt 0.579476 0.283158
vt 0.941571 0.381815
vt 0.588610 0.297181
vt 0.961081 0.388622
vt 0.596884 0.309957
vt 0.979454 0.396510
vt 0.692457 0.396510
vt 0.709743 0.388622
vt 0.084290 0.273853
vt 0.769272 0.355252
vt 0.096397 0.259374
vt 0.790601 0.351625
vt 0.513787 0.179749
vt 0.109155 0.244057
vt 0.812435 0.349434
vt 0.527732 0.196813
vt 0.122439 0.228050
vt 0.834565 0.348702
vt 0.541404 0.213597
vt 0.136123 0.211508
vt 0.856777 0.349434
vt 0.554672 0.229938
vt 0.150075 0.194589
vt 0.878859 0.351625
vt 0.567409 0.245678
vt 0.900596 0.355252
vt 0.579491 0.260667
vt 0.921780 0.360280
vt 0.590802 0.274760
vt 0.942207 0.366662
vt 0.601233 0.287821
vt 0.961680 0.374336
vt 0.610685 0.299725
vt 0.980012 0.383228
vt 0.604221 0.321362
vt 0.619065 0.310356
vt 0.052998 0.310918
vt 0.062486 0.299749
vt 0.728949 0.366662
vt 0.072950 0.287355
vt 0.748656 0.360280
vt 0.102852 0.238346
vt 0.120300 0.676373
vt 0.141346 0.663148
vt 0.142146 0.678789
vt 0.530945 0.193902
vt 0.117659 0.223719
vt 0.164280 0.679598
vt 0.163476 0.663881
vt 0.546185 0.209265
vt 0.132910 0.208597
vt 0.185689 0.663148
vt 0.186489 0.678789
vt 0.560975 0.224227
vt 0.148461 0.193126
vt 0.208558 0.676373
vt 0.207770 0.660958
vt 0.575172 0.238644
vt 0.229507 0.657331
vt 0.230277 0.672371
vt 0.588640 0.252377
vt 0.901365 0.340211
vt 0.922523 0.345760
vt 0.601250 0.265293
vt 0.942916 0.352801
vt 0.612879 0.277269
vt 0.291260 0.651315
vt 0.271119 0.645920
vt 0.290591 0.638247
vt 0.623416 0.288189
vt 0.308923 0.629355
vt 0.309544 0.641504
vt 0.632759 0.297948
vt 0.040267 0.299382
vt 0.050840 0.289197
vt 0.039922 0.651315
vt 0.057860 0.645920
vt 0.058569 0.659782
vt 0.062502 0.277888
vt 0.729658 0.352801
vt 0.749398 0.345760
vt 0.075140 0.265562
vt 0.770042 0.340211
vt 0.088634 0.252339
vt 0.098184 0.657331
vt 0.119512 0.660958
vt 0.515401 0.178286
vt 0.113326 0.218939
vt 0.129998 0.205385
vt 0.184971 0.646049
vt 0.566687 0.217926
vt 0.146998 0.191512
vt 0.207063 0.644106
vt 0.582208 0.230882
vt 0.228817 0.640889
vt 0.596933 0.243230
vt 0.250692 0.652303
vt 0.250025 0.636429
vt 0.610719 0.254848
vt 0.270483 0.630767
vt 0.623434 0.265627
vt 0.289992 0.623960
vt 0.634954 0.275462
vt 0.308365 0.616073
vt 0.645170 0.284258
vt 0.028729 0.286655
vt 0.040285 0.277555
vt 0.039253 0.638247
vt 0.057224 0.630767
vt 0.053032 0.267443
vt 0.077567 0.652303
vt 0.076901 0.636429
vt 0.066847 0.256415
vt 0.097494 0.640889
vt 0.081597 0.244578
vt 0.118804 0.644106
vt 0.516864 0.176672
vt 0.097140 0.232046
vt 0.140628 0.646049
vt 0.533857 0.190690
vt 0.162755 0.646699
vt 0.550518 0.204486
vt 0.145700 0.189763
vt 0.228213 0.623204
vt 0.604289 0.233314
vt 0.249442 0.619354
vt 0.619119 0.243526
vt 0.269926 0.614469
vt 0.632796 0.253006
vt 0.289467 0.608594
vt 0.645189 0.261665
vt 0.307877 0.601787
vt 0.038654 0.623960
vt 0.020880 0.601787
vt 0.038129 0.608594
vt 0.018493 0.272858
vt 0.030923 0.264935
vt 0.056667 0.614469
vt 0.044633 0.256120
vt 0.076317 0.619354
vt 0.059491 0.246499
vt 0.096889 0.623204
vt 0.075356 0.236164
vt 0.118185 0.625980
vt 0.518162 0.174923
vt 0.092073 0.225215
vt 0.140000 0.627657
vt 0.536440 0.187208
vt 0.109482 0.213758
vt 0.162123 0.628218
vt 0.554361 0.199305
vt 0.127415 0.201903
vt 0.184342 0.627657
vt 0.571754 0.211096
vt 0.206443 0.625980
vt 0.588450 0.222469
vt 0.269453 0.597181
vt 0.626368 0.231434
vt 0.640876 0.239529
vt 0.289021 0.592295
vt 0.654023 0.246932
vt 0.307463 0.586634
vt 0.020466 0.586634
vt 0.037683 0.592295
vt 0.324980 0.594113
vt 0.324601 0.580252
vt 0.056195 0.597181
vt 0.037383 0.244028
vt 0.075822 0.601244
vt 0.053143 0.235910
vt 0.096376 0.604445
vt 0.069969 0.227179
vt 0.117659 0.606754
vt 0.519282 0.173055
vt 0.087700 0.217922
vt 0.139466 0.608149
vt 0.538669 0.183490
vt 0.106165 0.208225
vt 0.161587 0.608615
vt 0.557678 0.193772
vt 0.125186 0.198184
vt 0.183809 0.608149
vt 0.576127 0.203802
vt 0.144580 0.187895
vt 0.205918 0.606754
vt 0.593837 0.213484
vt 0.227700 0.604445
vt 0.610638 0.222724
vt 0.248947 0.601244
vt 0.307127 0.570760
vt 0.020129 0.570760
vt 0.037321 0.575220
vt 0.324293 0.565731
vt 0.055811 0.579070
vt 0.022843 0.251457
vt 0.031355 0.231285
vt 0.075420 0.582272
vt 0.047863 0.224750
vt 0.095960 0.584794
vt 0.065489 0.217710
vt 0.117233 0.586614
vt 0.520214 0.171086
vt 0.084063 0.210234
vt 0.139034 0.587713
vt 0.540523 0.179571
vt 0.103406 0.202394
vt 0.161152 0.588080
vt 0.560437 0.187941
vt 0.123332 0.194265
vt 0.183376 0.587713
vt 0.579763 0.196115
vt 0.143648 0.185926
vt 0.205491 0.586614
vt 0.598317 0.204015
vt 0.227284 0.584794
vt 0.615918 0.211564
vt 0.248545 0.582272
vt 0.632397 0.218690
vt 0.269069 0.579070
vt 0.647596 0.225325
vt 0.288659 0.575221
vt 0.661369 0.231403
vt 0.016123 0.237253
vt 0.026604 0.218012
vt 0.055520 0.560312
vt 0.075115 0.562621
vt 0.043703 0.213126
vt 0.095644 0.564440
vt 0.061959 0.207847
vt 0.116909 0.565753
vt 0.520948 0.169035
vt 0.081198 0.202228
vt 0.138705 0.566545
vt 0.541984 0.175489
vt 0.101233 0.196321
vt 0.160822 0.566810
vt 0.562611 0.181867
vt 0.121871 0.190183
vt 0.183048 0.566545
vt 0.582629 0.188108
vt 0.142914 0.183875
vt 0.205167 0.565753
vt 0.601846 0.194152
vt 0.226968 0.564440
vt 0.620078 0.199940
vt 0.248240 0.562621
vt 0.637148 0.205417
vt 0.268778 0.560312
vt 0.652891 0.210530
vt 0.288385 0.557535
vt 0.667157 0.215230
vt 0.306872 0.554318
vt 0.019874 0.554318
vt 0.037047 0.557535
vt 0.324060 0.550691
vt 0.040702 0.201150
vt 0.059414 0.197686
vt 0.095432 0.543579
vt 0.116692 0.544371
vt 0.521477 0.166922
vt 0.079131 0.193979
vt 0.138484 0.544850
vt 0.543038 0.171284
vt 0.099665 0.190063
vt 0.160601 0.545010
vt 0.564178 0.175610
vt 0.120817 0.185978
vt 0.182827 0.544850
vt 0.584696 0.179859
vt 0.142385 0.181762
vt 0.204950 0.544371
vt 0.604392 0.183991
vt 0.226756 0.543579
vt 0.623078 0.187965
vt 0.248035 0.542480
vt 0.640574 0.191743
vt 0.268583 0.541086
vt 0.656710 0.195288
vt 0.288201 0.539409
vt 0.004167 0.550691
vt 0.019703 0.537466
vt 0.306700 0.537466
vt 0.036863 0.539409
vt 0.323903 0.535276
vt 0.055324 0.541086
vt 0.010828 0.222459
vt 0.023178 0.204337
vt 0.074910 0.542480
vt 0.543674 0.166995
vt 0.077883 0.185567
vt 0.098718 0.183683
vt 0.160489 0.522890
vt 0.565125 0.169229
vt 0.120181 0.181690
vt 0.182716 0.522836
vt 0.585944 0.171448
vt 0.142065 0.179608
vt 0.204841 0.522676
vt 0.605930 0.173629
vt 0.226649 0.522411
vt 0.624890 0.175753
vt 0.247932 0.522044
vt 0.642643 0.177798
vt 0.268484 0.521578
vt 0.659016 0.179745
vt 0.288108 0.521017
vt 0.004010 0.535276
vt 0.019617 0.520367
vt 0.306614 0.520367
vt 0.036770 0.521017
vt 0.323824 0.519635
vt 0.055226 0.521578
vt 0.007009 0.207217
vt 0.021109 0.190392
vt 0.074808 0.522044
vt 0.038890 0.188938
vt 0.095325 0.522411
vt 0.057876 0.187324
vt 0.116582 0.522676
vt 0.521797 0.164768
vt 0.138374 0.522836
vt 0.586361 0.162954
vt 0.141959 0.177432
vt 0.182716 0.500716
vt 0.204841 0.500876
vt 0.606444 0.163167
vt 0.226649 0.501141
vt 0.625496 0.163422
vt 0.247932 0.501509
vt 0.643335 0.163718
vt 0.268484 0.501975
vt 0.659787 0.164051
vt 0.288108 0.502536
vt 0.003932 0.519635
vt 0.019617 0.503185
vt 0.306614 0.503185
vt 0.036770 0.502536
vt 0.323824 0.503918
vt 0.055226 0.501975
vt 0.004703 0.191674
vt 0.020417 0.176312
vt 0.074808 0.501509
vt 0.038285 0.176607
vt 0.095325 0.501141
vt 0.057362 0.176862
vt 0.116582 0.500876
vt 0.521904 0.162592
vt 0.077465 0.177073
vt 0.138374 0.500716
vt 0.543887 0.162665
vt 0.098402 0.177240
vt 0.160489 0.500663
vt 0.565442 0.162786
vt 0.119968 0.177360
vt 0.624890 0.151091
vt 0.226756 0.479974
vt 0.248035 0.481072
vt 0.642643 0.149638
vt 0.268583 0.482467
vt 0.659016 0.148357
vt 0.288201 0.484143
vt 0.003932 0.503918
vt 0.019703 0.486086
vt 0.306700 0.486086
vt 0.036863 0.484143
vt 0.323903 0.488277
vt 0.055324 0.482467
vt 0.003932 0.175980
vt 0.021109 0.162232
vt 0.074910 0.481072
vt 0.038890 0.164276
vt 0.095432 0.479974
vt 0.057876 0.166399
vt 0.116692 0.479181
vt 0.521797 0.160417
vt 0.077883 0.168580
vt 0.138484 0.478703
vt 0.543674 0.158335
vt 0.098718 0.170797
vt 0.160601 0.478543
vt 0.565125 0.156344
vt 0.120181 0.173030
vt 0.182827 0.478703
vt 0.585944 0.154460
vt 0.142065 0.175257
vt 0.204950 0.479181
vt 0.605930 0.152704
vt 0.640574 0.135693
vt 0.656710 0.132814
vt 0.268778 0.463241
vt 0.288385 0.466017
vt 0.004010 0.488277
vt 0.019874 0.469235
vt 0.306872 0.469235
vt 0.037047 0.466017
vt 0.324060 0.472862
vt 0.055520 0.463241
vt 0.004703 0.160285
vt 0.023178 0.148287
vt 0.075115 0.460932
vt 0.040702 0.152064
vt 0.095644 0.459112
vt 0.059414 0.156037
vt 0.116909 0.457800
vt 0.521477 0.158262
vt 0.079131 0.160168
vt 0.138705 0.457008
vt 0.543038 0.154047
vt 0.099665 0.164416
vt 0.160822 0.456743
vt 0.564178 0.149963
vt 0.120817 0.168742
vt 0.183048 0.457008
vt 0.584696 0.146049
vt 0.142385 0.173102
vt 0.205167 0.457800
vt 0.604392 0.142342
vt 0.226968 0.459112
vt 0.623078 0.138879
vt 0.248240 0.460932
vt 0.020129 0.452793
vt 0.037321 0.448332
vt 0.307127 0.452793
vt 0.324293 0.457821
vt 0.055811 0.444482
vt 0.007009 0.144742
vt 0.026604 0.134612
vt 0.075420 0.441281
vt 0.043703 0.140089
vt 0.095960 0.438758
vt 0.061959 0.145876
vt 0.117233 0.436939
vt 0.520948 0.156149
vt 0.081198 0.151919
vt 0.139034 0.435840
vt 0.541984 0.149842
vt 0.101233 0.158159
vt 0.161152 0.435472
vt 0.562611 0.143705
vt 0.121871 0.164536
vt 0.183376 0.435840
vt 0.582629 0.137800
vt 0.142914 0.170989
vt 0.205491 0.436939
vt 0.601846 0.132181
vt 0.227284 0.438758
vt 0.620078 0.126903
vt 0.248545 0.441281
vt 0.637148 0.122018
vt 0.269069 0.444482
vt 0.652891 0.117572
vt 0.288659 0.448332
vt 0.004167 0.472862
vt 0.056195 0.426372
vt 0.075822 0.422309
vt 0.047863 0.128465
vt 0.096376 0.419107
vt 0.065489 0.136013
vt 0.117660 0.416798
vt 0.520214 0.154098
vt 0.084063 0.143912
vt 0.139467 0.415404
vt 0.540523 0.145760
vt 0.103406 0.152085
vt 0.161587 0.414937
vt 0.560437 0.137632
vt 0.123332 0.160454
vt 0.183809 0.415404
vt 0.579763 0.129793
vt 0.143648 0.168939
vt 0.205918 0.416798
vt 0.598316 0.122318
vt 0.227700 0.419107
vt 0.615918 0.115279
vt 0.248947 0.422309
vt 0.632397 0.108745
vt 0.269453 0.426372
vt 0.647596 0.102777
vt 0.289021 0.431258
vt 0.661369 0.097434
vt 0.667157 0.113608
vt 0.307463 0.436919
vt 0.020466 0.436919
vt 0.037683 0.431258
vt 0.324601 0.443301
vt 0.010828 0.129500
vt 0.031355 0.121339
vt 0.096889 0.400349
vt 0.118185 0.397572
vt 0.519282 0.152129
vt 0.087700 0.136225
vt 0.140000 0.395896
vt 0.538669 0.141841
vt 0.106165 0.146254
vt 0.162123 0.395335
vt 0.557678 0.131801
vt 0.125186 0.156535
vt 0.184342 0.395896
vt 0.576127 0.122105
vt 0.144580 0.166969
vt 0.206443 0.397572
vt 0.593837 0.112848
vt 0.228213 0.400349
vt 0.610638 0.104119
vt 0.249442 0.404198
vt 0.626368 0.096001
vt 0.269926 0.409084
vt 0.640876 0.088573
vt 0.289467 0.414959
vt 0.654023 0.081906
vt 0.307877 0.421766
vt 0.020880 0.421766
vt 0.038129 0.414959
vt 0.324980 0.429440
vt 0.056667 0.409084
vt 0.016123 0.114705
vt 0.037383 0.108595
vt 0.076317 0.404198
vt 0.053143 0.117304
vt 0.069969 0.126544
vt 0.140628 0.377503
vt 0.162755 0.376854
vt 0.554361 0.126268
vt 0.127415 0.152817
vt 0.184971 0.377503
vt 0.571754 0.114811
vt 0.145700 0.165101
vt 0.207063 0.379446
vt 0.588450 0.103863
vt 0.228817 0.382663
vt 0.604289 0.093529
vt 0.250025 0.387124
vt 0.619119 0.083909
vt 0.270483 0.392785
vt 0.632796 0.075095
vt 0.289992 0.399592
vt 0.645189 0.067172
vt 0.308365 0.407480
vt 0.021368 0.407480
vt 0.038654 0.399592
vt 0.022843 0.100501
vt 0.018493 0.078365
vt 0.030923 0.087023
vt 0.057224 0.392785
vt 0.044633 0.096503
vt 0.076901 0.387124
vt 0.059491 0.106715
vt 0.097494 0.382663
vt 0.075356 0.117559
vt 0.118804 0.379446
vt 0.518162 0.150261
vt 0.092073 0.128931
vt 0.536440 0.138122
vt 0.109482 0.140721
vt 0.185689 0.360404
vt 0.207770 0.362594
vt 0.582208 0.095449
vt 0.146998 0.163352
vt 0.229507 0.366221
vt 0.596933 0.083613
vt 0.250692 0.371250
vt 0.610719 0.072586
vt 0.271119 0.377632
vt 0.623434 0.062474
vt 0.290591 0.385306
vt 0.634954 0.053375
vt 0.308923 0.394198
vt 0.021926 0.394198
vt 0.039253 0.385306
vt 0.028729 0.064568
vt 0.040285 0.074402
vt 0.057860 0.377632
vt 0.053032 0.085180
vt 0.077567 0.371250
vt 0.066847 0.096798
vt 0.098184 0.366221
vt 0.081597 0.109145
vt 0.119512 0.362594
vt 0.516864 0.148512
vt 0.097140 0.122100
vt 0.141346 0.360404
vt 0.533857 0.134640
vt 0.113326 0.135540
vt 0.163476 0.359672
vt 0.550517 0.121086
vt 0.129998 0.149335
vt 0.566687 0.107981
vt 0.230277 0.351181
vt 0.251434 0.356729
vt 0.601250 0.062140
vt 0.271827 0.363771
vt 0.612879 0.050831
vt 0.291260 0.372238
vt 0.623416 0.040647
vt 0.018474 0.055772
vt 0.040267 0.051840
vt 0.708740 0.304065
vt 0.691077 0.282105
vt 0.709409 0.290997
vt 0.050840 0.062759
vt 0.728881 0.298671
vt 0.728173 0.312532
vt 0.062502 0.074735
vt 0.748566 0.319574
vt 0.749308 0.305053
vt 0.075140 0.087651
vt 0.770493 0.310082
vt 0.769723 0.325122
vt 0.088634 0.101383
vt 0.791442 0.329123
vt 0.792230 0.313708
vt 0.515401 0.146898
vt 0.102852 0.115799
vt 0.814311 0.315899
vt 0.813511 0.331540
vt 0.530945 0.131428
vt 0.117659 0.130760
vt 0.835720 0.332348
vt 0.836524 0.316631
vt 0.546184 0.116307
vt 0.132910 0.146122
vt 0.186489 0.344763
vt 0.560974 0.101680
vt 0.148461 0.161738
vt 0.208558 0.347179
vt 0.575172 0.087688
vt 0.588640 0.074465
vt 0.922433 0.305053
vt 0.942776 0.283518
vt 0.942140 0.298671
vt 0.590802 0.052673
vt 0.601233 0.040279
vt 0.960747 0.290997
vt 0.961346 0.276711
vt 0.610685 0.029111
vt 0.030885 0.042081
vt 0.052998 0.040304
vt 0.691635 0.268823
vt 0.710008 0.276711
vt 0.062486 0.052207
vt 0.729517 0.283518
vt 0.072950 0.065267
vt 0.749975 0.289179
vt 0.084290 0.079360
vt 0.771183 0.293640
vt 0.096397 0.094348
vt 0.792937 0.296857
vt 0.513787 0.145435
vt 0.109155 0.110088
vt 0.815029 0.298799
vt 0.527732 0.128517
vt 0.122439 0.126428
vt 0.837245 0.299449
vt 0.541404 0.111975
vt 0.136123 0.143211
vt 0.859372 0.298799
vt 0.858654 0.315899
vt 0.554672 0.095969
vt 0.150075 0.160275
vt 0.880488 0.313708
vt 0.881195 0.296857
vt 0.567408 0.080653
vt 0.902506 0.293640
vt 0.901816 0.310082
vt 0.579491 0.066174
vt 0.923099 0.289179
vt 0.979120 0.254537
vt 0.978632 0.268823
vt 0.692123 0.254537
vt 0.710533 0.261344
vt 0.066799 0.030071
vt 0.075110 0.042846
vt 0.730074 0.267219
vt 0.084276 0.056869
vt 0.750558 0.272105
vt 0.094209 0.072005
vt 0.771787 0.275954
vt 0.104813 0.088108
vt 0.793557 0.278731
vt 0.512037 0.144137
vt 0.115987 0.105022
vt 0.815658 0.280407
vt 0.524249 0.125934
vt 0.127622 0.122585
vt 0.837877 0.280968
vt 0.536221 0.108132
vt 0.139606 0.140628
vt 0.860000 0.280407
vt 0.547840 0.090903
vt 0.151825 0.158978
vt 0.881815 0.278731
vt 0.558993 0.074413
vt 0.903111 0.275954
vt 0.569572 0.058820
vt 0.923683 0.272105
vt 0.579476 0.044275
vt 0.943333 0.267219
vt 0.588609 0.030918
vt 0.961871 0.261344
vt 0.596884 0.018878
vt 0.096370 0.049622
vt 0.730547 0.249931
vt 0.751053 0.253994
vt 0.104801 0.065658
vt 0.772300 0.257196
vt 0.113800 0.082722
vt 0.794082 0.259505
vt 0.510168 0.143018
vt 0.123283 0.100650
vt 0.816191 0.260899
vt 0.520529 0.123705
vt 0.133156 0.119269
vt 0.838413 0.261366
vt 0.530687 0.104816
vt 0.143326 0.138400
vt 0.860533 0.260899
vt 0.540544 0.086531
vt 0.153694 0.157858
vt 0.882340 0.259505
vt 0.550005 0.069027
vt 0.903624 0.257196
vt 0.558980 0.052473
vt 0.924178 0.253994
vt 0.567382 0.037027
vt 0.943805 0.249931
vt 0.575129 0.022840
vt 0.962317 0.245045
vt 0.675020 0.246863
vt 0.692537 0.239384
vt 0.979534 0.239384
vt 0.710979 0.245045
vt 0.081536 0.021239
vt 0.088590 0.034768
vt 0.115964 0.060379
vt 0.123272 0.078243
vt 0.772716 0.237545
vt 0.794509 0.239364
vt 0.508199 0.142086
vt 0.130972 0.097014
vt 0.816624 0.240463
vt 0.516609 0.121851
vt 0.138989 0.116511
vt 0.838848 0.240830
vt 0.524854 0.102057
vt 0.147246 0.136546
vt 0.860966 0.240463
vt 0.532855 0.082895
vt 0.155663 0.156926
vt 0.882767 0.239364
vt 0.540534 0.064548
vt 0.904040 0.237545
vt 0.547817 0.047194
vt 0.924580 0.235022
vt 0.554635 0.031000
vt 0.944189 0.231821
vt 0.560921 0.016121
vt 0.962679 0.227971
vt 0.675399 0.233002
vt 0.692873 0.223510
vt 0.979871 0.223510
vt 0.711341 0.227971
vt 0.097068 0.013895
vt 0.102798 0.028049
vt 0.730931 0.231821
vt 0.109117 0.043594
vt 0.751455 0.235022
vt 0.138981 0.094149
vt 0.145064 0.114338
vt 0.839178 0.219560
vt 0.512526 0.120391
vt 0.518779 0.099884
vt 0.151329 0.135085
vt 0.861295 0.219295
vt 0.524846 0.080030
vt 0.157714 0.156193
vt 0.883091 0.218503
vt 0.530668 0.061019
vt 0.904356 0.217191
vt 0.536190 0.043034
vt 0.924885 0.215371
vt 0.541358 0.026250
vt 0.944480 0.213062
vt 0.546122 0.010827
vt 0.962953 0.210285
vt 0.675707 0.218482
vt 0.693128 0.207068
vt 0.980126 0.207068
vt 0.711615 0.210285
vt 0.113245 0.008107
vt 0.117597 0.022755
vt 0.731222 0.213062
vt 0.122394 0.038844
vt 0.751760 0.215371
vt 0.127591 0.056220
vt 0.773032 0.217191
vt 0.133137 0.074714
vt 0.794833 0.218503
vt 0.506148 0.141353
vt 0.816952 0.219295
vt 0.155535 0.134032
vt 0.159828 0.155663
vt 0.883308 0.197122
vt 0.520505 0.058473
vt 0.904568 0.196329
vt 0.524212 0.040034
vt 0.925089 0.195231
vt 0.527680 0.022824
vt 0.944676 0.193836
vt 0.530877 0.007009
vt 0.963137 0.192159
vt 0.675940 0.203441
vt 0.693300 0.190217
vt 0.980297 0.190217
vt 0.711799 0.192159
vt 0.995833 0.203441
vt 0.995990 0.188026
vt 0.731417 0.193836
vt 0.136072 0.035419
vt 0.751965 0.195231
vt 0.139569 0.053220
vt 0.773244 0.196329
vt 0.143301 0.072169
vt 0.795050 0.197122
vt 0.504034 0.140823
vt 0.147232 0.092083
vt 0.817173 0.197600
vt 0.508320 0.119337
vt 0.151323 0.112770
vt 0.839399 0.197760
vt 0.512520 0.098317
vt 0.861516 0.197600
vt 0.516595 0.077963
vt 0.904674 0.175162
vt 0.925192 0.174794
vt 0.513732 0.020756
vt 0.944774 0.174328
vt 0.515330 0.004703
vt 0.963230 0.173767
vt 0.676097 0.188026
vt 0.693386 0.173118
vt 0.980383 0.173118
vt 0.711892 0.173767
vt 0.996068 0.172385
vt 0.731516 0.174328
vt 0.132842 0.018937
vt 0.150020 0.033350
vt 0.752068 0.174794
vt 0.151784 0.051408
vt 0.773351 0.175162
vt 0.153666 0.070631
vt 0.795159 0.175427
vt 0.501879 0.140504
vt 0.155645 0.090835
vt 0.817284 0.175587
vt 0.504031 0.118701
vt 0.157705 0.111823
vt 0.839511 0.175640
vt 0.506138 0.097370
vt 0.159824 0.133396
vt 0.861626 0.175587
vt 0.508181 0.076715
vt 0.161983 0.155344
vt 0.883418 0.175427
vt 0.510140 0.056936
vt 0.511996 0.038223
vt 0.944774 0.154725
vt 0.963230 0.155286
vt 0.676176 0.172385
vt 0.693386 0.155936
vt 0.980383 0.155936
vt 0.711892 0.155286
vt 0.996068 0.156668
vt 0.731516 0.154725
vt 0.148389 0.016631
vt 0.164104 0.032658
vt 0.752068 0.154259
vt 0.164118 0.050802
vt 0.773351 0.153892
vt 0.164131 0.070117
vt 0.795159 0.153627
vt 0.499703 0.140397
vt 0.164141 0.090417
vt 0.817284 0.153467
vt 0.499700 0.118488
vt 0.164149 0.111507
vt 0.839511 0.153413
vt 0.499694 0.097053
vt 0.164155 0.133183
vt 0.861626 0.153467
vt 0.499686 0.076298
vt 0.164159 0.155237
vt 0.883418 0.153627
vt 0.499675 0.056422
vt 0.904674 0.153892
vt 0.499663 0.037617
vt 0.925192 0.154259
vt 0.499648 0.020063
vt 0.499632 0.003932
vt 0.980297 0.138837
vt 0.995990 0.141027
vt 0.731417 0.135217
vt 0.164087 0.015860
vt 0.178187 0.033349
vt 0.751965 0.133823
vt 0.176452 0.051407
vt 0.773244 0.132724
vt 0.174596 0.070631
vt 0.795050 0.131932
vt 0.497527 0.140503
vt 0.172637 0.090834
vt 0.817173 0.131453
vt 0.495369 0.118701
vt 0.170594 0.111823
vt 0.839399 0.131293
vt 0.493249 0.097370
vt 0.168486 0.133396
vt 0.861516 0.131453
vt 0.491190 0.076715
vt 0.166335 0.155344
vt 0.883308 0.131932
vt 0.489210 0.056936
vt 0.904568 0.132724
vt 0.487329 0.038222
vt 0.925089 0.133823
vt 0.485564 0.020755
vt 0.944676 0.135217
vt 0.483934 0.004702
vt 0.963137 0.136894
vt 0.676176 0.156668
vt 0.693300 0.138837
vt 0.711799 0.136894
vt 0.192136 0.035417
vt 0.188667 0.053218
vt 0.773032 0.111863
vt 0.184960 0.072168
vt 0.794833 0.110550
vt 0.495372 0.140823
vt 0.181051 0.092082
vt 0.816952 0.109758
vt 0.491079 0.119337
vt 0.176976 0.112770
vt 0.839178 0.109493
vt 0.486867 0.098316
vt 0.172776 0.134032
vt 0.861295 0.109758
vt 0.482776 0.077962
vt 0.168490 0.155663
vt 0.883091 0.110550
vt 0.478846 0.058472
vt 0.904356 0.111863
vt 0.475114 0.040033
vt 0.924885 0.113682
vt 0.471616 0.022823
vt 0.944480 0.115991
vt 0.468387 0.007007
vt 0.962953 0.118768
vt 0.676097 0.141027
vt 0.693128 0.121985
vt 0.980126 0.121985
vt 0.711615 0.118768
vt 0.995833 0.125612
vt 0.731222 0.115991
vt 0.179785 0.016630
vt 0.751760 0.113682
vt 0.493259 0.141352
vt 0.189302 0.094148
vt 0.816624 0.088590
vt 0.486873 0.120390
vt 0.183235 0.114337
vt 0.838848 0.088223
vt 0.480608 0.099883
vt 0.176982 0.135085
vt 0.860966 0.088590
vt 0.474525 0.080028
vt 0.170603 0.156192
vt 0.882767 0.089689
vt 0.468682 0.061017
vt 0.904040 0.091509
vt 0.463135 0.043033
vt 0.924580 0.094031
vt 0.457938 0.026248
vt 0.944189 0.097233
vt 0.453141 0.010825
vt 0.962679 0.101082
vt 0.675940 0.125612
vt 0.692873 0.105543
vt 0.979871 0.105543
vt 0.711341 0.101082
vt 0.195332 0.018935
vt 0.214893 0.008105
vt 0.210578 0.022753
vt 0.730931 0.097233
vt 0.205814 0.038842
vt 0.751455 0.094031
vt 0.200646 0.056218
vt 0.772716 0.091509
vt 0.195124 0.074713
vt 0.794509 0.089689
vt 0.482790 0.121851
vt 0.474533 0.102056
vt 0.189310 0.116510
vt 0.181065 0.136545
vt 0.860533 0.068154
vt 0.466516 0.082893
vt 0.172655 0.156926
vt 0.882340 0.069548
vt 0.458817 0.064546
vt 0.903624 0.071858
vt 0.451508 0.047191
vt 0.924178 0.075059
vt 0.444662 0.030997
vt 0.943805 0.079122
vt 0.438343 0.016118
vt 0.962317 0.084008
vt 0.675707 0.110572
vt 0.692537 0.089669
vt 0.979534 0.089669
vt 0.710979 0.084008
vt 0.231070 0.013891
vt 0.225376 0.028046
vt 0.730547 0.079122
vt 0.219090 0.043591
vt 0.751053 0.075059
vt 0.212273 0.060377
vt 0.772300 0.071858
vt 0.204989 0.078241
vt 0.794082 0.069548
vt 0.491208 0.142086
vt 0.197310 0.097012
vt 0.816191 0.068154
vt 0.838413 0.067688
vt 0.675399 0.096051
vt 0.692123 0.074516
vt 0.268676 0.018661
vt 0.690456 0.034799
vt 0.366563 0.651315
vt 0.901047 0.003932
vt 0.309626 0.055765
vt 0.349457 0.616073
vt 0.332843 0.594113
vt 0.318478 0.093091
vt 0.331613 0.226415
vt 0.332843 0.429440
vt 0.348900 0.394198
vt 0.366563 0.372238
vt 0.692457 0.605103
vt 0.675256 0.461892
vt 0.081536 0.329981
vt 0.710342 0.374336
vt 0.271827 0.659782
vt 0.098953 0.672371
vt 0.021368 0.616073
vt 0.004400 0.457821
vt 0.009660 0.093099
vt 0.690456 0.294254
vt 0.164280 0.343955
vt 0.044579 0.029673
vt 0.198226 0.003932
vt 0.675020 0.082190
s 1
usemtl ARAT_crimson_red
f 10/1/10 37/2/37 1982/3/1982
f 1975/4/1975 24/5/24 4/6/4
f 1983/7/1983 37/2/37 38/8/38
f 1976/9/1976 24/5/24 25/10/25
f 1983/7/1983 39/11/39 1984/12/1984
f 5/13/5 25/10/25 26/14/26
f 1/15/1 1161/16/1161 13/17/13
f 1984/12/1984 40/18/40 1985/19/1985
f 5/13/5 27/20/27 6/21/6
f 1/15/1 14/22/14 1968/23/1968
f 1985/19/1985 41/24/41 11/25/11
f 7/26/7 27/20/27 28/27/28
f 2/28/2 14/22/14 15/29/15
f 11/25/11 42/30/42 1986/31/1986
f 7/26/7 29/32/29 8/33/8
f 1969/34/1969 15/29/15 16/35/16
f 12/36/12 42/30/42 43/37/43
f 1977/38/1977 29/32/29 30/39/30
f 1970/40/1970 16/35/16 17/41/17
f 540/42/540 12/36/12 43/37/43
f 1977/38/1977 31/43/31 1978/44/1978
f 1971/45/1971 17/41/17 18/46/18
f 9/47/9 31/43/31 32/48/32
f 1971/45/1971 19/49/19 1972/50/1972
f 9/47/9 33/51/33 1979/52/1979
f 1973/53/1973 19/49/19 20/54/20
f 1980/55/1980 33/51/33 34/56/34
f 1974/57/1974 20/54/20 21/58/21
f 1980/55/1980 35/59/35 1981/60/1981
f 3/61/3 21/62/21 22/63/22
f 1981/64/1981 36/65/36 10/1/10
f 3/61/3 23/66/23 1975/4/1975
f 31/43/31 63/67/63 32/48/32
f 19/49/19 49/68/49 50/69/50
f 33/51/33 63/67/63 64/70/64
f 19/49/19 51/71/51 20/54/20
f 34/56/34 64/70/64 65/72/65
f 20/54/20 52/73/52 21/58/21
f 35/74/35 65/75/65 66/76/66
f 21/62/21 53/77/53 22/63/22
f 35/74/35 67/78/67 36/65/36
f 22/63/22 54/79/54 23/66/23
f 36/65/36 68/80/68 37/2/37
f 23/66/23 55/81/55 24/5/24
f 37/2/37 69/82/69 38/8/38
f 24/5/24 56/83/56 25/10/25
f 39/11/39 69/82/69 70/84/70
f 25/10/25 57/85/57 26/14/26
f 13/17/13 1161/16/1161 44/86/44
f 40/18/40 70/84/70 71/87/71
f 26/14/26 58/88/58 27/20/27
f 13/17/13 45/89/45 14/22/14
f 41/24/41 71/87/71 72/90/72
f 27/20/27 59/91/59 28/27/28
f 14/22/14 46/92/46 15/29/15
f 42/30/42 72/90/72 73/93/73
f 28/27/28 60/94/60 29/32/29
f 15/29/15 47/95/47 16/35/16
f 42/30/42 74/96/74 43/37/43
f 30/39/30 60/94/60 61/97/61
f 16/35/16 48/98/48 17/41/17
f 540/42/540 43/37/43 74/96/74
f 30/39/30 62/99/62 31/43/31
f 17/41/17 49/68/49 18/46/18
f 64/70/64 96/100/96 65/72/65
f 51/71/51 83/101/83 52/73/52
f 66/76/66 96/102/96 97/103/97
f 52/104/52 84/105/84 53/77/53
f 66/76/66 98/106/98 67/78/67
f 54/107/54 84/108/84 85/109/85
f 68/80/68 98/106/98 99/110/99
f 55/81/55 85/111/85 86/112/86
f 69/82/69 99/110/99 100/113/100
f 55/81/55 87/114/87 56/83/56
f 70/84/70 100/113/100 101/115/101
f 56/116/56 88/117/88 57/118/57
f 44/86/44 1161/16/1161 75/119/75
f 70/84/70 102/120/102 71/87/71
f 57/118/57 89/121/89 58/122/58
f 44/86/44 76/123/76 45/89/45
f 71/87/71 103/124/103 72/90/72
f 58/122/58 90/125/90 59/126/59
f 46/92/46 76/123/76 77/127/77
f 73/93/73 103/124/103 104/128/104
f 59/126/59 91/129/91 60/130/60
f 46/92/46 78/131/78 47/95/47
f 73/93/73 105/132/105 74/96/74
f 61/133/61 91/129/91 92/134/92
f 47/95/47 79/135/79 48/98/48
f 540/42/540 74/96/74 105/132/105
f 61/133/61 93/136/93 62/137/62
f 48/98/48 80/138/80 49/68/49
f 62/99/62 94/139/94 63/67/63
f 49/68/49 81/140/81 50/69/50
f 63/67/63 95/141/95 64/70/64
f 50/69/50 82/142/82 51/71/51
f 97/103/97 129/143/129 98/106/98
f 84/108/84 116/144/116 85/109/85
f 98/106/98 130/145/130 99/110/99
f 85/109/85 117/146/117 86/147/86
f 99/110/99 131/148/131 100/113/100
f 87/149/87 117/146/117 118/150/118
f 100/113/100 132/151/132 101/115/101
f 87/149/87 119/152/119 88/117/88
f 75/119/75 1161/16/1161 106/153/106
f 102/120/102 132/151/132 133/154/133
f 88/117/88 120/155/120 89/121/89
f 75/119/75 107/156/107 76/123/76
f 102/120/102 134/157/134 103/124/103
f 89/121/89 121/158/121 90/125/90
f 77/127/77 107/156/107 108/159/108
f 103/124/103 135/160/135 104/128/104
f 90/125/90 122/161/122 91/129/91
f 77/127/77 109/162/109 78/131/78
f 105/132/105 135/160/135 136/163/136
f 92/134/92 122/161/122 123/164/123
f 78/131/78 110/165/110 79/135/79
f 540/42/540 105/132/105 136/163/136
f 92/134/92 124/166/124 93/136/93
f 79/135/79 111/167/111 80/138/80
f 93/136/93 125/168/125 94/169/94
f 81/140/81 111/167/111 112/170/112
f 94/169/94 126/171/126 95/172/95
f 81/140/81 113/173/113 82/142/82
f 95/172/95 127/174/127 96/175/96
f 82/142/82 114/176/114 83/101/83
f 96/102/96 128/177/128 97/103/97
f 83/178/83 115/179/115 84/108/84
f 131/148/131 161/180/161 162/181/162
f 117/146/117 149/182/149 118/150/118
f 132/151/132 162/181/162 163/183/163
f 119/152/119 149/182/149 150/184/150
f 106/153/106 1161/16/1161 137/185/137
f 133/154/133 163/183/163 164/186/164
f 119/152/119 151/187/151 120/155/120
f 107/156/107 137/185/137 138/188/138
f 134/157/134 164/186/164 165/189/165
f 120/155/120 152/190/152 121/158/121
f 108/159/108 138/188/138 139/191/139
f 134/157/134 166/192/166 135/160/135
f 121/158/121 153/193/153 122/161/122
f 109/162/109 139/191/139 140/194/140
f 135/160/135 167/195/167 136/163/136
f 123/164/123 153/193/153 154/196/154
f 109/162/109 141/197/141 110/165/110
f 540/42/540 136/163/136 167/195/167
f 123/164/123 155/198/155 124/166/124
f 110/165/110 142/199/142 111/167/111
f 125/168/125 155/198/155 156/200/156
f 111/167/111 143/201/143 112/170/112
f 125/168/125 157/202/157 126/171/126
f 112/170/112 144/203/144 113/173/113
f 126/171/126 158/204/158 127/174/127
f 113/173/113 145/205/145 114/176/114
f 127/174/127 159/206/159 128/207/128
f 115/179/115 145/208/145 146/209/146
f 128/177/128 160/210/160 129/143/129
f 115/179/115 147/211/147 116/144/116
f 129/143/129 161/180/161 130/145/130
f 116/144/116 148/212/148 117/146/117
f 137/185/137 1161/16/1161 168/213/168
f 163/183/163 195/214/195 164/186/164
f 150/184/150 182/215/182 151/187/151
f 137/185/137 169/216/169 138/188/138
f 165/189/165 195/214/195 196/217/196
f 152/190/152 182/215/182 183/218/183
f 138/188/138 170/219/170 139/191/139
f 166/192/166 196/217/196 197/220/197
f 152/190/152 184/221/184 153/193/153
f 139/191/139 171/222/171 140/194/140
f 166/192/166 198/223/198 167/195/167
f 154/196/154 184/221/184 185/224/185
f 141/197/141 171/222/171 172/225/172
f 540/42/540 167/195/167 198/223/198
f 154/196/154 186/226/186 155/198/155
f 141/197/141 173/227/173 142/199/142
f 155/198/155 187/228/187 156/200/156
f 143/201/143 173/227/173 174/229/174
f 156/200/156 188/230/188 157/202/157
f 144/203/144 174/229/174 175/231/175
f 158/204/158 188/230/188 189/232/189
f 145/208/145 175/233/175 176/234/176
f 158/204/158 190/235/190 159/206/159
f 145/208/145 177/236/177 146/209/146
f 159/237/159 191/238/191 160/210/160
f 146/209/146 178/239/178 147/211/147
f 160/210/160 192/240/192 161/180/161
f 147/211/147 179/241/179 148/212/148
f 161/180/161 193/242/193 162/181/162
f 148/212/148 180/243/180 149/182/149
f 162/181/162 194/244/194 163/183/163
f 150/184/150 180/243/180 181/245/181
f 169/216/169 201/246/201 170/219/170
f 197/220/197 227/247/227 228/248/228
f 183/218/183 215/249/215 184/221/184
f 170/219/170 202/250/202 171/222/171
f 197/220/197 229/251/229 198/223/198
f 185/224/185 215/249/215 216/252/216
f 171/222/171 203/253/203 172/225/172
f 540/42/540 198/223/198 229/251/229
f 185/224/185 217/254/217 186/226/186
f 172/225/172 204/255/204 173/227/173
f 186/226/186 218/256/218 187/228/187
f 173/227/173 205/257/205 174/229/174
f 187/228/187 219/258/219 188/230/188
f 175/231/175 205/257/205 206/259/206
f 189/232/189 219/258/219 220/260/220
f 175/233/175 207/261/207 176/234/176
f 189/232/189 221/262/221 190/235/190
f 177/236/177 207/261/207 208/263/208
f 191/238/191 221/264/221 222/265/222
f 177/236/177 209/266/209 178/239/178
f 191/238/191 223/267/223 192/240/192
f 178/239/178 210/268/210 179/241/179
f 192/240/192 224/269/224 193/242/193
f 179/241/179 211/270/211 180/243/180
f 193/242/193 225/271/225 194/244/194
f 181/245/181 211/270/211 212/272/212
f 168/213/168 1161/16/1161 199/273/199
f 194/244/194 226/274/226 195/214/195
f 181/245/181 213/275/213 182/215/182
f 168/213/168 200/276/200 169/216/169
f 196/217/196 226/274/226 227/247/227
f 183/218/183 213/275/213 214/277/214
f 202/250/202 234/278/234 203/253/203
f 540/42/540 229/251/229 260/279/260
f 216/252/216 248/280/248 217/254/217
f 203/253/203 235/281/235 204/255/204
f 217/254/217 249/282/249 218/256/218
f 204/255/204 236/283/236 205/257/205
f 219/258/219 249/282/249 250/284/250
f 206/259/206 236/283/236 237/285/237
f 220/260/220 250/284/250 251/286/251
f 206/287/206 238/288/238 207/261/207
f 220/260/220 252/289/252 221/262/221
f 208/263/208 238/288/238 239/290/239
f 222/265/222 252/291/252 253/292/253
f 208/263/208 240/293/240 209/266/209
f 222/265/222 254/294/254 223/267/223
f 210/268/210 240/293/240 241/295/241
f 223/267/223 255/296/255 224/269/224
f 211/270/211 241/295/241 242/297/242
f 225/271/225 255/296/255 256/298/256
f 212/272/212 242/297/242 243/299/243
f 199/273/199 1161/16/1161 230/300/230
f 226/274/226 256/298/256 257/301/257
f 212/272/212 244/302/244 213/275/213
f 200/276/200 230/300/230 231/303/231
f 226/274/226 258/304/258 227/247/227
f 213/275/213 245/305/245 214/277/214
f 200/276/200 232/306/232 201/246/201
f 227/247/227 259/307/259 228/248/228
f 214/277/214 246/308/246 215/249/215
f 202/250/202 232/306/232 233/309/233
f 228/248/228 260/279/260 229/251/229
f 215/249/215 247/310/247 216/252/216
f 236/283/236 266/311/266 267/312/267
f 250/284/250 280/313/280 281/314/281
f 237/285/237 267/312/267 268/315/268
f 250/284/250 282/316/282 251/286/251
f 237/317/237 269/318/269 238/288/238
f 251/286/251 283/319/283 252/289/252
f 239/290/239 269/318/269 270/320/270
f 253/321/253 283/319/283 284/322/284
f 239/290/239 271/323/271 240/293/240
f 253/292/253 285/324/285 254/294/254
f 240/293/240 272/325/272 241/295/241
f 254/294/254 286/326/286 255/296/255
f 242/297/242 272/325/272 273/327/273
f 256/298/256 286/326/286 287/328/287
f 242/297/242 274/329/274 243/299/243
f 230/300/230 1161/16/1161 261/330/261
f 257/301/257 287/328/287 288/331/288
f 243/299/243 275/332/275 244/302/244
f 230/300/230 262/333/262 231/303/231
f 257/301/257 289/334/289 258/304/258
f 244/302/244 276/335/276 245/305/245
f 231/303/231 263/336/263 232/306/232
f 259/307/259 289/334/289 290/337/290
f 246/308/246 276/335/276 277/338/277
f 232/306/232 264/339/264 233/309/233
f 259/307/259 291/340/291 260/279/260
f 246/308/246 278/341/278 247/310/247
f 233/309/233 265/342/265 234/278/234
f 540/42/540 260/279/260 291/340/291
f 247/310/247 279/343/279 248/280/248
f 234/278/234 266/311/266 235/281/235
f 248/280/248 280/313/280 249/282/249
f 268/344/268 300/345/300 269/318/269
f 282/316/282 314/346/314 283/319/283
f 270/320/270 300/345/300 301/347/301
f 284/322/284 314/346/314 315/348/315
f 270/320/270 302/349/302 271/323/271
f 284/350/284 316/351/316 285/324/285
f 271/323/271 303/352/303 272/325/272
f 286/326/286 316/351/316 317/353/317
f 273/327/273 303/352/303 304/354/304
f 287/328/287 317/353/317 318/355/318
f 274/329/274 304/354/304 305/356/305
f 261/330/261 1161/16/1161 292/357/292
f 287/328/287 319/358/319 288/331/288
f 274/329/274 306/359/306 275/332/275
f 261/330/261 293/360/293 262/333/262
f 288/331/288 320/361/320 289/334/289
f 275/332/275 307/362/307 276/335/276
f 262/333/262 294/363/294 263/336/263
f 289/334/289 321/364/321 290/337/290
f 276/335/276 308/365/308 277/338/277
f 264/339/264 294/363/294 295/366/295
f 291/340/291 321/364/321 322/367/322
f 278/341/278 308/365/308 309/368/309
f 264/339/264 296/369/296 265/342/265
f 540/42/540 291/340/291 322/367/322
f 278/341/278 310/370/310 279/343/279
f 265/342/265 297/371/297 266/311/266
f 279/343/279 311/372/311 280/313/280
f 266/311/266 298/373/298 267/312/267
f 281/314/281 311/372/311 312/374/312
f 268/315/268 298/373/298 299/375/299
f 281/314/281 313/376/313 282/316/282
f 301/347/301 333/377/333 302/349/302
f 315/378/315 347/379/347 316/351/316
f 303/352/303 333/377/333 334/380/334
f 316/351/316 348/381/348 317/353/317
f 303/352/303 335/382/335 304/354/304
f 318/355/318 348/381/348 349/383/349
f 305/356/305 335/382/335 336/384/336
f 292/357/292 1161/16/1161 323/385/323
f 319/358/319 349/383/349 350/386/350
f 305/356/305 337/387/337 306/359/306
f 293/360/293 323/385/323 324/388/324
f 319/358/319 351/389/351 320/361/320
f 307/362/307 337/387/337 338/390/338
f 293/360/293 325/391/325 294/363/294
f 320/361/320 352/392/352 321/364/321
f 307/362/307 339/393/339 308/365/308
f 294/363/294 326/394/326 295/366/295
f 321/364/321 353/395/353 322/367/322
f 309/368/309 339/393/339 340/396/340
f 295/366/295 327/397/327 296/369/296
f 540/42/540 322/367/322 353/395/353
f 309/368/309 341/398/341 310/370/310
f 296/369/296 328/399/328 297/371/297
f 310/370/310 342/400/342 311/372/311
f 297/371/297 329/401/329 298/373/298
f 311/372/311 343/402/343 312/374/312
f 299/375/299 329/401/329 330/403/330
f 313/376/313 343/402/343 344/404/344
f 299/405/299 331/406/331 300/345/300
f 313/376/313 345/407/345 314/346/314
f 301/347/301 331/406/331 332/408/332
f 315/348/315 345/407/345 346/409/346
f 334/380/334 366/410/366 335/382/335
f 349/383/349 379/411/379 380/412/380
f 336/384/336 366/410/366 367/413/367
f 323/385/323 1161/16/1161 354/414/354
f 349/383/349 381/415/381 350/386/350
f 336/384/336 368/416/368 337/387/337
f 323/385/323 355/417/355 324/388/324
f 350/386/350 382/418/382 351/389/351
f 338/390/338 368/416/368 369/419/369
f 325/391/325 355/417/355 356/420/356
f 352/392/352 382/418/382 383/421/383
f 338/390/338 370/422/370 339/393/339
f 325/391/325 357/423/357 326/394/326
f 352/392/352 384/424/384 353/395/353
f 340/396/340 370/422/370 371/425/371
f 326/394/326 358/426/358 327/397/327
f 540/42/540 353/395/353 384/424/384
f 340/396/340 372/427/372 341/398/341
f 327/397/327 359/428/359 328/399/328
f 342/400/342 372/427/372 373/429/373
f 328/399/328 360/430/360 329/401/329
f 342/400/342 374/431/374 343/402/343
f 330/403/330 360/430/360 361/432/361
f 344/404/344 374/431/374 375/433/375
f 330/434/330 362/435/362 331/406/331
f 344/404/344 376/436/376 345/407/345
f 332/408/332 362/435/362 363/437/363
f 346/409/346 376/436/376 377/438/377
f 332/408/332 364/439/364 333/377/333
f 346/440/346 378/441/378 347/379/347
f 334/380/334 364/439/364 365/442/365
f 347/379/347 379/411/379 348/381/348
f 367/413/367 399/443/399 368/416/368
f 354/414/354 386/444/386 355/417/355
f 381/415/381 413/445/413 382/418/382
f 369/419/369 399/443/399 400/446/400
f 356/420/356 386/444/386 387/447/387
f 382/418/382 414/448/414 383/421/383
f 369/419/369 401/449/401 370/422/370
f 357/423/357 387/447/387 388/450/388
f 384/424/384 414/448/414 415/451/415
f 371/425/371 401/449/401 402/452/402
f 357/423/357 389/453/389 358/426/358
f 540/42/540 384/424/384 415/451/415
f 371/425/371 403/454/403 372/427/372
f 358/426/358 390/455/390 359/428/359
f 373/429/373 403/454/403 404/456/404
f 360/430/360 390/455/390 391/457/391
f 373/429/373 405/458/405 374/431/374
f 361/432/361 391/457/391 392/459/392
f 375/433/375 405/458/405 406/460/406
f 361/461/361 393/462/393 362/435/362
f 375/433/375 407/463/407 376/436/376
f 363/437/363 393/462/393 394/464/394
f 377/438/377 407/463/407 408/465/408
f 363/437/363 395/466/395 364/439/364
f 377/467/377 409/468/409 378/441/378
f 365/442/365 395/466/395 396/469/396
f 378/441/378 410/470/410 379/411/379
f 365/442/365 397/471/397 366/410/366
f 380/412/380 410/470/410 411/472/411
f 367/413/367 397/471/397 398/473/398
f 354/414/354 1161/16/1161 385/474/385
f 380/412/380 412/475/412 381/415/381
f 400/446/400 432/476/432 401/449/401
f 388/450/388 418/477/418 419/478/419
f 415/451/415 445/479/445 446/480/446
f 402/452/402 432/476/432 433/481/433
f 388/450/388 420/482/420 389/453/389
f 540/42/540 415/451/415 446/480/446
f 402/452/402 434/483/434 403/454/403
f 389/453/389 421/484/421 390/455/390
f 404/456/404 434/483/434 435/485/435
f 391/457/391 421/484/421 422/486/422
f 404/456/404 436/487/436 405/458/405
f 392/459/392 422/486/422 423/488/423
f 406/460/406 436/487/436 437/489/437
f 392/490/392 424/491/424 393/462/393
f 406/460/406 438/492/438 407/463/407
f 394/464/394 424/491/424 425/493/425
f 408/465/408 438/492/438 439/494/439
f 394/464/394 426/495/426 395/466/395
f 408/496/408 440/497/440 409/468/409
f 396/469/396 426/495/426 427/498/427
f 409/468/409 441/499/441 410/470/410
f 396/469/396 428/500/428 397/471/397
f 411/472/411 441/499/441 442/501/442
f 398/473/398 428/500/428 429/502/429
f 385/474/385 1161/16/1161 416/503/416
f 411/472/411 443/504/443 412/475/412
f 398/473/398 430/505/430 399/443/399
f 385/474/385 417/506/417 386/444/386
f 412/475/412 444/507/444 413/445/413
f 400/446/400 430/505/430 431/508/431
f 386/444/386 418/477/418 387/447/387
f 413/445/413 445/479/445 414/448/414
f 433/481/433 465/509/465 434/483/434
f 420/482/420 452/510/452 421/484/421
f 435/485/435 465/509/465 466/511/466
f 422/486/422 452/510/452 453/512/453
f 435/485/435 467/513/467 436/487/436
f 423/488/423 453/512/453 454/514/454
f 436/487/436 468/515/468 437/489/437
f 423/516/423 455/517/455 424/491/424
f 437/489/437 469/518/469 438/492/438
f 425/493/425 455/517/455 456/519/456
f 439/520/439 469/521/469 470/522/470
f 425/493/425 457/523/457 426/495/426
f 439/520/439 471/524/471 440/497/440
f 427/498/427 457/523/457 458/525/458
f 440/497/440 472/526/472 441/499/441
f 427/498/427 459/527/459 428/500/428
f 442/501/442 472/526/472 473/528/473
f 429/502/429 459/527/459 460/529/460
f 416/503/416 1161/16/1161 447/530/447
f 443/504/443 473/528/473 474/531/474
f 429/502/429 461/532/461 430/505/430
f 416/503/416 448/533/448 417/506/417
f 443/504/443 475/534/475 444/507/444
f 431/508/431 461/532/461 462/535/462
f 418/477/418 448/533/448 449/536/449
f 444/507/444 476/537/476 445/479/445
f 431/508/431 463/538/463 432/476/432
f 419/478/419 449/536/449 450/539/450
f 446/480/446 476/537/476 477/540/477
f 433/481/433 463/538/463 464/541/464
f 419/478/419 451/542/451 420/482/420
f 540/42/540 446/480/446 477/540/477
f 466/511/466 498/543/498 467/513/467
f 454/514/454 484/544/484 485/545/485
f 468/515/468 498/543/498 499/546/499
f 454/547/454 486/548/486 455/517/455
f 468/515/468 500/549/500 469/518/469
f 456/519/456 486/548/486 487/550/487
f 470/522/470 500/551/500 501/552/501
f 456/519/456 488/553/488 457/523/457
f 470/522/470 502/554/502 471/524/471
f 458/525/458 488/553/488 489/555/489
f 471/524/471 503/556/503 472/526/472
f 458/525/458 490/557/490 459/527/459
f 473/528/473 503/556/503 504/558/504
f 460/529/460 490/557/490 491/559/491
f 447/530/447 1161/16/1161 478/560/478
f 474/531/474 504/558/504 505/561/505
f 460/529/460 492/562/492 461/532/461
f 447/530/447 479/563/479 448/533/448
f 475/534/475 505/561/505 506/564/506
f 462/535/462 492/562/492 493/565/493
f 448/533/448 480/566/480 449/536/449
f 475/534/475 507/567/507 476/537/476
f 462/535/462 494/568/494 463/538/463
f 449/536/449 481/569/481 450/539/450
f 476/537/476 508/570/508 477/540/477
f 464/541/464 494/568/494 495/571/495
f 450/539/450 482/572/482 451/542/451
f 540/42/540 477/540/477 508/570/508
f 464/541/464 496/573/496 465/509/465
f 451/542/451 483/574/483 452/510/452
f 466/511/466 496/573/496 497/575/497
f 453/512/453 483/574/483 484/544/484
f 499/546/499 531/576/531 500/549/500
f 487/550/487 517/577/517 518/578/518
f 501/552/501 531/579/531 532/580/532
f 487/550/487 519/581/519 488/553/488
f 501/552/501 533/582/533 502/554/502
f 489/555/489 519/581/519 520/583/520
f 502/554/502 534/584/534 503/556/503
f 489/555/489 521/585/521 490/557/490
f 504/558/504 534/584/534 535/586/535
f 491/559/491 521/585/521 522/587/522
f 478/560/478 1161/16/1161 509/588/509
f 505/561/505 535/586/535 536/589/536
f 491/559/491 523/590/523 492/562/492
f 478/560/478 510/591/510 479/563/479
f 505/561/505 537/592/537 506/564/506
f 493/565/493 523/590/523 524/593/524
f 480/566/480 510/591/510 511/594/511
f 506/564/506 538/595/538 507/567/507
f 493/565/493 525/596/525 494/568/494
f 480/566/480 512/597/512 481/569/481
f 507/567/507 539/598/539 508/570/508
f 495/571/495 525/596/525 526/599/526
f 481/569/481 513/600/513 482/572/482
f 540/42/540 508/570/508 539/598/539
f 495/571/495 527/601/527 496/573/496
f 482/572/482 514/602/514 483/574/483
f 497/575/497 527/601/527 528/603/528
f 483/574/483 515/604/515 484/544/484
f 497/575/497 529/605/529 498/543/498
f 485/545/485 515/604/515 516/606/516
f 499/546/499 529/605/529 530/607/530
f 485/545/485 517/608/517 486/609/486
f 532/580/532 565/610/565 533/582/533
f 520/583/520 551/611/551 552/612/552
f 533/582/533 566/613/566 534/584/534
f 520/583/520 553/614/553 521/585/521
f 535/586/535 566/613/566 567/615/567
f 522/587/522 553/614/553 554/616/554
f 509/588/509 1161/16/1161 541/617/541
f 536/589/536 567/615/567 568/618/568
f 522/587/522 555/619/555 523/590/523
f 509/588/509 542/620/542 510/591/510
f 537/592/537 568/618/568 569/621/569
f 524/593/524 555/619/555 556/622/556
f 511/594/511 542/620/542 543/623/543
f 537/592/537 570/624/570 538/595/538
f 524/593/524 557/625/557 525/596/525
f 511/594/511 544/626/544 512/597/512
f 538/595/538 571/627/571 539/598/539
f 526/599/526 557/625/557 558/628/558
f 512/597/512 545/629/545 513/600/513
f 540/42/540 539/598/539 571/627/571
f 526/599/526 559/630/559 527/601/527
f 513/600/513 546/631/546 514/602/514
f 528/603/528 559/630/559 560/632/560
f 515/604/515 546/631/546 547/633/547
f 528/603/528 561/634/561 529/605/529
f 516/606/516 547/633/547 548/635/548
f 530/607/530 561/634/561 562/636/562
f 516/606/516 549/637/549 517/608/517
f 530/607/530 563/638/563 531/576/531
f 517/577/517 550/639/550 518/578/518
f 532/580/532 563/640/563 564/641/564
f 518/578/518 551/611/551 519/581/519
f 567/615/567 597/642/597 598/643/598
f 554/616/554 584/644/584 585/645/585
f 541/617/541 1161/16/1161 572/646/572
f 568/618/568 598/643/598 599/647/599
f 554/616/554 586/648/586 555/619/555
f 541/617/541 573/649/573 542/620/542
f 569/621/569 599/647/599 600/650/600
f 556/622/556 586/648/586 587/651/587
f 542/620/542 574/652/574 543/623/543
f 569/621/569 601/653/601 570/624/570
f 556/654/556 588/655/588 557/656/557
f 544/626/544 574/652/574 575/657/575
f 570/624/570 602/658/602 571/627/571
f 558/659/558 588/655/588 589/660/589
f 544/626/544 576/661/576 545/629/545
f 540/42/540 571/627/571 602/658/602
f 558/659/558 590/662/590 559/663/559
f 545/629/545 577/664/577 546/631/546
f 559/663/559 591/665/591 560/666/560
f 546/631/546 578/667/578 547/633/547
f 560/666/560 592/668/592 561/669/561
f 548/635/548 578/667/578 579/670/579
f 562/671/562 592/668/592 593/672/593
f 548/635/548 580/673/580 549/637/549
f 562/671/562 594/674/594 563/675/563
f 550/676/550 580/673/580 581/677/581
f 564/641/564 594/678/594 595/679/595
f 550/639/550 582/680/582 551/611/551
f 564/641/564 596/681/596 565/610/565
f 552/612/552 582/680/582 583/682/583
f 565/610/565 597/642/597 566/613/566
f 552/612/552 584/644/584 553/614/553
f 572/646/572 604/683/604 573/649/573
f 600/650/600 630/684/630 631/685/631
f 587/686/587 617/687/617 618/688/618
f 574/652/574 604/683/604 605/689/605
f 600/650/600 632/690/632 601/653/601
f 587/686/587 619/691/619 588/655/588
f 574/652/574 606/692/606 575/657/575
f 601/653/601 633/693/633 602/658/602
f 589/660/589 619/691/619 620/694/620
f 576/661/576 606/692/606 607/695/607
f 540/42/540 602/658/602 633/693/633
f 589/660/589 621/696/621 590/662/590
f 576/661/576 608/697/608 577/664/577
f 591/665/591 621/696/621 622/698/622
f 578/667/578 608/697/608 609/699/609
f 591/665/591 623/700/623 592/668/592
f 579/670/579 609/699/609 610/701/610
f 593/672/593 623/700/623 624/702/624
f 579/670/579 611/703/611 580/673/580
f 593/672/593 625/704/625 594/674/594
f 581/677/581 611/703/611 612/705/612
f 595/679/595 625/706/625 626/707/626
f 581/708/581 613/709/613 582/710/582
f 595/679/595 627/711/627 596/681/596
f 583/712/583 613/709/613 614/713/614
f 596/681/596 628/714/628 597/642/597
f 583/712/583 615/715/615 584/716/584
f 598/643/598 628/714/628 629/717/629
f 585/718/585 615/715/615 616/719/616
f 572/646/572 1161/16/1161 603/720/603
f 599/647/599 629/717/629 630/684/630
f 585/718/585 617/687/617 586/721/586
f 605/689/605 637/722/637 606/692/606
f 632/690/632 664/723/664 633/693/633
f 620/694/620 650/724/650 651/725/651
f 606/692/606 638/726/638 607/695/607
f 540/42/540 633/693/633 664/723/664
f 620/694/620 652/727/652 621/696/621
f 607/695/607 639/728/639 608/697/608
f 622/698/622 652/727/652 653/729/653
f 609/699/609 639/728/639 640/730/640
f 622/698/622 654/731/654 623/700/623
f 610/701/610 640/730/640 641/732/641
f 624/702/624 654/731/654 655/733/655
f 610/701/610 642/734/642 611/703/611
f 624/702/624 656/735/656 625/704/625
f 612/736/612 642/737/642 643/738/643
f 626/707/626 656/739/656 657/740/657
f 612/736/612 644/741/644 613/709/613
f 626/707/626 658/742/658 627/711/627
f 614/713/614 644/741/644 645/743/645
f 627/711/627 659/744/659 628/714/628
f 614/713/614 646/745/646 615/715/615
f 629/717/629 659/744/659 660/746/660
f 616/719/616 646/745/646 647/747/647
f 603/720/603 1161/16/1161 634/748/634
f 630/684/630 660/746/660 661/749/661
f 616/719/616 648/750/648 617/687/617
f 603/720/603 635/751/635 604/683/604
f 630/684/630 662/752/662 631/685/631
f 618/688/618 648/750/648 649/753/649
f 605/689/605 635/751/635 636/754/636
f 631/685/631 663/755/663 632/690/632
f 618/688/618 650/724/650 619/691/619
f 638/726/638 670/756/670 639/728/639
f 653/729/653 683/757/683 684/758/684
f 640/730/640 670/756/670 671/759/671
f 653/729/653 685/760/685 654/731/654
f 641/732/641 671/759/671 672/761/672
f 655/733/655 685/760/685 686/762/686
f 641/732/641 673/763/673 642/734/642
f 655/733/655 687/764/687 656/735/656
f 643/738/643 673/765/673 674/766/674
f 657/767/657 687/764/687 688/768/688
f 643/738/643 675/769/675 644/741/644
f 657/740/657 689/770/689 658/742/658
f 645/743/645 675/769/675 676/771/676
f 658/742/658 690/772/690 659/744/659
f 645/743/645 677/773/677 646/745/646
f 660/746/660 690/772/690 691/774/691
f 647/747/647 677/773/677 678/775/678
f 634/748/634 1161/16/1161 665/776/665
f 660/746/660 692/777/692 661/749/661
f 647/747/647 679/778/679 648/750/648
f 635/751/635 665/776/665 666/779/666
f 661/749/661 693/780/693 662/752/662
f 649/753/649 679/778/679 680/781/680
f 636/754/636 666/779/666 667/782/667
f 662/752/662 694/783/694 663/755/663
f 649/753/649 681/784/681 650/724/650
f 636/754/636 668/785/668 637/722/637
f 663/755/663 695/786/695 664/723/664
f 651/725/651 681/784/681 682/787/682
f 637/722/637 669/788/669 638/726/638
f 540/42/540 664/723/664 695/786/695
f 651/725/651 683/757/683 652/727/652
f 672/761/672 702/789/702 703/790/703
f 686/762/686 716/791/716 717/792/717
f 672/761/672 704/793/704 673/763/673
f 686/762/686 718/794/718 687/764/687
f 674/766/674 704/795/704 705/796/705
f 688/768/688 718/794/718 719/797/719
f 674/766/674 706/798/706 675/769/675
f 688/799/688 720/800/720 689/770/689
f 676/771/676 706/798/706 707/801/707
f 690/772/690 720/800/720 721/802/721
f 676/771/676 708/803/708 677/773/677
f 691/774/691 721/802/721 722/804/722
f 678/775/678 708/803/708 709/805/709
f 665/776/665 1161/16/1161 696/806/696
f 691/774/691 723/807/723 692/777/692
f 678/775/678 710/808/710 679/778/679
f 665/776/665 697/809/697 666/779/666
f 692/777/692 724/810/724 693/780/693
f 680/781/680 710/808/710 711/811/711
f 667/782/667 697/809/697 698/812/698
f 693/780/693 725/813/725 694/783/694
f 680/781/680 712/814/712 681/784/681
f 667/782/667 699/815/699 668/785/668
f 695/786/695 725/813/725 726/816/726
f 682/787/682 712/814/712 713/817/713
f 669/788/669 699/815/699 700/818/700
f 540/42/540 695/786/695 726/816/726
f 682/787/682 714/819/714 683/757/683
f 669/788/669 701/820/701 670/756/670
f 684/758/684 714/819/714 715/821/715
f 670/756/670 702/789/702 671/759/671
f 684/758/684 716/791/716 685/760/685
f 705/796/705 735/822/735 736/823/736
f 719/797/719 749/824/749 750/825/750
f 705/796/705 737/826/737 706/798/706
f 719/827/719 751/828/751 720/800/720
f 707/801/707 737/826/737 738/829/738
f 720/800/720 752/830/752 721/802/721
f 707/801/707 739/831/739 708/803/708
f 722/804/722 752/830/752 753/832/753
f 709/805/709 739/831/739 740/833/740
f 696/806/696 1161/16/1161 727/834/727
f 722/804/722 754/835/754 723/807/723
f 709/805/709 741/836/741 710/808/710
f 696/806/696 728/837/728 697/809/697
f 723/807/723 755/838/755 724/810/724
f 710/808/710 742/839/742 711/811/711
f 698/812/698 728/837/728 729/840/729
f 724/810/724 756/841/756 725/813/725
f 712/814/712 742/839/742 743/842/743
f 698/812/698 730/843/730 699/815/699
f 725/813/725 757/844/757 726/816/726
f 712/814/712 744/845/744 713/817/713
f 699/815/699 731/846/731 700/818/700
f 540/42/540 726/816/726 757/844/757
f 713/817/713 745/847/745 714/819/714
f 700/818/700 732/848/732 701/820/701
f 715/821/715 745/847/745 746/849/746
f 702/789/702 732/848/732 733/850/733
f 715/821/715 747/851/747 716/791/716
f 703/790/703 733/850/733 734/852/734
f 717/792/717 747/851/747 748/853/748
f 703/790/703 735/854/735 704/793/704
f 717/792/717 749/824/749 718/794/718
f 738/829/738 768/855/768 769/856/769
f 751/828/751 783/857/783 752/830/752
f 738/829/738 770/858/770 739/831/739
f 753/832/753 783/857/783 784/859/784
f 740/833/740 770/858/770 771/860/771
f 727/834/727 1161/16/1161 758/861/758
f 754/835/754 784/859/784 785/862/785
f 740/833/740 772/863/772 741/836/741
f 727/834/727 759/864/759 728/837/728
f 754/835/754 786/865/786 755/838/755
f 741/836/741 773/866/773 742/839/742
f 728/837/728 760/867/760 729/840/729
f 755/838/755 787/868/787 756/841/756
f 743/842/743 773/866/773 774/869/774
f 729/840/729 761/870/761 730/843/730
f 757/844/757 787/868/787 788/871/788
f 744/845/744 774/869/774 775/872/775
f 730/843/730 762/873/762 731/846/731
f 540/42/540 757/844/757 788/871/788
f 744/845/744 776/874/776 745/847/745
f 731/846/731 763/875/763 732/848/732
f 746/849/746 776/874/776 777/876/777
f 732/848/732 764/877/764 733/850/733
f 746/849/746 778/878/778 747/851/747
f 734/852/734 764/877/764 765/879/765
f 747/851/747 779/880/779 748/853/748
f 734/881/734 766/882/766 735/822/735
f 748/853/748 780/883/780 749/824/749
f 736/823/736 766/882/766 767/884/767
f 750/825/750 780/883/780 781/885/781
f 736/823/736 768/855/768 737/826/737
f 750/886/750 782/887/782 751/828/751
f 771/860/771 801/888/801 802/889/802
f 758/861/758 1161/16/1161 789/890/789
f 784/859/784 816/891/816 785/862/785
f 771/860/771 803/892/803 772/863/772
f 758/861/758 790/893/790 759/864/759
f 785/862/785 817/894/817 786/865/786
f 773/866/773 803/892/803 804/895/804
f 759/864/759 791/896/791 760/867/760
f 786/865/786 818/897/818 787/868/787
f 773/866/773 805/898/805 774/869/774
f 760/867/760 792/899/792 761/870/761
f 787/868/787 819/900/819 788/871/788
f 775/872/775 805/898/805 806/901/806
f 761/870/761 793/902/793 762/873/762
f 540/42/540 788/871/788 819/900/819
f 775/872/775 807/903/807 776/874/776
f 762/873/762 794/904/794 763/875/763
f 777/876/777 807/903/807 808/905/808
f 763/875/763 795/906/795 764/877/764
f 777/876/777 809/907/809 778/878/778
f 765/879/765 795/906/795 796/908/796
f 779/880/779 809/907/809 810/909/810
f 765/910/765 797/911/797 766/882/766
f 779/880/779 811/912/811 780/883/780
f 767/884/767 797/911/797 798/913/798
f 781/885/781 811/912/811 812/914/812
f 767/884/767 799/915/799 768/855/768
f 781/916/781 813/917/813 782/887/782
f 769/856/769 799/915/799 800/918/800
f 782/887/782 814/919/814 783/857/783
f 769/856/769 801/888/801 770/858/770
f 784/859/784 814/919/814 815/920/815
f 800/918/800 830/921/830 831/922/831
f 814/919/814 844/923/844 845/924/845
f 800/918/800 832/925/832 801/888/801
f 815/920/815 845/924/845 846/926/846
f 802/889/802 832/925/832 833/927/833
f 789/890/789 1161/16/1161 820/928/820
f 815/920/815 847/929/847 816/891/816
f 802/889/802 834/930/834 803/892/803
f 790/893/790 820/928/820 821/931/821
f 816/891/816 848/932/848 817/894/817
f 804/895/804 834/930/834 835/933/835
f 791/896/791 821/931/821 822/934/822
f 817/894/817 849/935/849 818/897/818
f 804/895/804 836/936/836 805/898/805
f 791/896/791 823/937/823 792/899/792
f 818/897/818 850/938/850 819/900/819
f 806/901/806 836/936/836 837/939/837
f 792/899/792 824/940/824 793/902/793
f 540/42/540 819/900/819 850/938/850
f 806/901/806 838/941/838 807/903/807
f 793/902/793 825/942/825 794/904/794
f 808/905/808 838/941/838 839/943/839
f 794/904/794 826/944/826 795/906/795
f 808/905/808 840/945/840 809/907/809
f 796/908/796 826/944/826 827/946/827
f 810/909/810 840/945/840 841/947/841
f 796/948/796 828/949/828 797/911/797
f 810/909/810 842/950/842 811/912/811
f 798/913/798 828/949/828 829/951/829
f 812/914/812 842/950/842 843/952/843
f 798/913/798 830/921/830 799/915/799
f 812/953/812 844/923/844 813/917/813
f 833/927/833 863/954/863 864/955/864
f 820/928/820 1161/16/1161 851/956/851
f 846/926/846 878/957/878 847/929/847
f 833/927/833 865/958/865 834/930/834
f 820/928/820 852/959/852 821/931/821
f 847/929/847 879/960/879 848/932/848
f 835/933/835 865/958/865 866/961/866
f 821/931/821 853/962/853 822/934/822
f 849/935/849 879/960/879 880/963/880
f 835/933/835 867/964/867 836/936/836
f 822/934/822 854/965/854 823/937/823
f 849/935/849 881/966/881 850/938/850
f 837/939/837 867/964/867 868/967/868
f 824/940/824 854/965/854 855/968/855
f 540/42/540 850/938/850 881/966/881
f 837/939/837 869/969/869 838/941/838
f 824/940/824 856/970/856 825/942/825
f 839/943/839 869/969/869 870/971/870
f 825/942/825 857/972/857 826/944/826
f 839/943/839 871/973/871 840/945/840
f 827/946/827 857/972/857 858/974/858
f 841/947/841 871/973/871 872/975/872
f 827/976/827 859/977/859 828/949/828
f 841/947/841 873/978/873 842/950/842
f 829/951/829 859/977/859 860/979/860
f 843/952/843 873/978/873 874/980/874
f 829/951/829 861/981/861 830/921/830
f 843/982/843 875/983/875 844/923/844
f 831/922/831 861/981/861 862/984/862
f 844/923/844 876/985/876 845/924/845
f 831/922/831 863/954/863 832/925/832
f 846/926/846 876/985/876 877/986/877
f 866/961/866 896/987/896 897/988/897
f 853/962/853 883/989/883 884/990/884
f 879/960/879 911/991/911 880/963/880
f 866/961/866 898/992/898 867/964/867
f 854/965/854 884/990/884 885/993/885
f 880/963/880 912/994/912 881/966/881
f 868/967/868 898/992/898 899/995/899
f 855/968/855 885/993/885 886/996/886
f 540/42/540 881/966/881 912/994/912
f 868/967/868 900/997/900 869/969/869
f 855/968/855 887/998/887 856/970/856
f 870/971/870 900/997/900 901/999/901
f 856/970/856 888/1000/888 857/972/857
f 870/971/870 902/1001/902 871/973/871
f 858/974/858 888/1000/888 889/1002/889
f 872/975/872 902/1001/902 903/1003/903
f 858/1004/858 890/1005/890 859/977/859
f 872/975/872 904/1006/904 873/978/873
f 860/979/860 890/1005/890 891/1007/891
f 874/980/874 904/1006/904 905/1008/905
f 860/979/860 892/1009/892 861/981/861
f 874/1010/874 906/1011/906 875/983/875
f 862/984/862 892/1009/892 893/1012/893
f 876/985/876 906/1011/906 907/1013/907
f 862/984/862 894/1014/894 863/954/863
f 877/986/877 907/1013/907 908/1015/908
f 864/955/864 894/1014/894 895/1016/895
f 851/956/851 1161/16/1161 882/1017/882
f 877/986/877 909/1018/909 878/957/878
f 864/955/864 896/987/896 865/958/865
f 851/956/851 883/989/883 852/959/852
f 878/957/878 910/1019/910 879/960/879
f 899/995/899 929/1020/929 930/1021/930
f 886/996/886 916/1022/916 917/1023/917
f 540/42/540 912/994/912 943/1024/943
f 899/995/899 931/1025/931 900/997/900
f 886/996/886 918/1026/918 887/998/887
f 901/999/901 931/1025/931 932/1027/932
f 887/998/887 919/1028/919 888/1000/888
f 901/999/901 933/1029/933 902/1001/902
f 889/1002/889 919/1028/919 920/1030/920
f 903/1003/903 933/1029/933 934/1031/934
f 889/1002/889 921/1032/921 890/1033/890
f 903/1003/903 935/1034/935 904/1006/904
f 891/1007/891 921/1035/921 922/1036/922
f 905/1008/905 935/1034/935 936/1037/936
f 891/1007/891 923/1038/923 892/1009/892
f 905/1039/905 937/1040/937 906/1011/906
f 893/1012/893 923/1038/923 924/1041/924
f 906/1011/906 938/1042/938 907/1013/907
f 893/1012/893 925/1043/925 894/1014/894
f 908/1015/908 938/1042/938 939/1044/939
f 895/1016/895 925/1043/925 926/1045/926
f 882/1017/882 1161/16/1161 913/1046/913
f 908/1015/908 940/1047/940 909/1018/909
f 895/1016/895 927/1048/927 896/987/896
f 882/1017/882 914/1049/914 883/989/883
f 909/1018/909 941/1050/941 910/1019/910
f 897/988/897 927/1048/927 928/1051/928
f 883/989/883 915/1052/915 884/990/884
f 910/1019/910 942/1053/942 911/991/911
f 897/988/897 929/1020/929 898/992/898
f 885/993/885 915/1052/915 916/1022/916
f 912/994/912 942/1053/942 943/1024/943
f 932/1027/932 962/1054/962 963/1055/963
f 919/1028/919 949/1056/949 950/1057/950
f 932/1027/932 964/1058/964 933/1029/933
f 920/1030/920 950/1057/950 951/1059/951
f 934/1031/934 964/1058/964 965/1060/965
f 920/1030/920 952/1061/952 921/1032/921
f 934/1031/934 966/1062/966 935/1034/935
f 922/1036/922 952/1063/952 953/1064/953
f 936/1037/936 966/1062/966 967/1065/967
f 922/1036/922 954/1066/954 923/1038/923
f 936/1067/936 968/1068/968 937/1040/937
f 924/1041/924 954/1066/954 955/1069/955
f 937/1040/937 969/1070/969 938/1042/938
f 924/1041/924 956/1071/956 925/1043/925
f 939/1044/939 969/1070/969 970/1072/970
f 926/1045/926 956/1071/956 957/1073/957
f 913/1046/913 1161/16/1161 944/1074/944
f 940/1047/940 970/1072/970 971/1075/971
f 926/1045/926 958/1076/958 927/1048/927
f 913/1046/913 945/1077/945 914/1049/914
f 940/1047/940 972/1078/972 941/1050/941
f 928/1051/928 958/1076/958 959/1079/959
f 914/1049/914 946/1080/946 915/1052/915
f 941/1050/941 973/1081/973 942/1053/942
f 928/1051/928 960/1082/960 929/1020/929
f 915/1052/915 947/1083/947 916/1022/916
f 943/1024/943 973/1081/973 974/1084/974
f 930/1021/930 960/1082/960 961/1085/961
f 916/1022/916 948/1086/948 917/1023/917
f 540/42/540 943/1024/943 974/1084/974
f 930/1021/930 962/1054/962 931/1025/931
f 917/1023/917 949/1056/949 918/1026/918
f 965/1060/965 995/1087/995 996/1088/996
f 951/1059/951 983/1089/983 952/1061/952
f 965/1060/965 997/1090/997 966/1062/966
f 953/1064/953 983/1091/983 984/1092/984
f 967/1065/967 997/1090/997 998/1093/998
f 953/1064/953 985/1094/985 954/1066/954
f 967/1095/967 999/1096/999 968/1068/968
f 955/1069/955 985/1094/985 986/1097/986
f 969/1070/969 999/1096/999 1000/1098/1000
f 955/1069/955 987/1099/987 956/1071/956
f 970/1072/970 1000/1098/1000 1001/1100/1001
f 957/1073/957 987/1099/987 988/1101/988
f 944/1074/944 1161/16/1161 975/1102/975
f 971/1075/971 1001/1100/1001 1002/1103/1002
f 957/1073/957 989/1104/989 958/1076/958
f 944/1074/944 976/1105/976 945/1077/945
f 971/1075/971 1003/1106/1003 972/1078/972
f 959/1079/959 989/1104/989 990/1107/990
f 946/1080/946 976/1105/976 977/1108/977
f 972/1078/972 1004/1109/1004 973/1081/973
f 959/1079/959 991/1110/991 960/1082/960
f 946/1080/946 978/1111/978 947/1083/947
f 973/1081/973 1005/1112/1005 974/1084/974
f 961/1085/961 991/1110/991 992/1113/992
f 948/1086/948 978/1111/978 979/1114/979
f 540/42/540 974/1084/974 1005/1112/1005
f 961/1085/961 993/1115/993 962/1054/962
f 948/1086/948 980/1116/980 949/1056/949
f 963/1055/963 993/1115/993 994/1117/994
f 949/1056/949 981/1118/981 950/1057/950
f 963/1055/963 995/1087/995 964/1058/964
f 951/1059/951 981/1118/981 982/1119/982
f 998/1120/998 1028/1121/1028 1029/1122/1029
f 984/1092/984 1016/1123/1016 985/1094/985
f 998/1120/998 1030/1124/1030 999/1096/999
f 986/1097/986 1016/1123/1016 1017/1125/1017
f 1000/1098/1000 1030/1124/1030 1031/1126/1031
f 986/1097/986 1018/1127/1018 987/1099/987
f 1001/1100/1001 1031/1126/1031 1032/1128/1032
f 988/1101/988 1018/1127/1018 1019/1129/1019
f 975/1102/975 1161/16/1161 1006/1130/1006
f 1001/1100/1001 1033/1131/1033 1002/1103/1002
f 988/1101/988 1020/1132/1020 989/1104/989
f 975/1102/975 1007/1133/1007 976/1105/976
f 1002/1103/1002 1034/1134/1034 1003/1106/1003
f 990/1107/990 1020/1132/1020 1021/1135/1021
f 976/1105/976 1008/1136/1008 977/1108/977
f 1004/1109/1004 1034/1134/1034 1035/1137/1035
f 990/1107/990 1022/1138/1022 991/1110/991
f 977/1108/977 1009/1139/1009 978/1111/978
f 1004/1109/1004 1036/1140/1036 1005/1112/1005
f 992/1113/992 1022/1138/1022 1023/1141/1023
f 979/1114/979 1009/1139/1009 1010/1142/1010
f 540/42/540 1005/1112/1005 1036/1140/1036
f 992/1113/992 1024/1143/1024 993/1115/993
f 979/1114/979 1011/1144/1011 980/1116/980
f 994/1117/994 1024/1143/1024 1025/1145/1025
f 980/1116/980 1012/1146/1012 981/1118/981
f 994/1117/994 1026/1147/1026 995/1087/995
f 982/1119/982 1012/1146/1012 1013/1148/1013
f 996/1088/996 1026/1147/1026 1027/1149/1027
f 982/1119/982 1014/1150/1014 983/1089/983
f 996/1088/996 1028/1151/1028 997/1090/997
f 984/1092/984 1014/1152/1014 1015/1153/1015
f 1030/1124/1030 1062/1154/1062 1031/1126/1031
f 1017/1125/1017 1049/1155/1049 1018/1127/1018
f 1032/1128/1032 1062/1154/1062 1063/1156/1063
f 1019/1129/1019 1049/1155/1049 1050/1157/1050
f 1006/1130/1006 1161/16/1161 1037/1158/1037
f 1032/1128/1032 1064/1159/1064 1033/1131/1033
f 1019/1129/1019 1051/1160/1051 1020/1132/1020
f 1006/1130/1006 1038/1161/1038 1007/1133/1007
f 1034/1134/1034 1064/1159/1064 1065/1162/1065
f 1021/1135/1021 1051/1160/1051 1052/1163/1052
f 1008/1136/1008 1038/1161/1038 1039/1164/1039
f 1035/1137/1035 1065/1162/1065 1066/1165/1066
f 1021/1135/1021 1053/1166/1053 1022/1138/1022
f 1008/1136/1008 1040/1167/1040 1009/1139/1009
f 1036/1140/1036 1066/1165/1066 1067/1168/1067
f 1023/1141/1023 1053/1166/1053 1054/1169/1054
f 1009/1139/1009 1041/1170/1041 1010/1142/1010
f 540/42/540 1036/1140/1036 1067/1168/1067
f 1023/1141/1023 1055/1171/1055 1024/1143/1024
f 1010/1142/1010 1042/1172/1042 1011/1144/1011
f 1025/1145/1025 1055/1171/1055 1056/1173/1056
f 1011/1144/1011 1043/1174/1043 1012/1146/1012
f 1025/1145/1025 1057/1175/1057 1026/1147/1026
f 1013/1148/1013 1043/1174/1043 1044/1176/1044
f 1027/1149/1027 1057/1175/1057 1058/1177/1058
f 1013/1148/1013 1045/1178/1045 1014/1150/1014
f 1027/1149/1027 1059/1179/1059 1028/1151/1028
f 1015/1180/1015 1045/1178/1045 1046/1181/1046
f 1029/1122/1029 1059/1182/1059 1060/1183/1060
f 1015/1153/1015 1047/1184/1047 1016/1123/1016
f 1029/1122/1029 1061/1185/1061 1030/1124/1030
f 1017/1125/1017 1047/1184/1047 1048/1186/1048
f 1063/1156/1063 1095/1187/1095 1064/1159/1064
f 1050/1188/1050 1082/1189/1082 1051/1190/1051
f 1037/1158/1037 1069/1191/1069 1038/1161/1038
f 1064/1159/1064 1096/1192/1096 1065/1162/1065
f 1052/1193/1052 1082/1189/1082 1083/1194/1083
f 1038/1161/1038 1070/1195/1070 1039/1164/1039
f 1065/1162/1065 1097/1196/1097 1066/1165/1066
f 1052/1193/1052 1084/1197/1084 1053/1198/1053
f 1039/1164/1039 1071/1199/1071 1040/1167/1040
f 1067/1168/1067 1097/1196/1097 1098/1200/1098
f 1054/1201/1054 1084/1197/1084 1085/1202/1085
f 1041/1170/1041 1071/1199/1071 1072/1203/1072
f 540/42/540 1067/1168/1067 1098/1200/1098
f 1054/1201/1054 1086/1204/1086 1055/1205/1055
f 1041/1170/1041 1073/1206/1073 1042/1172/1042
f 1056/1173/1056 1086/1207/1086 1087/1208/1087
f 1042/1172/1042 1074/1209/1074 1043/1174/1043
f 1056/1173/1056 1088/1210/1088 1057/1175/1057
f 1044/1176/1044 1074/1209/1074 1075/1211/1075
f 1058/1212/1058 1088/1213/1088 1089/1214/1089
f 1044/1176/1044 1076/1215/1076 1045/1178/1045
f 1058/1212/1058 1090/1216/1090 1059/1217/1059
f 1046/1181/1046 1076/1215/1076 1077/1218/1077
f 1060/1183/1060 1090/1219/1090 1091/1220/1091
f 1046/1221/1046 1078/1222/1078 1047/1223/1047
f 1060/1183/1060 1092/1224/1092 1061/1185/1061
f 1048/1186/1048 1078/1225/1078 1079/1226/1079
f 1062/1154/1062 1092/1224/1092 1093/1227/1093
f 1048/1186/1048 1080/1228/1080 1049/1155/1049
f 1063/1156/1063 1093/1227/1093 1094/1229/1094
f 1050/1188/1050 1080/1230/1080 1081/1231/1081
f 1037/1158/1037 1161/16/1161 1068/1232/1068
f 1097/1196/1097 1127/1233/1127 1128/1234/1128
f 1083/1194/1083 1115/1235/1115 1084/1197/1084
f 1070/1195/1070 1102/1236/1102 1071/1199/1071
f 1098/1200/1098 1128/1234/1128 1129/1237/1129
f 1085/1202/1085 1115/1235/1115 1116/1238/1116
f 1072/1203/1072 1102/1236/1102 1103/1239/1103
f 540/42/540 1098/1200/1098 1129/1237/1129
f 1085/1202/1085 1117/1240/1117 1086/1204/1086
f 1072/1203/1072 1104/1241/1104 1073/1206/1073
f 1087/1242/1087 1117/1240/1117 1118/1243/1118
f 1074/1209/1074 1104/1241/1104 1105/1244/1105
f 1087/1242/1087 1119/1245/1119 1088/1213/1088
f 1075/1211/1075 1105/1244/1105 1106/1246/1106
f 1088/1213/1088 1120/1247/1120 1089/1214/1089
f 1075/1211/1075 1107/1248/1107 1076/1215/1076
f 1089/1214/1089 1121/1249/1121 1090/1216/1090
f 1077/1218/1077 1107/1248/1107 1108/1250/1108
f 1091/1220/1091 1121/1251/1121 1122/1252/1122
f 1077/1253/1077 1109/1254/1109 1078/1222/1078
f 1091/1220/1091 1123/1255/1123 1092/1224/1092
f 1079/1256/1079 1109/1254/1109 1110/1257/1110
f 1092/1224/1092 1124/1258/1124 1093/1227/1093
f 1079/1256/1079 1111/1259/1111 1080/1230/1080
f 1094/1229/1094 1124/1258/1124 1125/1260/1125
f 1081/1231/1081 1111/1259/1111 1112/1261/1112
f 1068/1232/1068 1161/16/1161 1099/1262/1099
f 1094/1229/1094 1126/1263/1126 1095/1187/1095
f 1081/1231/1081 1113/1264/1113 1082/1189/1082
f 1068/1232/1068 1100/1265/1100 1069/1191/1069
f 1095/1187/1095 1127/1233/1127 1096/1192/1096
f 1082/1189/1082 1114/1266/1114 1083/1194/1083
f 1069/1191/1069 1101/1267/1101 1070/1195/1070
f 540/42/540 1129/1237/1129 1160/1268/1160
f 1116/1238/1116 1148/1269/1148 1117/1240/1117
f 1103/1239/1103 1135/1270/1135 1104/1241/1104
f 1118/1243/1118 1148/1269/1148 1149/1271/1149
f 1104/1241/1104 1136/1272/1136 1105/1244/1105
f 1118/1243/1118 1150/1273/1150 1119/1245/1119
f 1106/1246/1106 1136/1272/1136 1137/1274/1137
f 1120/1247/1120 1150/1273/1150 1151/1275/1151
f 1106/1246/1106 1138/1276/1138 1107/1248/1107
f 1120/1247/1120 1152/1277/1152 1121/1249/1121
f 1108/1278/1108 1138/1279/1138 1139/1280/1139
f 1122/1252/1122 1152/1281/1152 1153/1282/1153
f 1108/1278/1108 1140/1283/1140 1109/1254/1109
f 1122/1252/1122 1154/1284/1154 1123/1255/1123
f 1110/1257/1110 1140/1283/1140 1141/1285/1141
f 1123/1255/1123 1155/1286/1155 1124/1258/1124
f 1110/1257/1110 1142/1287/1142 1111/1259/1111
f 1125/1260/1125 1155/1286/1155 1156/1288/1156
f 1112/1261/1112 1142/1287/1142 1143/1289/1143
f 1099/1262/1099 1161/16/1161 1130/1290/1130
f 1125/1260/1125 1157/1291/1157 1126/1263/1126
f 1112/1261/1112 1144/1292/1144 1113/1264/1113
f 1099/1262/1099 1131/1293/1131 1100/1265/1100
f 1126/1263/1126 1158/1294/1158 1127/1233/1127
f 1114/1266/1114 1144/1292/1144 1145/1295/1145
f 1101/1267/1101 1131/1293/1131 1132/1296/1132
f 1127/1233/1127 1159/1297/1159 1128/1234/1128
f 1114/1266/1114 1146/1298/1146 1115/1235/1115
f 1101/1267/1101 1133/1299/1133 1102/1236/1102
f 1128/1234/1128 1160/1268/1160 1129/1237/1129
f 1115/1235/1115 1147/1300/1147 1116/1238/1116
f 1102/1236/1102 1134/1301/1134 1103/1239/1103
f 1149/1271/1149 1182/1302/1182 1150/1273/1150
f 1137/1274/1137 1168/1303/1168 1169/1304/1169
f 1151/1275/1151 1182/1302/1182 1183/1305/1183
f 1137/1274/1137 1170/1306/1170 1138/1276/1138
f 1151/1275/1151 1184/1307/1184 1152/1277/1152
f 1139/1280/1139 1170/1308/1170 1171/1309/1171
f 1153/1310/1153 1184/1307/1184 1185/1311/1185
f 1139/1280/1139 1172/1312/1172 1140/1283/1140
f 1153/1282/1153 1186/1313/1186 1154/1284/1154
f 1141/1285/1141 1172/1312/1172 1173/1314/1173
f 1154/1284/1154 1187/1315/1187 1155/1286/1155
f 1141/1285/1141 1174/1316/1174 1142/1287/1142
f 1156/1288/1156 1187/1315/1187 1188/1317/1188
f 1143/1289/1143 1174/1316/1174 1175/1318/1175
f 1130/1290/1130 1161/16/1161 1162/1319/1162
f 1156/1288/1156 1189/1320/1189 1157/1291/1157
f 1143/1289/1143 1176/1321/1176 1144/1292/1144
f 1130/1290/1130 1163/1322/1163 1131/1293/1131
f 1157/1291/1157 1190/1323/1190 1158/1294/1158
f 1144/1292/1144 1177/1324/1177 1145/1295/1145
f 1132/1296/1132 1163/1322/1163 1164/1325/1164
f 1158/1294/1158 1191/1326/1191 1159/1297/1159
f 1145/1295/1145 1178/1327/1178 1146/1298/1146
f 1132/1296/1132 1165/1328/1165 1133/1299/1133
f 1160/1268/1160 1191/1326/1191 1192/1329/1192
f 1147/1300/1147 1178/1327/1178 1179/1330/1179
f 1134/1301/1134 1165/1328/1165 1166/1331/1166
f 540/42/540 1160/1268/1160 1192/1329/1192
f 1147/1300/1147 1180/1332/1180 1148/1269/1148
f 1134/1301/1134 1167/1333/1167 1135/1270/1135
f 1149/1271/1149 1180/1332/1180 1181/1334/1181
f 1136/1272/1136 1167/1333/1167 1168/1303/1168
f 1183/1305/1183 1215/1335/1215 1184/1307/1184
f 1171/1309/1171 1201/1336/1201 1202/1337/1202
f 1185/1311/1185 1215/1335/1215 1216/1338/1216
f 1171/1309/1171 1203/1339/1203 1172/1312/1172
f 1185/1340/1185 1217/1341/1217 1186/1313/1186
f 1173/1314/1173 1203/1339/1203 1204/1342/1204
f 1186/1313/1186 1218/1343/1218 1187/1315/1187
f 1173/1314/1173 1205/1344/1205 1174/1316/1174
f 1188/1317/1188 1218/1343/1218 1219/1345/1219
f 1175/1318/1175 1205/1344/1205 1206/1346/1206
f 1162/1319/1162 1161/16/1161 1193/1347/1193
f 1188/1317/1188 1220/1348/1220 1189/1320/1189
f 1175/1318/1175 1207/1349/1207 1176/1321/1176
f 1163/1322/1163 1193/1347/1193 1194/1350/1194
f 1189/1320/1189 1221/1351/1221 1190/1323/1190
f 1176/1321/1176 1208/1352/1208 1177/1324/1177
f 1164/1325/1164 1194/1350/1194 1195/1353/1195
f 1190/1323/1190 1222/1354/1222 1191/1326/1191
f 1177/1324/1177 1209/1355/1209 1178/1327/1178
f 1164/1325/1164 1196/1356/1196 1165/1328/1165
f 1191/1326/1191 1223/1357/1223 1192/1329/1192
f 1178/1327/1178 1210/1358/1210 1179/1330/1179
f 1166/1331/1166 1196/1356/1196 1197/1359/1197
f 540/42/540 1192/1329/1192 1223/1357/1223
f 1179/1330/1179 1211/1360/1211 1180/1332/1180
f 1166/1331/1166 1198/1361/1198 1167/1333/1167
f 1181/1334/1181 1211/1360/1211 1212/1362/1212
f 1168/1303/1168 1198/1361/1198 1199/1363/1199
f 1181/1334/1181 1213/1364/1213 1182/1302/1182
f 1169/1304/1169 1199/1363/1199 1200/1365/1200
f 1183/1305/1183 1213/1364/1213 1214/1366/1214
f 1169/1304/1169 1201/1367/1201 1170/1306/1170
f 1216/1368/1216 1248/1369/1248 1217/1341/1217
f 1204/1342/1204 1234/1370/1234 1235/1371/1235
f 1217/1341/1217 1249/1372/1249 1218/1343/1218
f 1204/1342/1204 1236/1373/1236 1205/1344/1205
f 1219/1345/1219 1249/1372/1249 1250/1374/1250
f 1206/1346/1206 1236/1373/1236 1237/1375/1237
f 1193/1347/1193 1161/16/1161 1224/1376/1224
f 1219/1345/1219 1251/1377/1251 1220/1348/1220
f 1206/1346/1206 1238/1378/1238 1207/1349/1207
f 1194/1350/1194 1224/1376/1224 1225/1379/1225
f 1220/1348/1220 1252/1380/1252 1221/1351/1221
f 1207/1349/1207 1239/1381/1239 1208/1352/1208
f 1195/1353/1195 1225/1379/1225 1226/1382/1226
f 1221/1351/1221 1253/1383/1253 1222/1354/1222
f 1209/1355/1209 1239/1381/1239 1240/1384/1240
f 1195/1353/1195 1227/1385/1227 1196/1356/1196
f 1223/1357/1223 1253/1383/1253 1254/1386/1254
f 1209/1355/1209 1241/1387/1241 1210/1358/1210
f 1197/1359/1197 1227/1385/1227 1228/1388/1228
f 540/42/540 1223/1357/1223 1254/1386/1254
f 1210/1358/1210 1242/1389/1242 1211/1360/1211
f 1197/1359/1197 1229/1390/1229 1198/1361/1198
f 1212/1362/1212 1242/1389/1242 1243/1391/1243
f 1198/1361/1198 1230/1392/1230 1199/1363/1199
f 1212/1362/1212 1244/1393/1244 1213/1364/1213
f 1200/1365/1200 1230/1392/1230 1231/1394/1231
f 1214/1366/1214 1244/1393/1244 1245/1395/1245
f 1200/1365/1200 1232/1396/1232 1201/1367/1201
f 1214/1366/1214 1246/1397/1246 1215/1335/1215
f 1202/1337/1202 1232/1398/1232 1233/1399/1233
f 1216/1338/1216 1246/1397/1246 1247/1400/1247
f 1202/1337/1202 1234/1370/1234 1203/1339/1203
f 1250/1374/1250 1280/1401/1280 1281/1402/1281
f 1237/1375/1237 1267/1403/1267 1268/1404/1268
f 1224/1376/1224 1161/16/1161 1255/1405/1255
f 1251/1377/1251 1281/1402/1281 1282/1406/1282
f 1237/1375/1237 1269/1407/1269 1238/1378/1238
f 1225/1379/1225 1255/1405/1255 1256/1408/1256
f 1252/1380/1252 1282/1406/1282 1283/1409/1283
f 1238/1378/1238 1270/1410/1270 1239/1381/1239
f 1225/1379/1225 1257/1411/1257 1226/1382/1226
f 1252/1380/1252 1284/1412/1284 1253/1383/1253
f 1240/1384/1240 1270/1410/1270 1271/1413/1271
f 1226/1382/1226 1258/1414/1258 1227/1385/1227
f 1253/1383/1253 1285/1415/1285 1254/1386/1254
f 1240/1384/1240 1272/1416/1272 1241/1387/1241
f 1228/1388/1228 1258/1414/1258 1259/1417/1259
f 540/42/540 1254/1386/1254 1285/1415/1285
f 1241/1387/1241 1273/1418/1273 1242/1389/1242
f 1228/1388/1228 1260/1419/1260 1229/1390/1229
f 1243/1391/1243 1273/1418/1273 1274/1420/1274
f 1230/1392/1230 1260/1419/1260 1261/1421/1261
f 1243/1391/1243 1275/1422/1275 1244/1393/1244
f 1231/1394/1231 1261/1421/1261 1262/1423/1262
f 1245/1395/1245 1275/1422/1275 1276/1424/1276
f 1231/1425/1231 1263/1426/1263 1232/1398/1232
f 1245/1395/1245 1277/1427/1277 1246/1397/1246
f 1233/1399/1233 1263/1426/1263 1264/1428/1264
f 1247/1400/1247 1277/1427/1277 1278/1429/1278
f 1233/1399/1233 1265/1430/1265 1234/1370/1234
f 1247/1431/1247 1279/1432/1279 1248/1369/1248
f 1235/1371/1235 1265/1430/1265 1266/1433/1266
f 1248/1369/1248 1280/1401/1280 1249/1372/1249
f 1235/1371/1235 1267/1403/1267 1236/1373/1236
f 1255/1405/1255 1287/1434/1287 1256/1408/1256
f 1283/1409/1283 1313/1435/1313 1314/1436/1314
f 1269/1407/1269 1301/1437/1301 1270/1410/1270
f 1256/1408/1256 1288/1438/1288 1257/1411/1257
f 1284/1412/1284 1314/1436/1314 1315/1439/1315
f 1270/1410/1270 1302/1440/1302 1271/1413/1271
f 1258/1414/1258 1288/1438/1288 1289/1441/1289
f 1285/1415/1285 1315/1439/1315 1316/1442/1316
f 1271/1413/1271 1303/1443/1303 1272/1416/1272
f 1258/1414/1258 1290/1444/1290 1259/1417/1259
f 540/42/540 1285/1415/1285 1316/1442/1316
f 1272/1416/1272 1304/1445/1304 1273/1418/1273
f 1259/1417/1259 1291/1446/1291 1260/1419/1260
f 1274/1420/1274 1304/1445/1304 1305/1447/1305
f 1260/1419/1260 1292/1448/1292 1261/1421/1261
f 1274/1420/1274 1306/1449/1306 1275/1422/1275
f 1262/1423/1262 1292/1448/1292 1293/1450/1293
f 1276/1424/1276 1306/1449/1306 1307/1451/1307
f 1262/1452/1262 1294/1453/1294 1263/1426/1263
f 1276/1424/1276 1308/1454/1308 1277/1427/1277
f 1264/1428/1264 1294/1453/1294 1295/1455/1295
f 1278/1429/1278 1308/1454/1308 1309/1456/1309
f 1264/1428/1264 1296/1457/1296 1265/1430/1265
f 1278/1458/1278 1310/1459/1310 1279/1432/1279
f 1266/1433/1266 1296/1457/1296 1297/1460/1297
f 1280/1401/1280 1310/1459/1310 1311/1461/1311
f 1266/1433/1266 1298/1462/1298 1267/1403/1267
f 1281/1402/1281 1311/1461/1311 1312/1463/1312
f 1268/1404/1268 1298/1462/1298 1299/1464/1299
f 1255/1405/1255 1161/16/1161 1286/1465/1286
f 1281/1402/1281 1313/1435/1313 1282/1406/1282
f 1268/1404/1268 1300/1466/1300 1269/1407/1269
f 1288/1438/1288 1320/1467/1320 1289/1441/1289
f 1315/1439/1315 1347/1468/1347 1316/1442/1316
f 1303/1443/1303 1333/1469/1333 1334/1470/1334
f 1290/1444/1290 1320/1467/1320 1321/1471/1321
f 540/42/540 1316/1442/1316 1347/1468/1347
f 1303/1443/1303 1335/1472/1335 1304/1445/1304
f 1290/1444/1290 1322/1473/1322 1291/1446/1291
f 1305/1447/1305 1335/1472/1335 1336/1474/1336
f 1291/1446/1291 1323/1475/1323 1292/1448/1292
f 1305/1447/1305 1337/1476/1337 1306/1449/1306
f 1293/1450/1293 1323/1475/1323 1324/1477/1324
f 1307/1451/1307 1337/1476/1337 1338/1478/1338
f 1293/1479/1293 1325/1480/1325 1294/1453/1294
f 1307/1451/1307 1339/1481/1339 1308/1454/1308
f 1295/1455/1295 1325/1480/1325 1326/1482/1326
f 1309/1456/1309 1339/1481/1339 1340/1483/1340
f 1295/1455/1295 1327/1484/1327 1296/1457/1296
f 1309/1485/1309 1341/1486/1341 1310/1459/1310
f 1297/1460/1297 1327/1484/1327 1328/1487/1328
f 1311/1461/1311 1341/1486/1341 1342/1488/1342
f 1297/1460/1297 1329/1489/1329 1298/1462/1298
f 1312/1463/1312 1342/1488/1342 1343/1490/1343
f 1299/1464/1299 1329/1489/1329 1330/1491/1330
f 1286/1465/1286 1161/16/1161 1317/1492/1317
f 1312/1463/1312 1344/1493/1344 1313/1435/1313
f 1299/1464/1299 1331/1494/1331 1300/1466/1300
f 1286/1465/1286 1318/1495/1318 1287/1434/1287
f 1313/1435/1313 1345/1496/1345 1314/1436/1314
f 1301/1437/1301 1331/1494/1331 1332/1497/1332
f 1288/1438/1288 1318/1495/1318 1319/1498/1319
f 1314/1436/1314 1346/1499/1346 1315/1439/1315
f 1301/1437/1301 1333/1469/1333 1302/1440/1302
f 1321/1471/1321 1353/1500/1353 1322/1473/1322
f 1336/1474/1336 1366/1501/1366 1367/1502/1367
f 1322/1473/1322 1354/1503/1354 1323/1475/1323
f 1336/1474/1336 1368/1504/1368 1337/1476/1337
f 1324/1477/1324 1354/1503/1354 1355/1505/1355
f 1338/1478/1338 1368/1504/1368 1369/1506/1369
f 1324/1507/1324 1356/1508/1356 1325/1480/1325
f 1338/1478/1338 1370/1509/1370 1339/1481/1339
f 1326/1482/1326 1356/1508/1356 1357/1510/1357
f 1340/1483/1340 1370/1509/1370 1371/1511/1371
f 1326/1482/1326 1358/1512/1358 1327/1484/1327
f 1340/1513/1340 1372/1514/1372 1341/1486/1341
f 1328/1487/1328 1358/1512/1358 1359/1515/1359
f 1341/1486/1341 1373/1516/1373 1342/1488/1342
f 1328/1487/1328 1360/1517/1360 1329/1489/1329
f 1343/1490/1343 1373/1516/1373 1374/1518/1374
f 1330/1491/1330 1360/1517/1360 1361/1519/1361
f 1317/1492/1317 1161/16/1161 1348/1520/1348
f 1343/1490/1343 1375/1521/1375 1344/1493/1344
f 1330/1491/1330 1362/1522/1362 1331/1494/1331
f 1317/1492/1317 1349/1523/1349 1318/1495/1318
f 1345/1496/1345 1375/1521/1375 1376/1524/1376
f 1331/1494/1331 1363/1525/1363 1332/1497/1332
f 1319/1498/1319 1349/1523/1349 1350/1526/1350
f 1345/1496/1345 1377/1527/1377 1346/1499/1346
f 1332/1497/1332 1364/1528/1364 1333/1469/1333
f 1319/1498/1319 1351/1529/1351 1320/1467/1320
f 1347/1468/1347 1377/1527/1377 1378/1530/1378
f 1333/1469/1333 1365/1531/1365 1334/1470/1334
f 1321/1471/1321 1351/1529/1351 1352/1532/1352
f 540/42/540 1347/1468/1347 1378/1530/1378
f 1334/1470/1334 1366/1501/1366 1335/1472/1335
f 1355/1505/1355 1385/1533/1385 1386/1534/1386
f 1369/1506/1369 1399/1535/1399 1400/1536/1400
f 1355/1537/1355 1387/1538/1387 1356/1508/1356
f 1369/1506/1369 1401/1539/1401 1370/1509/1370
f 1357/1510/1357 1387/1538/1387 1388/1540/1388
f 1371/1511/1371 1401/1539/1401 1402/1541/1402
f 1357/1510/1357 1389/1542/1389 1358/1512/1358
f 1371/1543/1371 1403/1544/1403 1372/1514/1372
f 1359/1515/1359 1389/1542/1389 1390/1545/1390
f 1373/1516/1373 1403/1544/1403 1404/1546/1404
f 1359/1515/1359 1391/1547/1391 1360/1517/1360
f 1374/1518/1374 1404/1546/1404 1405/1548/1405
f 1361/1519/1361 1391/1547/1391 1392/1549/1392
f 1348/1520/1348 1161/16/1161 1379/1550/1379
f 1374/1518/1374 1406/1551/1406 1375/1521/1375
f 1361/1519/1361 1393/1552/1393 1362/1522/1362
f 1348/1520/1348 1380/1553/1380 1349/1523/1349
f 1376/1524/1376 1406/1551/1406 1407/1554/1407
f 1362/1522/1362 1394/1555/1394 1363/1525/1363
f 1350/1526/1350 1380/1553/1380 1381/1556/1381
f 1376/1524/1376 1408/1557/1408 1377/1527/1377
f 1363/1525/1363 1395/1558/1395 1364/1528/1364
f 1350/1526/1350 1382/1559/1382 1351/1529/1351
f 1378/1530/1378 1408/1557/1408 1409/1560/1409
f 1364/1528/1364 1396/1561/1396 1365/1531/1365
f 1352/1532/1352 1382/1559/1382 1383/1562/1383
f 540/42/540 1378/1530/1378 1409/1560/1409
f 1365/1531/1365 1397/1563/1397 1366/1501/1366
f 1352/1532/1352 1384/1564/1384 1353/1500/1353
f 1367/1502/1367 1397/1563/1397 1398/1565/1398
f 1353/1500/1353 1385/1533/1385 1354/1503/1354
f 1367/1502/1367 1399/1535/1399 1368/1504/1368
f 1388/1540/1388 1418/1566/1418 1419/1567/1419
f 1402/1541/1402 1432/1568/1432 1433/1569/1433
f 1388/1540/1388 1420/1570/1420 1389/1542/1389
f 1402/1571/1402 1434/1572/1434 1403/1544/1403
f 1390/1545/1390 1420/1570/1420 1421/1573/1421
f 1403/1544/1403 1435/1574/1435 1404/1546/1404
f 1390/1545/1390 1422/1575/1422 1391/1547/1391
f 1405/1548/1405 1435/1574/1435 1436/1576/1436
f 1392/1549/1392 1422/1575/1422 1423/1577/1423
f 1379/1550/1379 1161/16/1161 1410/1578/1410
f 1406/1551/1406 1436/1576/1436 1437/1579/1437
f 1392/1549/1392 1424/1580/1424 1393/1552/1393
f 1379/1550/1379 1411/1581/1411 1380/1553/1380
f 1406/1551/1406 1438/1582/1438 1407/1554/1407
f 1393/1552/1393 1425/1583/1425 1394/1555/1394
f 1380/1553/1380 1412/1584/1412 1381/1556/1381
f 1407/1554/1407 1439/1585/1439 1408/1557/1408
f 1394/1555/1394 1426/1586/1426 1395/1558/1395
f 1381/1556/1381 1413/1587/1413 1382/1559/1382
f 1409/1560/1409 1439/1585/1439 1440/1588/1440
f 1395/1558/1395 1427/1589/1427 1396/1561/1396
f 1382/1559/1382 1414/1590/1414 1383/1562/1383
f 540/42/540 1409/1560/1409 1440/1588/1440
f 1396/1561/1396 1428/1591/1428 1397/1563/1397
f 1383/1562/1383 1415/1592/1415 1384/1564/1384
f 1398/1565/1398 1428/1591/1428 1429/1593/1429
f 1384/1564/1384 1416/1594/1416 1385/1533/1385
f 1398/1565/1398 1430/1595/1430 1399/1535/1399
f 1386/1534/1386 1416/1594/1416 1417/1596/1417
f 1400/1536/1400 1430/1595/1430 1431/1597/1431
f 1386/1598/1386 1418/1566/1418 1387/1538/1387
f 1400/1536/1400 1432/1568/1432 1401/1539/1401
f 1421/1573/1421 1451/1599/1451 1452/1600/1452
f 1434/1572/1434 1466/1601/1466 1435/1574/1435
f 1421/1573/1421 1453/1602/1453 1422/1575/1422
f 1436/1576/1436 1466/1601/1466 1467/1603/1467
f 1423/1577/1423 1453/1602/1453 1454/1604/1454
f 1410/1578/1410 1161/16/1161 1441/1605/1441
f 1437/1579/1437 1467/1603/1467 1468/1606/1468
f 1423/1577/1423 1455/1607/1455 1424/1580/1424
f 1410/1578/1410 1442/1608/1442 1411/1581/1411
f 1437/1579/1437 1469/1609/1469 1438/1582/1438
f 1424/1580/1424 1456/1610/1456 1425/1583/1425
f 1412/1584/1412 1442/1608/1442 1443/1611/1443
f 1439/1585/1439 1469/1609/1469 1470/1612/1470
f 1425/1583/1425 1457/1613/1457 1426/1586/1426
f 1412/1584/1412 1444/1614/1444 1413/1587/1413
f 1440/1588/1440 1470/1612/1470 1471/1615/1471
f 1426/1586/1426 1458/1616/1458 1427/1589/1427
f 1413/1587/1413 1445/1617/1445 1414/1590/1414
f 540/42/540 1440/1588/1440 1471/1615/1471
f 1427/1589/1427 1459/1618/1459 1428/1591/1428
f 1414/1590/1414 1446/1619/1446 1415/1592/1415
f 1429/1593/1429 1459/1618/1459 1460/1620/1460
f 1415/1592/1415 1447/1621/1447 1416/1594/1416
f 1429/1593/1429 1461/1622/1461 1430/1595/1430
f 1417/1596/1417 1447/1621/1447 1448/1623/1448
f 1431/1597/1431 1461/1622/1461 1462/1624/1462
f 1417/1596/1417 1449/1625/1449 1418/1626/1418
f 1431/1597/1431 1463/1627/1463 1432/1568/1432
f 1419/1567/1419 1449/1628/1449 1450/1629/1450
f 1433/1569/1433 1463/1627/1463 1464/1630/1464
f 1419/1567/1419 1451/1599/1451 1420/1570/1420
f 1433/1631/1433 1465/1632/1465 1434/1572/1434
f 1454/1604/1454 1484/1633/1484 1485/1634/1485
f 1441/1605/1441 1161/16/1161 1472/1635/1472
f 1467/1603/1467 1499/1636/1499 1468/1606/1468
f 1454/1604/1454 1486/1637/1486 1455/1607/1455
f 1441/1605/1441 1473/1638/1473 1442/1608/1442
f 1468/1606/1468 1500/1639/1500 1469/1609/1469
f 1456/1610/1456 1486/1637/1486 1487/1640/1487
f 1443/1611/1443 1473/1638/1473 1474/1641/1474
f 1469/1609/1469 1501/1642/1501 1470/1612/1470
f 1456/1610/1456 1488/1643/1488 1457/1613/1457
f 1443/1611/1443 1475/1644/1475 1444/1614/1444
f 1470/1612/1470 1502/1645/1502 1471/1615/1471
f 1457/1613/1457 1489/1646/1489 1458/1616/1458
f 1444/1614/1444 1476/1647/1476 1445/1617/1445
f 540/42/540 1471/1615/1471 1502/1645/1502
f 1458/1616/1458 1490/1648/1490 1459/1618/1459
f 1445/1617/1445 1477/1649/1477 1446/1619/1446
f 1460/1620/1460 1490/1648/1490 1491/1650/1491
f 1446/1619/1446 1478/1651/1478 1447/1621/1447
f 1460/1620/1460 1492/1652/1492 1461/1622/1461
f 1448/1623/1448 1478/1651/1478 1479/1653/1479
f 1462/1624/1462 1492/1652/1492 1493/1654/1493
f 1448/1623/1448 1480/1655/1480 1449/1625/1449
f 1462/1624/1462 1494/1656/1494 1463/1627/1463
f 1450/1629/1450 1480/1657/1480 1481/1658/1481
f 1464/1630/1464 1494/1656/1494 1495/1659/1495
f 1450/1629/1450 1482/1660/1482 1451/1599/1451
f 1464/1661/1464 1496/1662/1496 1465/1632/1465
f 1452/1600/1452 1482/1660/1482 1483/1663/1483
f 1465/1632/1465 1497/1664/1497 1466/1601/1466
f 1452/1600/1452 1484/1633/1484 1453/1602/1453
f 1467/1603/1467 1497/1664/1497 1498/1665/1498
f 1487/1640/1487 1517/1666/1517 1518/1667/1518
f 1473/1638/1473 1505/1668/1505 1474/1641/1474
f 1500/1639/1500 1532/1669/1532 1501/1642/1501
f 1487/1640/1487 1519/1670/1519 1488/1643/1488
f 1474/1641/1474 1506/1671/1506 1475/1644/1475
f 1502/1645/1502 1532/1669/1532 1533/1672/1533
f 1488/1643/1488 1520/1673/1520 1489/1646/1489
f 1476/1647/1476 1506/1671/1506 1507/1674/1507
f 540/42/540 1502/1645/1502 1533/1672/1533
f 1489/1646/1489 1521/1675/1521 1490/1648/1490
f 1476/1647/1476 1508/1676/1508 1477/1649/1477
f 1491/1650/1491 1521/1675/1521 1522/1677/1522
f 1477/1649/1477 1509/1678/1509 1478/1651/1478
f 1491/1650/1491 1523/1679/1523 1492/1652/1492
f 1479/1653/1479 1509/1678/1509 1510/1680/1510
f 1493/1654/1493 1523/1679/1523 1524/1681/1524
f 1479/1653/1479 1511/1682/1511 1480/1655/1480
f 1493/1654/1493 1525/1683/1525 1494/1656/1494
f 1481/1658/1481 1511/1684/1511 1512/1685/1512
f 1495/1686/1495 1525/1687/1525 1526/1688/1526
f 1481/1658/1481 1513/1689/1513 1482/1660/1482
f 1495/1686/1495 1527/1690/1527 1496/1662/1496
f 1483/1663/1483 1513/1689/1513 1514/1691/1514
f 1497/1664/1497 1527/1690/1527 1528/1692/1528
f 1483/1663/1483 1515/1693/1515 1484/1633/1484
f 1498/1665/1498 1528/1692/1528 1529/1694/1529
f 1485/1634/1485 1515/1693/1515 1516/1695/1516
f 1472/1635/1472 1161/16/1161 1503/1696/1503
f 1499/1636/1499 1529/1694/1529 1530/1697/1530
f 1485/1634/1485 1517/1666/1517 1486/1637/1486
f 1472/1635/1472 1504/1698/1504 1473/1638/1473
f 1500/1639/1500 1530/1697/1530 1531/1699/1531
f 1520/1673/1520 1550/1700/1550 1551/1701/1551
f 1506/1671/1506 1538/1702/1538 1507/1674/1507
f 540/42/540 1533/1672/1533 1564/1703/1564
f 1520/1673/1520 1552/1704/1552 1521/1675/1521
f 1507/1674/1507 1539/1705/1539 1508/1676/1508
f 1522/1677/1522 1552/1704/1552 1553/1706/1553
f 1508/1676/1508 1540/1707/1540 1509/1678/1509
f 1522/1677/1522 1554/1708/1554 1523/1679/1523
f 1510/1680/1510 1540/1707/1540 1541/1709/1541
f 1524/1681/1524 1554/1708/1554 1555/1710/1555
f 1510/1680/1510 1542/1711/1542 1511/1682/1511
f 1524/1681/1524 1556/1712/1556 1525/1683/1525
f 1512/1685/1512 1542/1713/1542 1543/1714/1543
f 1526/1688/1526 1556/1715/1556 1557/1716/1557
f 1512/1685/1512 1544/1717/1544 1513/1689/1513
f 1526/1688/1526 1558/1718/1558 1527/1690/1527
f 1514/1691/1514 1544/1717/1544 1545/1719/1545
f 1527/1690/1527 1559/1720/1559 1528/1692/1528
f 1514/1691/1514 1546/1721/1546 1515/1693/1515
f 1529/1694/1529 1559/1720/1559 1560/1722/1560
f 1516/1695/1516 1546/1721/1546 1547/1723/1547
f 1503/1696/1503 1161/16/1161 1534/1724/1534
f 1529/1694/1529 1561/1725/1561 1530/1697/1530
f 1516/1695/1516 1548/1726/1548 1517/1666/1517
f 1503/1696/1503 1535/1727/1535 1504/1698/1504
f 1531/1699/1531 1561/1725/1561 1562/1728/1562
f 1518/1667/1518 1548/1726/1548 1549/1729/1549
f 1504/1698/1504 1536/1730/1536 1505/1668/1505
f 1531/1699/1531 1563/1731/1563 1532/1669/1532
f 1518/1667/1518 1550/1700/1550 1519/1670/1519
f 1505/1668/1505 1537/1732/1537 1506/1671/1506
f 1532/1669/1532 1564/1703/1564 1533/1672/1533
f 1553/1706/1553 1583/1733/1583 1584/1734/1584
f 1539/1705/1539 1571/1735/1571 1540/1707/1540
f 1553/1706/1553 1585/1736/1585 1554/1708/1554
f 1541/1709/1541 1571/1735/1571 1572/1737/1572
f 1555/1710/1555 1585/1736/1585 1586/1738/1586
f 1541/1709/1541 1573/1739/1573 1542/1711/1542
f 1555/1740/1555 1587/1741/1587 1556/1715/1556
f 1543/1742/1543 1573/1743/1573 1574/1744/1574
f 1557/1716/1557 1587/1741/1587 1588/1745/1588
f 1543/1742/1543 1575/1746/1575 1544/1747/1544
f 1557/1716/1557 1589/1748/1589 1558/1718/1558
f 1545/1749/1545 1575/1746/1575 1576/1750/1576
f 1559/1720/1559 1589/1748/1589 1590/1751/1590
f 1545/1749/1545 1577/1752/1577 1546/1753/1546
f 1560/1722/1560 1590/1751/1590 1591/1754/1591
f 1547/1755/1547 1577/1752/1577 1578/1756/1578
f 1534/1724/1534 1161/16/1161 1565/1757/1565
f 1561/1725/1561 1591/1754/1591 1592/1758/1592
f 1547/1755/1547 1579/1759/1579 1548/1760/1548
f 1534/1724/1534 1566/1761/1566 1535/1727/1535
f 1561/1725/1561 1593/1762/1593 1562/1728/1562
f 1549/1763/1549 1579/1759/1579 1580/1764/1580
f 1536/1730/1536 1566/1761/1566 1567/1765/1567
f 1562/1728/1562 1594/1766/1594 1563/1731/1563
f 1549/1729/1549 1581/1767/1581 1550/1700/1550
f 1537/1732/1537 1567/1765/1567 1568/1768/1568
f 1563/1731/1563 1595/1769/1595 1564/1703/1564
f 1551/1701/1551 1581/1767/1581 1582/1770/1582
f 1538/1702/1538 1568/1768/1568 1569/1771/1569
f 540/42/540 1564/1703/1564 1595/1769/1595
f 1551/1701/1551 1583/1733/1583 1552/1704/1552
f 1538/1702/1538 1570/1772/1570 1539/1705/1539
f 1584/1773/1584 1616/1774/1616 1585/1775/1585
f 1572/1737/1572 1602/1776/1602 1603/1777/1603
f 1586/1778/1586 1616/1774/1616 1617/1779/1617
f 1572/1737/1572 1604/1780/1604 1573/1739/1573
f 1586/1781/1586 1618/1782/1618 1587/1741/1587
f 1574/1744/1574 1604/1783/1604 1605/1784/1605
f 1588/1745/1588 1618/1782/1618 1619/1785/1619
f 1574/1744/1574 1606/1786/1606 1575/1746/1575
f 1588/1745/1588 1620/1787/1620 1589/1748/1589
f 1576/1750/1576 1606/1786/1606 1607/1788/1607
f 1590/1751/1590 1620/1787/1620 1621/1789/1621
f 1576/1750/1576 1608/1790/1608 1577/1752/1577
f 1591/1754/1591 1621/1789/1621 1622/1791/1622
f 1578/1756/1578 1608/1790/1608 1609/1792/1609
f 1565/1757/1565 1161/16/1161 1596/1793/1596
f 1591/1754/1591 1623/1794/1623 1592/1758/1592
f 1578/1756/1578 1610/1795/1610 1579/1759/1579
f 1565/1757/1565 1597/1796/1597 1566/1761/1566
f 1592/1758/1592 1624/1797/1624 1593/1762/1593
f 1579/1759/1579 1611/1798/1611 1580/1764/1580
f 1566/1761/1566 1598/1799/1598 1567/1765/1567
f 1593/1762/1593 1625/1800/1625 1594/1766/1594
f 1580/1764/1580 1612/1801/1612 1581/1802/1581
f 1567/1765/1567 1599/1803/1599 1568/1768/1568
f 1595/1769/1595 1625/1800/1625 1626/1804/1626
f 1582/1805/1582 1612/1801/1612 1613/1806/1613
f 1569/1771/1569 1599/1803/1599 1600/1807/1600
f 540/42/540 1595/1769/1595 1626/1804/1626
f 1582/1805/1582 1614/1808/1614 1583/1809/1583
f 1569/1771/1569 1601/1810/1601 1570/1772/1570
f 1584/1773/1584 1614/1808/1614 1615/1811/1615
f 1570/1772/1570 1602/1776/1602 1571/1735/1571
f 1617/1779/1617 1649/1812/1649 1618/1813/1618
f 1605/1784/1605 1635/1814/1635 1636/1815/1636
f 1619/1785/1619 1649/1816/1649 1650/1817/1650
f 1605/1784/1605 1637/1818/1637 1606/1786/1606
f 1619/1785/1619 1651/1819/1651 1620/1787/1620
f 1607/1788/1607 1637/1818/1637 1638/1820/1638
f 1620/1787/1620 1652/1821/1652 1621/1789/1621
f 1607/1788/1607 1639/1822/1639 1608/1790/1608
f 1622/1791/1622 1652/1821/1652 1653/1823/1653
f 1609/1792/1609 1639/1822/1639 1640/1824/1640
f 1596/1793/1596 1161/16/1161 1627/1825/1627
f 1623/1794/1623 1653/1823/1653 1654/1826/1654
f 1609/1792/1609 1641/1827/1641 1610/1795/1610
f 1596/1793/1596 1628/1828/1628 1597/1796/1597
f 1624/1797/1624 1654/1826/1654 1655/1829/1655
f 1610/1795/1610 1642/1830/1642 1611/1798/1611
f 1598/1799/1598 1628/1828/1628 1629/1831/1629
f 1624/1797/1624 1656/1832/1656 1625/1800/1625
f 1611/1798/1611 1643/1833/1643 1612/1801/1612
f 1598/1799/1598 1630/1834/1630 1599/1803/1599
f 1626/1804/1626 1656/1832/1656 1657/1835/1657
f 1612/1801/1612 1644/1836/1644 1613/1806/1613
f 1599/1803/1599 1631/1837/1631 1600/1807/1600
f 540/42/540 1626/1804/1626 1657/1835/1657
f 1613/1806/1613 1645/1838/1645 1614/1808/1614
f 1600/1807/1600 1632/1839/1632 1601/1810/1601
f 1615/1811/1615 1645/1838/1645 1646/1840/1646
f 1601/1810/1601 1633/1841/1633 1602/1776/1602
f 1615/1811/1615 1647/1842/1647 1616/1774/1616
f 1603/1777/1603 1633/1841/1633 1634/1843/1634
f 1617/1779/1617 1647/1842/1647 1648/1844/1648
f 1603/1777/1603 1635/1845/1635 1604/1780/1604
f 1650/1817/1650 1682/1846/1682 1651/1819/1651
f 1638/1820/1638 1668/1847/1668 1669/1848/1669
f 1651/1819/1651 1683/1849/1683 1652/1821/1652
f 1638/1820/1638 1670/1850/1670 1639/1822/1639
f 1653/1823/1653 1683/1849/1683 1684/1851/1684
f 1640/1824/1640 1670/1850/1670 1671/1852/1671
f 1627/1825/1627 1161/16/1161 1658/1853/1658
f 1654/1826/1654 1684/1851/1684 1685/1854/1685
f 1640/1824/1640 1672/1855/1672 1641/1827/1641
f 1627/1825/1627 1659/1856/1659 1628/1828/1628
f 1655/1829/1655 1685/1854/1685 1686/1857/1686
f 1642/1830/1642 1672/1855/1672 1673/1858/1673
f 1629/1831/1629 1659/1856/1659 1660/1859/1660
f 1655/1829/1655 1687/1860/1687 1656/1832/1656
f 1642/1830/1642 1674/1861/1674 1643/1833/1643
f 1629/1831/1629 1661/1862/1661 1630/1834/1630
f 1657/1835/1657 1687/1860/1687 1688/1863/1688
f 1643/1833/1643 1675/1864/1675 1644/1836/1644
f 1630/1834/1630 1662/1865/1662 1631/1837/1631
f 540/42/540 1657/1835/1657 1688/1863/1688
f 1644/1836/1644 1676/1866/1676 1645/1838/1645
f 1631/1837/1631 1663/1867/1663 1632/1839/1632
f 1646/1840/1646 1676/1866/1676 1677/1868/1677
f 1633/1841/1633 1663/1867/1663 1664/1869/1664
f 1646/1840/1646 1678/1870/1678 1647/1842/1647
f 1634/1843/1634 1664/1869/1664 1665/1871/1665
f 1648/1844/1648 1678/1870/1678 1679/1872/1679
f 1634/1873/1634 1666/1874/1666 1635/1814/1635
f 1648/1844/1648 1680/1875/1680 1649/1812/1649
f 1636/1815/1636 1666/1874/1666 1667/1876/1667
f 1650/1817/1650 1680/1877/1680 1681/1878/1681
f 1636/1815/1636 1668/1847/1668 1637/1818/1637
f 1684/1851/1684 1714/1879/1714 1715/1880/1715
f 1671/1852/1671 1701/1881/1701 1702/1882/1702
f 1658/1853/1658 1161/16/1161 1689/1883/1689
f 1684/1851/1684 1716/1884/1716 1685/1854/1685
f 1671/1852/1671 1703/1885/1703 1672/1855/1672
f 1658/1853/1658 1690/1886/1690 1659/1856/1659
f 1686/1857/1686 1716/1884/1716 1717/1887/1717
f 1672/1855/1672 1704/1888/1704 1673/1858/1673
f 1660/1859/1660 1690/1886/1690 1691/1889/1691
f 1686/1857/1686 1718/1890/1718 1687/1860/1687
f 1674/1861/1674 1704/1888/1704 1705/1891/1705
f 1660/1859/1660 1692/1892/1692 1661/1862/1661
f 1688/1863/1688 1718/1890/1718 1719/1893/1719
f 1674/1861/1674 1706/1894/1706 1675/1864/1675
f 1661/1862/1661 1693/1895/1693 1662/1865/1662
f 540/42/540 1688/1863/1688 1719/1893/1719
f 1675/1864/1675 1707/1896/1707 1676/1866/1676
f 1662/1865/1662 1694/1897/1694 1663/1867/1663
f 1677/1868/1677 1707/1896/1707 1708/1898/1708
f 1663/1867/1663 1695/1899/1695 1664/1869/1664
f 1677/1868/1677 1709/1900/1709 1678/1870/1678
f 1665/1871/1665 1695/1899/1695 1696/1901/1696
f 1679/1872/1679 1709/1900/1709 1710/1902/1710
f 1665/1903/1665 1697/1904/1697 1666/1874/1666
f 1679/1872/1679 1711/1905/1711 1680/1875/1680
f 1667/1876/1667 1697/1904/1697 1698/1906/1698
f 1681/1878/1681 1711/1907/1711 1712/1908/1712
f 1667/1876/1667 1699/1909/1699 1668/1847/1668
f 1681/1878/1681 1713/1910/1713 1682/1846/1682
f 1669/1848/1669 1699/1909/1699 1700/1911/1700
f 1683/1849/1683 1713/1910/1713 1714/1879/1714
f 1669/1848/1669 1701/1881/1701 1670/1850/1670
f 1717/1887/1717 1747/1912/1747 1748/1913/1748
f 1703/1885/1703 1735/1914/1735 1704/1888/1704
f 1691/1889/1691 1721/1915/1721 1722/1916/1722
f 1717/1887/1717 1749/1917/1749 1718/1890/1718
f 1705/1891/1705 1735/1914/1735 1736/1918/1736
f 1691/1889/1691 1723/1919/1723 1692/1892/1692
f 1719/1893/1719 1749/1917/1749 1750/1920/1750
f 1705/1891/1705 1737/1921/1737 1706/1894/1706
f 1692/1892/1692 1724/1922/1724 1693/1895/1693
f 540/42/540 1719/1893/1719 1750/1920/1750
f 1706/1894/1706 1738/1923/1738 1707/1896/1707
f 1693/1895/1693 1725/1924/1725 1694/1897/1694
f 1708/1898/1708 1738/1923/1738 1739/1925/1739
f 1695/1899/1695 1725/1924/1725 1726/1926/1726
f 1708/1898/1708 1740/1927/1740 1709/1900/1709
f 1696/1901/1696 1726/1926/1726 1727/1928/1727
f 1710/1902/1710 1740/1927/1740 1741/1929/1741
f 1696/1930/1696 1728/1931/1728 1697/1904/1697
f 1710/1902/1710 1742/1932/1742 1711/1905/1711
f 1698/1906/1698 1728/1931/1728 1729/1933/1729
f 1712/1908/1712 1742/1934/1742 1743/1935/1743
f 1698/1906/1698 1730/1936/1730 1699/1909/1699
f 1712/1908/1712 1744/1937/1744 1713/1910/1713
f 1700/1911/1700 1730/1936/1730 1731/1938/1731
f 1713/1910/1713 1745/1939/1745 1714/1879/1714
f 1700/1911/1700 1732/1940/1732 1701/1881/1701
f 1715/1880/1715 1745/1939/1745 1746/1941/1746
f 1702/1882/1702 1732/1940/1732 1733/1942/1733
f 1689/1883/1689 1161/16/1161 1720/1943/1720
f 1715/1880/1715 1747/1912/1747 1716/1884/1716
f 1703/1885/1703 1733/1942/1733 1734/1944/1734
f 1689/1883/1689 1721/1915/1721 1690/1886/1690
f 1750/1920/1750 1780/1945/1780 1781/1946/1781
f 1736/1918/1736 1768/1947/1768 1737/1921/1737
f 1723/1919/1723 1755/1948/1755 1724/1922/1724
f 540/42/540 1750/1920/1750 1781/1946/1781
f 1737/1921/1737 1769/1949/1769 1738/1923/1738
f 1724/1922/1724 1756/1950/1756 1725/1924/1725
f 1739/1925/1739 1769/1949/1769 1770/1951/1770
f 1726/1926/1726 1756/1950/1756 1757/1952/1757
f 1739/1925/1739 1771/1953/1771 1740/1927/1740
f 1727/1928/1727 1757/1952/1757 1758/1954/1758
f 1741/1929/1741 1771/1953/1771 1772/1955/1772
f 1727/1956/1727 1759/1957/1759 1728/1931/1728
f 1741/1929/1741 1773/1958/1773 1742/1932/1742
f 1729/1933/1729 1759/1957/1759 1760/1959/1760
f 1743/1960/1743 1773/1958/1773 1774/1961/1774
f 1729/1933/1729 1761/1962/1761 1730/1936/1730
f 1743/1935/1743 1775/1963/1775 1744/1937/1744
f 1731/1938/1731 1761/1962/1761 1762/1964/1762
f 1744/1937/1744 1776/1965/1776 1745/1939/1745
f 1731/1938/1731 1763/1966/1763 1732/1940/1732
f 1746/1941/1746 1776/1965/1776 1777/1967/1777
f 1733/1942/1733 1763/1966/1763 1764/1968/1764
f 1720/1943/1720 1161/16/1161 1751/1969/1751
f 1746/1941/1746 1778/1970/1778 1747/1912/1747
f 1734/1944/1734 1764/1968/1764 1765/1971/1765
f 1720/1943/1720 1752/1972/1752 1721/1915/1721
f 1748/1913/1748 1778/1970/1778 1779/1973/1779
f 1734/1944/1734 1766/1974/1766 1735/1914/1735
f 1722/1916/1722 1752/1972/1752 1753/1975/1753
f 1748/1913/1748 1780/1945/1780 1749/1917/1749
f 1736/1918/1736 1766/1974/1766 1767/1976/1767
f 1722/1916/1722 1754/1977/1754 1723/1919/1723
f 1770/1951/1770 1800/1978/1800 1801/1979/1801
f 1756/1950/1756 1788/1980/1788 1757/1952/1757
f 1770/1951/1770 1802/1981/1802 1771/1953/1771
f 1758/1954/1758 1788/1980/1788 1789/1982/1789
f 1772/1955/1772 1802/1981/1802 1803/1983/1803
f 1758/1984/1758 1790/1985/1790 1759/1957/1759
f 1772/1955/1772 1804/1986/1804 1773/1958/1773
f 1760/1959/1760 1790/1985/1790 1791/1987/1791
f 1774/1961/1774 1804/1986/1804 1805/1988/1805
f 1760/1959/1760 1792/1989/1792 1761/1962/1761
f 1774/1990/1774 1806/1991/1806 1775/1963/1775
f 1762/1964/1762 1792/1989/1792 1793/1992/1793
f 1776/1965/1776 1806/1991/1806 1807/1993/1807
f 1762/1964/1762 1794/1994/1794 1763/1966/1763
f 1777/1967/1777 1807/1993/1807 1808/1995/1808
f 1764/1968/1764 1794/1994/1794 1795/1996/1795
f 1751/1969/1751 1161/16/1161 1782/1997/1782
f 1777/1967/1777 1809/1998/1809 1778/1970/1778
f 1764/1968/1764 1796/1999/1796 1765/1971/1765
f 1751/1969/1751 1783/2000/1783 1752/1972/1752
f 1778/1970/1778 1810/2001/1810 1779/1973/1779
f 1766/1974/1766 1796/1999/1796 1797/2002/1797
f 1753/1975/1753 1783/2000/1783 1784/2003/1784
f 1780/1945/1780 1810/2001/1810 1811/2004/1811
f 1766/1974/1766 1798/2005/1798 1767/1976/1767
f 1753/1975/1753 1785/2006/1785 1754/1977/1754
f 1780/1945/1780 1812/2007/1812 1781/1946/1781
f 1768/1947/1768 1798/2005/1798 1799/2008/1799
f 1754/1977/1754 1786/2009/1786 1755/1948/1755
f 540/42/540 1781/1946/1781 1812/2007/1812
f 1768/1947/1768 1800/1978/1800 1769/1949/1769
f 1755/1948/1755 1787/2010/1787 1756/1950/1756
f 1803/1983/1803 1833/2011/1833 1834/2012/1834
f 1789/2013/1789 1821/2014/1821 1790/1985/1790
f 1803/1983/1803 1835/2015/1835 1804/1986/1804
f 1791/1987/1791 1821/2014/1821 1822/2016/1822
f 1805/1988/1805 1835/2015/1835 1836/2017/1836
f 1791/1987/1791 1823/2018/1823 1792/1989/1792
f 1805/2019/1805 1837/2020/1837 1806/1991/1806
f 1793/1992/1793 1823/2018/1823 1824/2021/1824
f 1807/1993/1807 1837/2020/1837 1838/2022/1838
f 1793/1992/1793 1825/2023/1825 1794/1994/1794
f 1808/1995/1808 1838/2022/1838 1839/2024/1839
f 1795/1996/1795 1825/2023/1825 1826/2025/1826
f 1782/1997/1782 1161/16/1161 1813/2026/1813
f 1808/1995/1808 1840/2027/1840 1809/1998/1809
f 1795/1996/1795 1827/2028/1827 1796/1999/1796
f 1783/2000/1783 1813/2026/1813 1814/2029/1814
f 1810/2001/1810 1840/2027/1840 1841/2030/1841
f 1797/2002/1797 1827/2028/1827 1828/2031/1828
f 1784/2003/1784 1814/2029/1814 1815/2032/1815
f 1810/2001/1810 1842/2033/1842 1811/2004/1811
f 1797/2002/1797 1829/2034/1829 1798/2005/1798
f 1784/2003/1784 1816/2035/1816 1785/2006/1785
f 1811/2004/1811 1843/2036/1843 1812/2007/1812
f 1799/2008/1799 1829/2034/1829 1830/2037/1830
f 1785/2006/1785 1817/2038/1817 1786/2009/1786
f 540/42/540 1812/2007/1812 1843/2036/1843
f 1799/2008/1799 1831/2039/1831 1800/1978/1800
f 1786/2009/1786 1818/2040/1818 1787/2010/1787
f 1801/1979/1801 1831/2039/1831 1832/2041/1832
f 1787/2010/1787 1819/2042/1819 1788/1980/1788
f 1801/1979/1801 1833/2011/1833 1802/1981/1802
f 1789/1982/1789 1819/2042/1819 1820/2043/1820
f 1836/2017/1836 1866/2044/1866 1867/2045/1867
f 1822/2016/1822 1854/2046/1854 1823/2018/1823
f 1836/2047/1836 1868/2048/1868 1837/2020/1837
f 1824/2021/1824 1854/2046/1854 1855/2049/1855
f 1838/2022/1838 1868/2048/1868 1869/2050/1869
f 1824/2021/1824 1856/2051/1856 1825/2023/1825
f 1839/2024/1839 1869/2050/1869 1870/2052/1870
f 1826/2025/1826 1856/2051/1856 1857/2053/1857
f 1813/2026/1813 1161/16/1161 1844/2054/1844
f 1839/2024/1839 1871/2055/1871 1840/2027/1840
f 1826/2025/1826 1858/2056/1858 1827/2028/1827
f 1814/2029/1814 1844/2054/1844 1845/2057/1845
f 1841/2030/1841 1871/2055/1871 1872/2058/1872
f 1827/2028/1827 1859/2059/1859 1828/2031/1828
f 1814/2029/1814 1846/2060/1846 1815/2032/1815
f 1841/2030/1841 1873/2061/1873 1842/2033/1842
f 1828/2031/1828 1860/2062/1860 1829/2034/1829
f 1815/2032/1815 1847/2063/1847 1816/2035/1816
f 1842/2033/1842 1874/2064/1874 1843/2036/1843
f 1829/2034/1829 1861/2065/1861 1830/2037/1830
f 1816/2035/1816 1848/2066/1848 1817/2038/1817
f 540/42/540 1843/2036/1843 1874/2064/1874
f 1830/2037/1830 1862/2067/1862 1831/2039/1831
f 1817/2038/1817 1849/2068/1849 1818/2040/1818
f 1832/2041/1832 1862/2067/1862 1863/2069/1863
f 1818/2040/1818 1850/2070/1850 1819/2042/1819
f 1832/2041/1832 1864/2071/1864 1833/2011/1833
f 1820/2043/1820 1850/2070/1850 1851/2072/1851
f 1834/2012/1834 1864/2071/1864 1865/2073/1865
f 1820/2074/1820 1852/2075/1852 1821/2014/1821
f 1834/2012/1834 1866/2044/1866 1835/2015/1835
f 1822/2016/1822 1852/2075/1852 1853/2076/1853
f 1869/2050/1869 1899/2077/1899 1900/2078/1900
f 1855/2049/1855 1887/2079/1887 1856/2051/1856
f 1870/2052/1870 1900/2078/1900 1901/2080/1901
f 1857/2053/1857 1887/2079/1887 1888/2081/1888
f 1844/2054/1844 1161/16/1161 1875/2082/1875
f 1870/2052/1870 1902/2083/1902 1871/2055/1871
f 1857/2053/1857 1889/2084/1889 1858/2056/1858
f 1844/2054/1844 1876/2085/1876 1845/2057/1845
f 1871/2055/1871 1903/2086/1903 1872/2058/1872
f 1859/2059/1859 1889/2084/1889 1890/2087/1890
f 1845/2057/1845 1877/2088/1877 1846/2060/1846
f 1872/2058/1872 1904/2089/1904 1873/2061/1873
f 1859/2059/1859 1891/2090/1891 1860/2062/1860
f 1846/2060/1846 1878/2091/1878 1847/2063/1847
f 1874/2064/1874 1904/2089/1904 1905/2092/1905
f 1861/2065/1861 1891/2090/1891 1892/2093/1892
f 1848/2066/1848 1878/2091/1878 1879/2094/1879
f 540/42/540 1874/2064/1874 1905/2092/1905
f 1861/2065/1861 1893/2095/1893 1862/2067/1862
f 1848/2066/1848 1880/2096/1880 1849/2068/1849
f 1863/2069/1863 1893/2095/1893 1894/2097/1894
f 1849/2068/1849 1881/2098/1881 1850/2070/1850
f 1863/2069/1863 1895/2099/1895 1864/2071/1864
f 1851/2072/1851 1881/2098/1881 1882/2100/1882
f 1865/2073/1865 1895/2099/1895 1896/2101/1896
f 1851/2102/1851 1883/2103/1883 1852/2075/1852
f 1865/2073/1865 1897/2104/1897 1866/2044/1866
f 1853/2076/1853 1883/2103/1883 1884/2105/1884
f 1867/2045/1867 1897/2104/1897 1898/2106/1898
f 1853/2076/1853 1885/2107/1885 1854/2046/1854
f 1867/2108/1867 1899/2077/1899 1868/2048/1868
f 1855/2049/1855 1885/2107/1885 1886/2109/1886
f 1875/2082/1875 1161/16/1161 1906/2110/1906
f 1901/2080/1901 1933/2111/1933 1902/2083/1902
f 1888/2081/1888 1920/2112/1920 1889/2084/1889
f 1875/2082/1875 1907/2113/1907 1876/2085/1876
f 1902/2083/1902 1934/2114/1934 1903/2086/1903
f 1890/2087/1890 1920/2112/1920 1921/2115/1921
f 1876/2085/1876 1908/2116/1908 1877/2088/1877
f 1903/2086/1903 1935/2117/1935 1904/2089/1904
f 1890/2087/1890 1922/2118/1922 1891/2090/1891
f 1877/2088/1877 1909/2119/1909 1878/2091/1878
f 1904/2089/1904 1936/2120/1936 1905/2092/1905
f 1891/2090/1891 1923/2121/1923 1892/2093/1892
f 1878/2091/1878 1910/2122/1910 1879/2094/1879
f 540/42/540 1905/2092/1905 1936/2120/1936
f 1892/2093/1892 1924/2123/1924 1893/2095/1893
f 1879/2094/1879 1911/2124/1911 1880/2096/1880
f 1894/2097/1894 1924/2123/1924 1925/2125/1925
f 1880/2096/1880 1912/2126/1912 1881/2098/1881
f 1894/2097/1894 1926/2127/1926 1895/2099/1895
f 1882/2100/1882 1912/2126/1912 1913/2128/1913
f 1896/2101/1896 1926/2127/1926 1927/2129/1927
f 1882/2130/1882 1914/2131/1914 1883/2103/1883
f 1896/2101/1896 1928/2132/1928 1897/2104/1897
f 1884/2105/1884 1914/2131/1914 1915/2133/1915
f 1898/2134/1898 1928/2135/1928 1929/2136/1929
f 1884/2105/1884 1916/2137/1916 1885/2107/1885
f 1898/2134/1898 1930/2138/1930 1899/2077/1899
f 1886/2109/1886 1916/2137/1916 1917/2139/1917
f 1900/2078/1900 1930/2138/1930 1931/2140/1931
f 1886/2109/1886 1918/2141/1918 1887/2079/1887
f 1901/2080/1901 1931/2140/1931 1932/2142/1932
f 1888/2081/1888 1918/2141/1918 1919/2143/1919
f 1908/2116/1908 1938/2144/1938 1939/2145/1939
f 1935/2117/1935 1965/2146/1965 1966/2147/1966
f 1921/2115/1921 1953/2148/1953 1922/2118/1922
f 1908/2116/1908 1940/2149/1940 1909/2119/1909
f 1936/2120/1936 1966/2147/1966 1967/2150/1967
f 1923/2121/1923 1953/2148/1953 1954/2151/1954
f 1909/2119/1909 1941/2152/1941 1910/2122/1910
f 540/42/540 1936/2120/1936 1967/2150/1967
f 1923/2121/1923 1955/2153/1955 1924/2123/1924
f 1910/2122/1910 1942/2154/1942 1911/2124/1911
f 1925/2125/1925 1955/2153/1955 1956/2155/1956
f 1911/2124/1911 1943/2156/1943 1912/2126/1912
f 1925/2125/1925 1957/2157/1957 1926/2127/1926
f 1913/2128/1913 1943/2156/1943 1944/2158/1944
f 1927/2129/1927 1957/2157/1957 1958/2159/1958
f 1913/2160/1913 1945/2161/1945 1914/2131/1914
f 1927/2129/1927 1959/2162/1959 1928/2132/1928
f 1915/2133/1915 1945/2161/1945 1946/2163/1946
f 1929/2136/1929 1959/2164/1959 1960/2165/1960
f 1915/2133/1915 1947/2166/1947 1916/2137/1916
f 1929/2136/1929 1961/2167/1961 1930/2138/1930
f 1917/2139/1917 1947/2166/1947 1948/2168/1948
f 1930/2138/1930 1962/2169/1962 1931/2140/1931
f 1917/2139/1917 1949/2170/1949 1918/2141/1918
f 1932/2142/1932 1962/2169/1962 1963/2171/1963
f 1919/2143/1919 1949/2170/1949 1950/2172/1950
f 1906/2110/1906 1161/16/1161 1937/2173/1937
f 1932/2142/1932 1964/2174/1964 1933/2111/1933
f 1919/2143/1919 1951/2175/1951 1920/2112/1920
f 1906/2110/1906 1938/2144/1938 1907/2113/1907
f 1934/2114/1934 1964/2174/1964 1965/2146/1965
f 1921/2115/1921 1951/2175/1951 1952/2176/1952
f 1940/2149/1940 1970/40/1970 1941/2152/1941
f 540/42/540 1967/2150/1967 12/36/12
f 1954/2151/1954 1978/44/1978 1955/2153/1955
f 1941/2152/1941 1971/45/1971 1942/2154/1942
f 1956/2155/1956 1978/44/1978 9/47/9
f 1942/2154/1942 1972/50/1972 1943/2156/1943
f 1957/2157/1957 9/47/9 1979/52/1979
f 1944/2158/1944 1972/50/1972 1973/53/1973
f 1958/2159/1958 1979/52/1979 1980/55/1980
f 1944/2177/1944 1974/2178/1974 1945/2161/1945
f 1958/2159/1958 1981/60/1981 1959/2162/1959
f 1946/2163/1946 1974/2178/1974 3/61/3
f 1960/2165/1960 1981/64/1981 10/1/10
f 1946/2163/1946 1975/4/1975 1947/2166/1947
f 1960/2165/1960 1982/3/1982 1961/2167/1961
f 1947/2166/1947 4/6/4 1948/2168/1948
f 1962/2169/1962 1982/3/1982 1983/7/1983
f 1948/2168/1948 1976/9/1976 1949/2170/1949
f 1963/2171/1963 1983/7/1983 1984/12/1984
f 1950/2172/1950 1976/9/1976 5/13/5
f 1937/2173/1937 1161/16/1161 1/15/1
f 1964/2174/1964 1984/12/1984 1985/19/1985
f 1951/2175/1951 5/13/5 6/21/6
f 1938/2144/1938 1/15/1 1968/23/1968
f 1964/2174/1964 11/25/11 1965/2146/1965
f 1951/2175/1951 7/26/7 1952/2176/1952
f 1939/2145/1939 1968/23/1968 2/28/2
f 1965/2146/1965 1986/31/1986 1966/2147/1966
f 1952/2176/1952 8/33/8 1953/2148/1953
f 1940/2149/1940 2/28/2 1969/34/1969
f 1966/2147/1966 12/36/12 1967/2150/1967
f 1953/2148/1953 1977/38/1977 1954/2151/1954
f 10/1/10 36/65/36 37/2/37
f 1975/4/1975 23/66/23 24/5/24
f 1983/7/1983 1982/3/1982 37/2/37
f 1976/9/1976 4/6/4 24/5/24
f 1983/7/1983 38/8/38 39/11/39
f 5/13/5 1976/9/1976 25/10/25
f 1984/12/1984 39/11/39 40/18/40
f 5/13/5 26/14/26 27/20/27
f 1/15/1 13/17/13 14/22/14
f 1985/19/1985 40/18/40 41/24/41
f 7/26/7 6/21/6 27/20/27
f 2/28/2 1968/23/1968 14/22/14
f 11/25/11 41/24/41 42/30/42
f 7/26/7 28/27/28 29/32/29
f 1969/34/1969 2/28/2 15/29/15
f 12/36/12 1986/31/1986 42/30/42
f 1977/38/1977 8/33/8 29/32/29
f 1970/40/1970 1969/34/1969 16/35/16
f 1977/38/1977 30/39/30 31/43/31
f 1971/45/1971 1970/40/1970 17/41/17
f 9/47/9 1978/44/1978 31/43/31
f 1971/45/1971 18/46/18 19/49/19
f 9/47/9 32/48/32 33/51/33
f 1973/53/1973 1972/50/1972 19/49/19
f 1980/55/1980 1979/52/1979 33/51/33
f 1974/57/1974 1973/53/1973 20/54/20
f 1980/55/1980 34/56/34 35/59/35
f 3/61/3 1974/2178/1974 21/62/21
f 1981/64/1981 35/74/35 36/65/36
f 3/61/3 22/63/22 23/66/23
f 31/43/31 62/99/62 63/67/63
f 19/49/19 18/46/18 49/68/49
f 33/51/33 32/48/32 63/67/63
f 19/49/19 50/69/50 51/71/51
f 34/56/34 33/51/33 64/70/64
f 20/54/20 51/71/51 52/73/52
f 35/74/35 34/2179/34 65/75/65
f 21/62/21 52/104/52 53/77/53
f 35/74/35 66/76/66 67/78/67
f 22/63/22 53/77/53 54/79/54
f 36/65/36 67/78/67 68/80/68
f 23/66/23 54/79/54 55/81/55
f 37/2/37 68/80/68 69/82/69
f 24/5/24 55/81/55 56/83/56
f 39/11/39 38/8/38 69/82/69
f 25/10/25 56/83/56 57/85/57
f 40/18/40 39/11/39 70/84/70
f 26/14/26 57/85/57 58/88/58
f 13/17/13 44/86/44 45/89/45
f 41/24/41 40/18/40 71/87/71
f 27/20/27 58/88/58 59/91/59
f 14/22/14 45/89/45 46/92/46
f 42/30/42 41/24/41 72/90/72
f 28/27/28 59/91/59 60/94/60
f 15/29/15 46/92/46 47/95/47
f 42/30/42 73/93/73 74/96/74
f 30/39/30 29/32/29 60/94/60
f 16/35/16 47/95/47 48/98/48
f 30/39/30 61/97/61 62/99/62
f 17/41/17 48/98/48 49/68/49
f 64/70/64 95/141/95 96/100/96
f 51/71/51 82/142/82 83/101/83
f 66/76/66 65/75/65 96/102/96
f 52/104/52 83/2180/83 84/105/84
f 66/76/66 97/103/97 98/106/98
f 54/107/54 53/2181/53 84/108/84
f 68/80/68 67/78/67 98/106/98
f 55/81/55 54/79/54 85/111/85
f 69/82/69 68/80/68 99/110/99
f 55/81/55 86/112/86 87/114/87
f 70/84/70 69/82/69 100/113/100
f 56/116/56 87/149/87 88/117/88
f 70/84/70 101/115/101 102/120/102
f 57/118/57 88/117/88 89/121/89
f 44/86/44 75/119/75 76/123/76
f 71/87/71 102/120/102 103/124/103
f 58/122/58 89/121/89 90/125/90
f 46/92/46 45/89/45 76/123/76
f 73/93/73 72/90/72 103/124/103
f 59/126/59 90/125/90 91/129/91
f 46/92/46 77/127/77 78/131/78
f 73/93/73 104/128/104 105/132/105
f 61/133/61 60/130/60 91/129/91
f 47/95/47 78/131/78 79/135/79
f 61/133/61 92/134/92 93/136/93
f 48/98/48 79/135/79 80/138/80
f 62/99/62 93/2182/93 94/139/94
f 49/68/49 80/138/80 81/140/81
f 63/67/63 94/139/94 95/141/95
f 50/69/50 81/140/81 82/142/82
f 97/103/97 128/177/128 129/143/129
f 84/108/84 115/179/115 116/144/116
f 98/106/98 129/143/129 130/145/130
f 85/109/85 116/144/116 117/146/117
f 99/110/99 130/145/130 131/148/131
f 87/149/87 86/147/86 117/146/117
f 100/113/100 131/148/131 132/151/132
f 87/149/87 118/150/118 119/152/119
f 102/120/102 101/115/101 132/151/132
f 88/117/88 119/152/119 120/155/120
f 75/119/75 106/153/106 107/156/107
f 102/120/102 133/154/133 134/157/134
f 89/121/89 120/155/120 121/158/121
f 77/127/77 76/123/76 107/156/107
f 103/124/103 134/157/134 135/160/135
f 90/125/90 121/158/121 122/161/122
f 77/127/77 108/159/108 109/162/109
f 105/132/105 104/128/104 135/160/135
f 92/134/92 91/129/91 122/161/122
f 78/131/78 109/162/109 110/165/110
f 92/134/92 123/164/123 124/166/124
f 79/135/79 110/165/110 111/167/111
f 93/136/93 124/166/124 125/168/125
f 81/140/81 80/138/80 111/167/111
f 94/169/94 125/168/125 126/171/126
f 81/140/81 112/170/112 113/173/113
f 95/172/95 126/171/126 127/174/127
f 82/142/82 113/173/113 114/176/114
f 96/102/96 127/2183/127 128/177/128
f 83/178/83 114/2184/114 115/179/115
f 131/148/131 130/145/130 161/180/161
f 117/146/117 148/212/148 149/182/149
f 132/151/132 131/148/131 162/181/162
f 119/152/119 118/150/118 149/182/149
f 133/154/133 132/151/132 163/183/163
f 119/152/119 150/184/150 151/187/151
f 107/156/107 106/153/106 137/185/137
f 134/157/134 133/154/133 164/186/164
f 120/155/120 151/187/151 152/190/152
f 108/159/108 107/156/107 138/188/138
f 134/157/134 165/189/165 166/192/166
f 121/158/121 152/190/152 153/193/153
f 109/162/109 108/159/108 139/191/139
f 135/160/135 166/192/166 167/195/167
f 123/164/123 122/161/122 153/193/153
f 109/162/109 140/194/140 141/197/141
f 123/164/123 154/196/154 155/198/155
f 110/165/110 141/197/141 142/199/142
f 125/168/125 124/166/124 155/198/155
f 111/167/111 142/199/142 143/201/143
f 125/168/125 156/200/156 157/202/157
f 112/170/112 143/201/143 144/203/144
f 126/171/126 157/202/157 158/204/158
f 113/173/113 144/203/144 145/205/145
f 127/174/127 158/204/158 159/206/159
f 115/179/115 114/2184/114 145/208/145
f 128/177/128 159/237/159 160/210/160
f 115/179/115 146/209/146 147/211/147
f 129/143/129 160/210/160 161/180/161
f 116/144/116 147/211/147 148/212/148
f 163/183/163 194/244/194 195/214/195
f 150/184/150 181/245/181 182/215/182
f 137/185/137 168/213/168 169/216/169
f 165/189/165 164/186/164 195/214/195
f 152/190/152 151/187/151 182/215/182
f 138/188/138 169/216/169 170/219/170
f 166/192/166 165/189/165 196/217/196
f 152/190/152 183/218/183 184/221/184
f 139/191/139 170/219/170 171/222/171
f 166/192/166 197/220/197 198/223/198
f 154/196/154 153/193/153 184/221/184
f 141/197/141 140/194/140 171/222/171
f 154/196/154 185/224/185 186/226/186
f 141/197/141 172/225/172 173/227/173
f 155/198/155 186/226/186 187/228/187
f 143/201/143 142/199/142 173/227/173
f 156/200/156 187/228/187 188/230/188
f 144/203/144 143/201/143 174/229/174
f 158/204/158 157/202/157 188/230/188
f 145/208/145 144/2185/144 175/233/175
f 158/204/158 189/232/189 190/235/190
f 145/208/145 176/234/176 177/236/177
f 159/237/159 190/2186/190 191/238/191
f 146/209/146 177/236/177 178/239/178
f 160/210/160 191/238/191 192/240/192
f 147/211/147 178/239/178 179/241/179
f 161/180/161 192/240/192 193/242/193
f 148/212/148 179/241/179 180/243/180
f 162/181/162 193/242/193 194/244/194
f 150/184/150 149/182/149 180/243/180
f 169/216/169 200/276/200 201/246/201
f 197/220/197 196/217/196 227/247/227
f 183/218/183 214/277/214 215/249/215
f 170/219/170 201/246/201 202/250/202
f 197/220/197 228/248/228 229/251/229
f 185/224/185 184/221/184 215/249/215
f 171/222/171 202/250/202 203/253/203
f 185/224/185 216/252/216 217/254/217
f 172/225/172 203/253/203 204/255/204
f 186/226/186 217/254/217 218/256/218
f 173/227/173 204/255/204 205/257/205
f 187/228/187 218/256/218 219/258/219
f 175/231/175 174/229/174 205/257/205
f 189/232/189 188/230/188 219/258/219
f 175/233/175 206/287/206 207/261/207
f 189/232/189 220/260/220 221/262/221
f 177/236/177 176/234/176 207/261/207
f 191/238/191 190/2186/190 221/264/221
f 177/236/177 208/263/208 209/266/209
f 191/238/191 222/265/222 223/267/223
f 178/239/178 209/266/209 210/268/210
f 192/240/192 223/267/223 224/269/224
f 179/241/179 210/268/210 211/270/211
f 193/242/193 224/269/224 225/271/225
f 181/245/181 180/243/180 211/270/211
f 194/244/194 225/271/225 226/274/226
f 181/245/181 212/272/212 213/275/213
f 168/213/168 199/273/199 200/276/200
f 196/217/196 195/214/195 226/274/226
f 183/218/183 182/215/182 213/275/213
f 202/250/202 233/309/233 234/278/234
f 216/252/216 247/310/247 248/280/248
f 203/253/203 234/278/234 235/281/235
f 217/254/217 248/280/248 249/282/249
f 204/255/204 235/281/235 236/283/236
f 219/258/219 218/256/218 249/282/249
f 206/259/206 205/257/205 236/283/236
f 220/260/220 219/258/219 250/284/250
f 206/287/206 237/317/237 238/288/238
f 220/260/220 251/286/251 252/289/252
f 208/263/208 207/261/207 238/288/238
f 222/265/222 221/264/221 252/291/252
f 208/263/208 239/290/239 240/293/240
f 222/265/222 253/292/253 254/294/254
f 210/268/210 209/266/209 240/293/240
f 223/267/223 254/294/254 255/296/255
f 211/270/211 210/268/210 241/295/241
f 225/271/225 224/269/224 255/296/255
f 212/272/212 211/270/211 242/297/242
f 226/274/226 225/271/225 256/298/256
f 212/272/212 243/299/243 244/302/244
f 200/276/200 199/273/199 230/300/230
f 226/274/226 257/301/257 258/304/258
f 213/275/213 244/302/244 245/305/245
f 200/276/200 231/303/231 232/306/232
f 227/247/227 258/304/258 259/307/259
f 214/277/214 245/305/245 246/308/246
f 202/250/202 201/246/201 232/306/232
f 228/248/228 259/307/259 260/279/260
f 215/249/215 246/308/246 247/310/247
f 236/283/236 235/281/235 266/311/266
f 250/284/250 249/282/249 280/313/280
f 237/285/237 236/283/236 267/312/267
f 250/284/250 281/314/281 282/316/282
f 237/317/237 268/344/268 269/318/269
f 251/286/251 282/316/282 283/319/283
f 239/290/239 238/288/238 269/318/269
f 253/321/253 252/289/252 283/319/283
f 239/290/239 270/320/270 271/323/271
f 253/292/253 284/350/284 285/324/285
f 240/293/240 271/323/271 272/325/272
f 254/294/254 285/324/285 286/326/286
f 242/297/242 241/295/241 272/325/272
f 256/298/256 255/296/255 286/326/286
f 242/297/242 273/327/273 274/329/274
f 257/301/257 256/298/256 287/328/287
f 243/299/243 274/329/274 275/332/275
f 230/300/230 261/330/261 262/333/262
f 257/301/257 288/331/288 289/334/289
f 244/302/244 275/332/275 276/335/276
f 231/303/231 262/333/262 263/336/263
f 259/307/259 258/304/258 289/334/289
f 246/308/246 245/305/245 276/335/276
f 232/306/232 263/336/263 264/339/264
f 259/307/259 290/337/290 291/340/291
f 246/308/246 277/338/277 278/341/278
f 233/309/233 264/339/264 265/342/265
f 247/310/247 278/341/278 279/343/279
f 234/278/234 265/342/265 266/311/266
f 248/280/248 279/343/279 280/313/280
f 268/344/268 299/405/299 300/345/300
f 282/316/282 313/376/313 314/346/314
f 270/320/270 269/318/269 300/345/300
f 284/322/284 283/319/283 314/346/314
f 270/320/270 301/347/301 302/349/302
f 284/350/284 315/378/315 316/351/316
f 271/323/271 302/349/302 303/352/303
f 286/326/286 285/324/285 316/351/316
f 273/327/273 272/325/272 303/352/303
f 287/328/287 286/326/286 317/353/317
f 274/329/274 273/327/273 304/354/304
f 287/328/287 318/355/318 319/358/319
f 274/329/274 305/356/305 306/359/306
f 261/330/261 292/357/292 293/360/293
f 288/331/288 319/358/319 320/361/320
f 275/332/275 306/359/306 307/362/307
f 262/333/262 293/360/293 294/363/294
f 289/334/289 320/361/320 321/364/321
f 276/335/276 307/362/307 308/365/308
f 264/339/264 263/336/263 294/363/294
f 291/340/291 290/337/290 321/364/321
f 278/341/278 277/338/277 308/365/308
f 264/339/264 295/366/295 296/369/296
f 278/341/278 309/368/309 310/370/310
f 265/342/265 296/369/296 297/371/297
f 279/343/279 310/370/310 311/372/311
f 266/311/266 297/371/297 298/373/298
f 281/314/281 280/313/280 311/372/311
f 268/315/268 267/312/267 298/373/298
f 281/314/281 312/374/312 313/376/313
f 301/347/301 332/408/332 333/377/333
f 315/378/315 346/440/346 347/379/347
f 303/352/303 302/349/302 333/377/333
f 316/351/316 347/379/347 348/381/348
f 303/352/303 334/380/334 335/382/335
f 318/355/318 317/353/317 348/381/348
f 305/356/305 304/354/304 335/382/335
f 319/358/319 318/355/318 349/383/349
f 305/356/305 336/384/336 337/387/337
f 293/360/293 292/357/292 323/385/323
f 319/358/319 350/386/350 351/389/351
f 307/362/307 306/359/306 337/387/337
f 293/360/293 324/388/324 325/391/325
f 320/361/320 351/389/351 352/392/352
f 307/362/307 338/390/338 339/393/339
f 294/363/294 325/391/325 326/394/326
f 321/364/321 352/392/352 353/395/353
f 309/368/309 308/365/308 339/393/339
f 295/366/295 326/394/326 327/397/327
f 309/368/309 340/396/340 341/398/341
f 296/369/296 327/397/327 328/399/328
f 310/370/310 341/398/341 342/400/342
f 297/371/297 328/399/328 329/401/329
f 311/372/311 342/400/342 343/402/343
f 299/375/299 298/373/298 329/401/329
f 313/376/313 312/374/312 343/402/343
f 299/405/299 330/434/330 331/406/331
f 313/376/313 344/404/344 345/407/345
f 301/347/301 300/345/300 331/406/331
f 315/348/315 314/346/314 345/407/345
f 334/380/334 365/442/365 366/410/366
f 349/383/349 348/381/348 379/411/379
f 336/384/336 335/382/335 366/410/366
f 349/383/349 380/412/380 381/415/381
f 336/384/336 367/413/367 368/416/368
f 323/385/323 354/414/354 355/417/355
f 350/386/350 381/415/381 382/418/382
f 338/390/338 337/387/337 368/416/368
f 325/391/325 324/388/324 355/417/355
f 352/392/352 351/389/351 382/418/382
f 338/390/338 369/419/369 370/422/370
f 325/391/325 356/420/356 357/423/357
f 352/392/352 383/421/383 384/424/384
f 340/396/340 339/393/339 370/422/370
f 326/394/326 357/423/357 358/426/358
f 340/396/340 371/425/371 372/427/372
f 327/397/327 358/426/358 359/428/359
f 342/400/342 341/398/341 372/427/372
f 328/399/328 359/428/359 360/430/360
f 342/400/342 373/429/373 374/431/374
f 330/403/330 329/401/329 360/430/360
f 344/404/344 343/402/343 374/431/374
f 330/434/330 361/461/361 362/435/362
f 344/404/344 375/433/375 376/436/376
f 332/408/332 331/406/331 362/435/362
f 346/409/346 345/407/345 376/436/376
f 332/408/332 363/437/363 364/439/364
f 346/440/346 377/467/377 378/441/378
f 334/380/334 333/377/333 364/439/364
f 347/379/347 378/441/378 379/411/379
f 367/413/367 398/473/398 399/443/399
f 354/414/354 385/474/385 386/444/386
f 381/415/381 412/475/412 413/445/413
f 369/419/369 368/416/368 399/443/399
f 356/420/356 355/417/355 386/444/386
f 382/418/382 413/445/413 414/448/414
f 369/419/369 400/446/400 401/449/401
f 357/423/357 356/420/356 387/447/387
f 384/424/384 383/421/383 414/448/414
f 371/425/371 370/422/370 401/449/401
f 357/423/357 388/450/388 389/453/389
f 371/425/371 402/452/402 403/454/403
f 358/426/358 389/453/389 390/455/390
f 373/429/373 372/427/372 403/454/403
f 360/430/360 359/428/359 390/455/390
f 373/429/373 404/456/404 405/458/405
f 361/432/361 360/430/360 391/457/391
f 375/433/375 374/431/374 405/458/405
f 361/461/361 392/490/392 393/462/393
f 375/433/375 406/460/406 407/463/407
f 363/437/363 362/435/362 393/462/393
f 377/438/377 376/436/376 407/463/407
f 363/437/363 394/464/394 395/466/395
f 377/467/377 408/496/408 409/468/409
f 365/442/365 364/439/364 395/466/395
f 378/441/378 409/468/409 410/470/410
f 365/442/365 396/469/396 397/471/397
f 380/412/380 379/411/379 410/470/410
f 367/413/367 366/410/366 397/471/397
f 380/412/380 411/472/411 412/475/412
f 400/446/400 431/508/431 432/476/432
f 388/450/388 387/447/387 418/477/418
f 415/451/415 414/448/414 445/479/445
f 402/452/402 401/449/401 432/476/432
f 388/450/388 419/478/419 420/482/420
f 402/452/402 433/481/433 434/483/434
f 389/453/389 420/482/420 421/484/421
f 404/456/404 403/454/403 434/483/434
f 391/457/391 390/455/390 421/484/421
f 404/456/404 435/485/435 436/487/436
f 392/459/392 391/457/391 422/486/422
f 406/460/406 405/458/405 436/487/436
f 392/490/392 423/516/423 424/491/424
f 406/460/406 437/489/437 438/492/438
f 394/464/394 393/462/393 424/491/424
f 408/465/408 407/463/407 438/492/438
f 394/464/394 425/493/425 426/495/426
f 408/496/408 439/520/439 440/497/440
f 396/469/396 395/466/395 426/495/426
f 409/468/409 440/497/440 441/499/441
f 396/469/396 427/498/427 428/500/428
f 411/472/411 410/470/410 441/499/441
f 398/473/398 397/471/397 428/500/428
f 411/472/411 442/501/442 443/504/443
f 398/473/398 429/502/429 430/505/430
f 385/474/385 416/503/416 417/506/417
f 412/475/412 443/504/443 444/507/444
f 400/446/400 399/443/399 430/505/430
f 386/444/386 417/506/417 418/477/418
f 413/445/413 444/507/444 445/479/445
f 433/481/433 464/541/464 465/509/465
f 420/482/420 451/542/451 452/510/452
f 435/485/435 434/483/434 465/509/465
f 422/486/422 421/484/421 452/510/452
f 435/485/435 466/511/466 467/513/467
f 423/488/423 422/486/422 453/512/453
f 436/487/436 467/513/467 468/515/468
f 423/516/423 454/547/454 455/517/455
f 437/489/437 468/515/468 469/518/469
f 425/493/425 424/491/424 455/517/455
f 439/520/439 438/2187/438 469/521/469
f 425/493/425 456/519/456 457/523/457
f 439/520/439 470/522/470 471/524/471
f 427/498/427 426/495/426 457/523/457
f 440/497/440 471/524/471 472/526/472
f 427/498/427 458/525/458 459/527/459
f 442/501/442 441/499/441 472/526/472
f 429/502/429 428/500/428 459/527/459
f 443/504/443 442/501/442 473/528/473
f 429/502/429 460/529/460 461/532/461
f 416/503/416 447/530/447 448/533/448
f 443/504/443 474/531/474 475/534/475
f 431/508/431 430/505/430 461/532/461
f 418/477/418 417/506/417 448/533/448
f 444/507/444 475/534/475 476/537/476
f 431/508/431 462/535/462 463/538/463
f 419/478/419 418/477/418 449/536/449
f 446/480/446 445/479/445 476/537/476
f 433/481/433 432/476/432 463/538/463
f 419/478/419 450/539/450 451/542/451
f 466/511/466 497/575/497 498/543/498
f 454/514/454 453/512/453 484/544/484
f 468/515/468 467/513/467 498/543/498
f 454/547/454 485/2188/485 486/548/486
f 468/515/468 499/546/499 500/549/500
f 456/519/456 455/517/455 486/548/486
f 470/522/470 469/521/469 500/551/500
f 456/519/456 487/550/487 488/553/488
f 470/522/470 501/552/501 502/554/502
f 458/525/458 457/523/457 488/553/488
f 471/524/471 502/554/502 503/556/503
f 458/525/458 489/555/489 490/557/490
f 473/528/473 472/526/472 503/556/503
f 460/529/460 459/527/459 490/557/490
f 474/531/474 473/528/473 504/558/504
f 460/529/460 491/559/491 492/562/492
f 447/530/447 478/560/478 479/563/479
f 475/534/475 474/531/474 505/561/505
f 462/535/462 461/532/461 492/562/492
f 448/533/448 479/563/479 480/566/480
f 475/534/475 506/564/506 507/567/507
f 462/535/462 493/565/493 494/568/494
f 449/536/449 480/566/480 481/569/481
f 476/537/476 507/567/507 508/570/508
f 464/541/464 463/538/463 494/568/494
f 450/539/450 481/569/481 482/572/482
f 464/541/464 495/571/495 496/573/496
f 451/542/451 482/572/482 483/574/483
f 466/511/466 465/509/465 496/573/496
f 453/512/453 452/510/452 483/574/483
f 499/546/499 530/607/530 531/576/531
f 487/550/487 486/548/486 517/577/517
f 501/552/501 500/551/500 531/579/531
f 487/550/487 518/578/518 519/581/519
f 501/552/501 532/580/532 533/582/533
f 489/555/489 488/553/488 519/581/519
f 502/554/502 533/582/533 534/584/534
f 489/555/489 520/583/520 521/585/521
f 504/558/504 503/556/503 534/584/534
f 491/559/491 490/557/490 521/585/521
f 505/561/505 504/558/504 535/586/535
f 491/559/491 522/587/522 523/590/523
f 478/560/478 509/588/509 510/591/510
f 505/561/505 536/589/536 537/592/537
f 493/565/493 492/562/492 523/590/523
f 480/566/480 479/563/479 510/591/510
f 506/564/506 537/592/537 538/595/538
f 493/565/493 524/593/524 525/596/525
f 480/566/480 511/594/511 512/597/512
f 507/567/507 538/595/538 539/598/539
f 495/571/495 494/568/494 525/596/525
f 481/569/481 512/597/512 513/600/513
f 495/571/495 526/599/526 527/601/527
f 482/572/482 513/600/513 514/602/514
f 497/575/497 496/573/496 527/601/527
f 483/574/483 514/602/514 515/604/515
f 497/575/497 528/603/528 529/605/529
f 485/545/485 484/544/484 515/604/515
f 499/546/499 498/543/498 529/605/529
f 485/545/485 516/606/516 517/608/517
f 532/580/532 564/641/564 565/610/565
f 520/583/520 519/581/519 551/611/551
f 533/582/533 565/610/565 566/613/566
f 520/583/520 552/612/552 553/614/553
f 535/586/535 534/584/534 566/613/566
f 522/587/522 521/585/521 553/614/553
f 536/589/536 535/586/535 567/615/567
f 522/587/522 554/616/554 555/619/555
f 509/588/509 541/617/541 542/620/542
f 537/592/537 536/589/536 568/618/568
f 524/593/524 523/590/523 555/619/555
f 511/594/511 510/591/510 542/620/542
f 537/592/537 569/621/569 570/624/570
f 524/593/524 556/622/556 557/625/557
f 511/594/511 543/623/543 544/626/544
f 538/595/538 570/624/570 571/627/571
f 526/599/526 525/596/525 557/625/557
f 512/597/512 544/626/544 545/629/545
f 526/599/526 558/628/558 559/630/559
f 513/600/513 545/629/545 546/631/546
f 528/603/528 527/601/527 559/630/559
f 515/604/515 514/602/514 546/631/546
f 528/603/528 560/632/560 561/634/561
f 516/606/516 515/604/515 547/633/547
f 530/607/530 529/605/529 561/634/561
f 516/606/516 548/635/548 549/637/549
f 530/607/530 562/636/562 563/638/563
f 517/577/517 549/2189/549 550/639/550
f 532/580/532 531/579/531 563/640/563
f 518/578/518 550/639/550 551/611/551
f 567/615/567 566/613/566 597/642/597
f 554/616/554 553/614/553 584/644/584
f 568/618/568 567/615/567 598/643/598
f 554/616/554 585/645/585 586/648/586
f 541/617/541 572/646/572 573/649/573
f 569/621/569 568/618/568 599/647/599
f 556/622/556 555/619/555 586/648/586
f 542/620/542 573/649/573 574/652/574
f 569/621/569 600/650/600 601/653/601
f 556/654/556 587/686/587 588/655/588
f 544/626/544 543/623/543 574/652/574
f 570/624/570 601/653/601 602/658/602
f 558/659/558 557/656/557 588/655/588
f 544/626/544 575/657/575 576/661/576
f 558/659/558 589/660/589 590/662/590
f 545/629/545 576/661/576 577/664/577
f 559/663/559 590/662/590 591/665/591
f 546/631/546 577/664/577 578/667/578
f 560/666/560 591/665/591 592/668/592
f 548/635/548 547/633/547 578/667/578
f 562/671/562 561/669/561 592/668/592
f 548/635/548 579/670/579 580/673/580
f 562/671/562 593/672/593 594/674/594
f 550/676/550 549/637/549 580/673/580
f 564/641/564 563/640/563 594/678/594
f 550/639/550 581/2190/581 582/680/582
f 564/641/564 595/679/595 596/681/596
f 552/612/552 551/611/551 582/680/582
f 565/610/565 596/681/596 597/642/597
f 552/612/552 583/682/583 584/644/584
f 572/646/572 603/720/603 604/683/604
f 600/650/600 599/647/599 630/684/630
f 587/686/587 586/721/586 617/687/617
f 574/652/574 573/649/573 604/683/604
f 600/650/600 631/685/631 632/690/632
f 587/686/587 618/688/618 619/691/619
f 574/652/574 605/689/605 606/692/606
f 601/653/601 632/690/632 633/693/633
f 589/660/589 588/655/588 619/691/619
f 576/661/576 575/657/575 606/692/606
f 589/660/589 620/694/620 621/696/621
f 576/661/576 607/695/607 608/697/608
f 591/665/591 590/662/590 621/696/621
f 578/667/578 577/664/577 608/697/608
f 591/665/591 622/698/622 623/700/623
f 579/670/579 578/667/578 609/699/609
f 593/672/593 592/668/592 623/700/623
f 579/670/579 610/701/610 611/703/611
f 593/672/593 624/702/624 625/704/625
f 581/677/581 580/673/580 611/703/611
f 595/679/595 594/678/594 625/706/625
f 581/708/581 612/736/612 613/709/613
f 595/679/595 626/707/626 627/711/627
f 583/712/583 582/710/582 613/709/613
f 596/681/596 627/711/627 628/714/628
f 583/712/583 614/713/614 615/715/615
f 598/643/598 597/642/597 628/714/628
f 585/718/585 584/716/584 615/715/615
f 599/647/599 598/643/598 629/717/629
f 585/718/585 616/719/616 617/687/617
f 605/689/605 636/754/636 637/722/637
f 632/690/632 663/755/663 664/723/664
f 620/694/620 619/691/619 650/724/650
f 606/692/606 637/722/637 638/726/638
f 620/694/620 651/725/651 652/727/652
f 607/695/607 638/726/638 639/728/639
f 622/698/622 621/696/621 652/727/652
f 609/699/609 608/697/608 639/728/639
f 622/698/622 653/729/653 654/731/654
f 610/701/610 609/699/609 640/730/640
f 624/702/624 623/700/623 654/731/654
f 610/701/610 641/732/641 642/734/642
f 624/702/624 655/733/655 656/735/656
f 612/736/612 611/2191/611 642/737/642
f 626/707/626 625/706/625 656/739/656
f 612/736/612 643/738/643 644/741/644
f 626/707/626 657/740/657 658/742/658
f 614/713/614 613/709/613 644/741/644
f 627/711/627 658/742/658 659/744/659
f 614/713/614 645/743/645 646/745/646
f 629/717/629 628/714/628 659/744/659
f 616/719/616 615/715/615 646/745/646
f 630/684/630 629/717/629 660/746/660
f 616/719/616 647/747/647 648/750/648
f 603/720/603 634/748/634 635/751/635
f 630/684/630 661/749/661 662/752/662
f 618/688/618 617/687/617 648/750/648
f 605/689/605 604/683/604 635/751/635
f 631/685/631 662/752/662 663/755/663
f 618/688/618 649/753/649 650/724/650
f 638/726/638 669/788/669 670/756/670
f 653/729/653 652/727/652 683/757/683
f 640/730/640 639/728/639 670/756/670
f 653/729/653 684/758/684 685/760/685
f 641/732/641 640/730/640 671/759/671
f 655/733/655 654/731/654 685/760/685
f 641/732/641 672/761/672 673/763/673
f 655/733/655 686/762/686 687/764/687
f 643/738/643 642/737/642 673/765/673
f 657/767/657 656/735/656 687/764/687
f 643/738/643 674/766/674 675/769/675
f 657/740/657 688/799/688 689/770/689
f 645/743/645 644/741/644 675/769/675
f 658/742/658 689/770/689 690/772/690
f 645/743/645 676/771/676 677/773/677
f 660/746/660 659/744/659 690/772/690
f 647/747/647 646/745/646 677/773/677
f 660/746/660 691/774/691 692/777/692
f 647/747/647 678/775/678 679/778/679
f 635/751/635 634/748/634 665/776/665
f 661/749/661 692/777/692 693/780/693
f 649/753/649 648/750/648 679/778/679
f 636/754/636 635/751/635 666/779/666
f 662/752/662 693/780/693 694/783/694
f 649/753/649 680/781/680 681/784/681
f 636/754/636 667/782/667 668/785/668
f 663/755/663 694/783/694 695/786/695
f 651/725/651 650/724/650 681/784/681
f 637/722/637 668/785/668 669/788/669
f 651/725/651 682/787/682 683/757/683
f 672/761/672 671/759/671 702/789/702
f 686/762/686 685/760/685 716/791/716
f 672/761/672 703/790/703 704/793/704
f 686/762/686 717/792/717 718/794/718
f 674/766/674 673/765/673 704/795/704
f 688/768/688 687/764/687 718/794/718
f 674/766/674 705/796/705 706/798/706
f 688/799/688 719/827/719 720/800/720
f 676/771/676 675/769/675 706/798/706
f 690/772/690 689/770/689 720/800/720
f 676/771/676 707/801/707 708/803/708
f 691/774/691 690/772/690 721/802/721
f 678/775/678 677/773/677 708/803/708
f 691/774/691 722/804/722 723/807/723
f 678/775/678 709/805/709 710/808/710
f 665/776/665 696/806/696 697/809/697
f 692/777/692 723/807/723 724/810/724
f 680/781/680 679/778/679 710/808/710
f 667/782/667 666/779/666 697/809/697
f 693/780/693 724/810/724 725/813/725
f 680/781/680 711/811/711 712/814/712
f 667/782/667 698/812/698 699/815/699
f 695/786/695 694/783/694 725/813/725
f 682/787/682 681/784/681 712/814/712
f 669/788/669 668/785/668 699/815/699
f 682/787/682 713/817/713 714/819/714
f 669/788/669 700/818/700 701/820/701
f 684/758/684 683/757/683 714/819/714
f 670/756/670 701/820/701 702/789/702
f 684/758/684 715/821/715 716/791/716
f 705/796/705 704/795/704 735/822/735
f 719/797/719 718/794/718 749/824/749
f 705/796/705 736/823/736 737/826/737
f 719/827/719 750/886/750 751/828/751
f 707/801/707 706/798/706 737/826/737
f 720/800/720 751/828/751 752/830/752
f 707/801/707 738/829/738 739/831/739
f 722/804/722 721/802/721 752/830/752
f 709/805/709 708/803/708 739/831/739
f 722/804/722 753/832/753 754/835/754
f 709/805/709 740/833/740 741/836/741
f 696/806/696 727/834/727 728/837/728
f 723/807/723 754/835/754 755/838/755
f 710/808/710 741/836/741 742/839/742
f 698/812/698 697/809/697 728/837/728
f 724/810/724 755/838/755 756/841/756
f 712/814/712 711/811/711 742/839/742
f 698/812/698 729/840/729 730/843/730
f 725/813/725 756/841/756 757/844/757
f 712/814/712 743/842/743 744/845/744
f 699/815/699 730/843/730 731/846/731
f 713/817/713 744/845/744 745/847/745
f 700/818/700 731/846/731 732/848/732
f 715/821/715 714/819/714 745/847/745
f 702/789/702 701/820/701 732/848/732
f 715/821/715 746/849/746 747/851/747
f 703/790/703 702/789/702 733/850/733
f 717/792/717 716/791/716 747/851/747
f 703/790/703 734/852/734 735/854/735
f 717/792/717 748/853/748 749/824/749
f 738/829/738 737/826/737 768/855/768
f 751/828/751 782/887/782 783/857/783
f 738/829/738 769/856/769 770/858/770
f 753/832/753 752/830/752 783/857/783
f 740/833/740 739/831/739 770/858/770
f 754/835/754 753/832/753 784/859/784
f 740/833/740 771/860/771 772/863/772
f 727/834/727 758/861/758 759/864/759
f 754/835/754 785/862/785 786/865/786
f 741/836/741 772/863/772 773/866/773
f 728/837/728 759/864/759 760/867/760
f 755/838/755 786/865/786 787/868/787
f 743/842/743 742/839/742 773/866/773
f 729/840/729 760/867/760 761/870/761
f 757/844/757 756/841/756 787/868/787
f 744/845/744 743/842/743 774/869/774
f 730/843/730 761/870/761 762/873/762
f 744/845/744 775/872/775 776/874/776
f 731/846/731 762/873/762 763/875/763
f 746/849/746 745/847/745 776/874/776
f 732/848/732 763/875/763 764/877/764
f 746/849/746 777/876/777 778/878/778
f 734/852/734 733/850/733 764/877/764
f 747/851/747 778/878/778 779/880/779
f 734/881/734 765/910/765 766/882/766
f 748/853/748 779/880/779 780/883/780
f 736/823/736 735/822/735 766/882/766
f 750/825/750 749/824/749 780/883/780
f 736/823/736 767/884/767 768/855/768
f 750/886/750 781/916/781 782/887/782
f 771/860/771 770/858/770 801/888/801
f 784/859/784 815/920/815 816/891/816
f 771/860/771 802/889/802 803/892/803
f 758/861/758 789/890/789 790/893/790
f 785/862/785 816/891/816 817/894/817
f 773/866/773 772/863/772 803/892/803
f 759/864/759 790/893/790 791/896/791
f 786/865/786 817/894/817 818/897/818
f 773/866/773 804/895/804 805/898/805
f 760/867/760 791/896/791 792/899/792
f 787/868/787 818/897/818 819/900/819
f 775/872/775 774/869/774 805/898/805
f 761/870/761 792/899/792 793/902/793
f 775/872/775 806/901/806 807/903/807
f 762/873/762 793/902/793 794/904/794
f 777/876/777 776/874/776 807/903/807
f 763/875/763 794/904/794 795/906/795
f 777/876/777 808/905/808 809/907/809
f 765/879/765 764/877/764 795/906/795
f 779/880/779 778/878/778 809/907/809
f 765/910/765 796/948/796 797/911/797
f 779/880/779 810/909/810 811/912/811
f 767/884/767 766/882/766 797/911/797
f 781/885/781 780/883/780 811/912/811
f 767/884/767 798/913/798 799/915/799
f 781/916/781 812/953/812 813/917/813
f 769/856/769 768/855/768 799/915/799
f 782/887/782 813/917/813 814/919/814
f 769/856/769 800/918/800 801/888/801
f 784/859/784 783/857/783 814/919/814
f 800/918/800 799/915/799 830/921/830
f 814/919/814 813/917/813 844/923/844
f 800/918/800 831/922/831 832/925/832
f 815/920/815 814/919/814 845/924/845
f 802/889/802 801/888/801 832/925/832
f 815/920/815 846/926/846 847/929/847
f 802/889/802 833/927/833 834/930/834
f 790/893/790 789/890/789 820/928/820
f 816/891/816 847/929/847 848/932/848
f 804/895/804 803/892/803 834/930/834
f 791/896/791 790/893/790 821/931/821
f 817/894/817 848/932/848 849/935/849
f 804/895/804 835/933/835 836/936/836
f 791/896/791 822/934/822 823/937/823
f 818/897/818 849/935/849 850/938/850
f 806/901/806 805/898/805 836/936/836
f 792/899/792 823/937/823 824/940/824
f 806/901/806 837/939/837 838/941/838
f 793/902/793 824/940/824 825/942/825
f 808/905/808 807/903/807 838/941/838
f 794/904/794 825/942/825 826/944/826
f 808/905/808 839/943/839 840/945/840
f 796/908/796 795/906/795 826/944/826
f 810/909/810 809/907/809 840/945/840
f 796/948/796 827/976/827 828/949/828
f 810/909/810 841/947/841 842/950/842
f 798/913/798 797/911/797 828/949/828
f 812/914/812 811/912/811 842/950/842
f 798/913/798 829/951/829 830/921/830
f 812/953/812 843/982/843 844/923/844
f 833/927/833 832/925/832 863/954/863
f 846/926/846 877/986/877 878/957/878
f 833/927/833 864/955/864 865/958/865
f 820/928/820 851/956/851 852/959/852
f 847/929/847 878/957/878 879/960/879
f 835/933/835 834/930/834 865/958/865
f 821/931/821 852/959/852 853/962/853
f 849/935/849 848/932/848 879/960/879
f 835/933/835 866/961/866 867/964/867
f 822/934/822 853/962/853 854/965/854
f 849/935/849 880/963/880 881/966/881
f 837/939/837 836/936/836 867/964/867
f 824/940/824 823/937/823 854/965/854
f 837/939/837 868/967/868 869/969/869
f 824/940/824 855/968/855 856/970/856
f 839/943/839 838/941/838 869/969/869
f 825/942/825 856/970/856 857/972/857
f 839/943/839 870/971/870 871/973/871
f 827/946/827 826/944/826 857/972/857
f 841/947/841 840/945/840 871/973/871
f 827/976/827 858/1004/858 859/977/859
f 841/947/841 872/975/872 873/978/873
f 829/951/829 828/949/828 859/977/859
f 843/952/843 842/950/842 873/978/873
f 829/951/829 860/979/860 861/981/861
f 843/982/843 874/1010/874 875/983/875
f 831/922/831 830/921/830 861/981/861
f 844/923/844 875/983/875 876/985/876
f 831/922/831 862/984/862 863/954/863
f 846/926/846 845/924/845 876/985/876
f 866/961/866 865/958/865 896/987/896
f 853/962/853 852/959/852 883/989/883
f 879/960/879 910/1019/910 911/991/911
f 866/961/866 897/988/897 898/992/898
f 854/965/854 853/962/853 884/990/884
f 880/963/880 911/991/911 912/994/912
f 868/967/868 867/964/867 898/992/898
f 855/968/855 854/965/854 885/993/885
f 868/967/868 899/995/899 900/997/900
f 855/968/855 886/996/886 887/998/887
f 870/971/870 869/969/869 900/997/900
f 856/970/856 887/998/887 888/1000/888
f 870/971/870 901/999/901 902/1001/902
f 858/974/858 857/972/857 888/1000/888
f 872/975/872 871/973/871 902/1001/902
f 858/1004/858 889/2192/889 890/1005/890
f 872/975/872 903/1003/903 904/1006/904
f 860/979/860 859/977/859 890/1005/890
f 874/980/874 873/978/873 904/1006/904
f 860/979/860 891/1007/891 892/1009/892
f 874/1010/874 905/1039/905 906/1011/906
f 862/984/862 861/981/861 892/1009/892
f 876/985/876 875/983/875 906/1011/906
f 862/984/862 893/1012/893 894/1014/894
f 877/986/877 876/985/876 907/1013/907
f 864/955/864 863/954/863 894/1014/894
f 877/986/877 908/1015/908 909/1018/909
f 864/955/864 895/1016/895 896/987/896
f 851/956/851 882/1017/882 883/989/883
f 878/957/878 909/1018/909 910/1019/910
f 899/995/899 898/992/898 929/1020/929
f 886/996/886 885/993/885 916/1022/916
f 899/995/899 930/1021/930 931/1025/931
f 886/996/886 917/1023/917 918/1026/918
f 901/999/901 900/997/900 931/1025/931
f 887/998/887 918/1026/918 919/1028/919
f 901/999/901 932/1027/932 933/1029/933
f 889/1002/889 888/1000/888 919/1028/919
f 903/1003/903 902/1001/902 933/1029/933
f 889/1002/889 920/1030/920 921/1032/921
f 903/1003/903 934/1031/934 935/1034/935
f 891/1007/891 890/1005/890 921/1035/921
f 905/1008/905 904/1006/904 935/1034/935
f 891/1007/891 922/1036/922 923/1038/923
f 905/1039/905 936/1067/936 937/1040/937
f 893/1012/893 892/1009/892 923/1038/923
f 906/1011/906 937/1040/937 938/1042/938
f 893/1012/893 924/1041/924 925/1043/925
f 908/1015/908 907/1013/907 938/1042/938
f 895/1016/895 894/1014/894 925/1043/925
f 908/1015/908 939/1044/939 940/1047/940
f 895/1016/895 926/1045/926 927/1048/927
f 882/1017/882 913/1046/913 914/1049/914
f 909/1018/909 940/1047/940 941/1050/941
f 897/988/897 896/987/896 927/1048/927
f 883/989/883 914/1049/914 915/1052/915
f 910/1019/910 941/1050/941 942/1053/942
f 897/988/897 928/1051/928 929/1020/929
f 885/993/885 884/990/884 915/1052/915
f 912/994/912 911/991/911 942/1053/942
f 932/1027/932 931/1025/931 962/1054/962
f 919/1028/919 918/1026/918 949/1056/949
f 932/1027/932 963/1055/963 964/1058/964
f 920/1030/920 919/1028/919 950/1057/950
f 934/1031/934 933/1029/933 964/1058/964
f 920/1030/920 951/1059/951 952/1061/952
f 934/1031/934 965/1060/965 966/1062/966
f 922/1036/922 921/1035/921 952/1063/952
f 936/1037/936 935/1034/935 966/1062/966
f 922/1036/922 953/1064/953 954/1066/954
f 936/1067/936 967/1095/967 968/1068/968
f 924/1041/924 923/1038/923 954/1066/954
f 937/1040/937 968/1068/968 969/1070/969
f 924/1041/924 955/1069/955 956/1071/956
f 939/1044/939 938/1042/938 969/1070/969
f 926/1045/926 925/1043/925 956/1071/956
f 940/1047/940 939/1044/939 970/1072/970
f 926/1045/926 957/1073/957 958/1076/958
f 913/1046/913 944/1074/944 945/1077/945
f 940/1047/940 971/1075/971 972/1078/972
f 928/1051/928 927/1048/927 958/1076/958
f 914/1049/914 945/1077/945 946/1080/946
f 941/1050/941 972/1078/972 973/1081/973
f 928/1051/928 959/1079/959 960/1082/960
f 915/1052/915 946/1080/946 947/1083/947
f 943/1024/943 942/1053/942 973/1081/973
f 930/1021/930 929/1020/929 960/1082/960
f 916/1022/916 947/1083/947 948/1086/948
f 930/1021/930 961/1085/961 962/1054/962
f 917/1023/917 948/1086/948 949/1056/949
f 965/1060/965 964/1058/964 995/1087/995
f 951/1059/951 982/1119/982 983/1089/983
f 965/1060/965 996/1088/996 997/1090/997
f 953/1064/953 952/1063/952 983/1091/983
f 967/1065/967 966/1062/966 997/1090/997
f 953/1064/953 984/1092/984 985/1094/985
f 967/1095/967 998/1120/998 999/1096/999
f 955/1069/955 954/1066/954 985/1094/985
f 969/1070/969 968/1068/968 999/1096/999
f 955/1069/955 986/1097/986 987/1099/987
f 970/1072/970 969/1070/969 1000/1098/1000
f 957/1073/957 956/1071/956 987/1099/987
f 971/1075/971 970/1072/970 1001/1100/1001
f 957/1073/957 988/1101/988 989/1104/989
f 944/1074/944 975/1102/975 976/1105/976
f 971/1075/971 1002/1103/1002 1003/1106/1003
f 959/1079/959 958/1076/958 989/1104/989
f 946/1080/946 945/1077/945 976/1105/976
f 972/1078/972 1003/1106/1003 1004/1109/1004
f 959/1079/959 990/1107/990 991/1110/991
f 946/1080/946 977/1108/977 978/1111/978
f 973/1081/973 1004/1109/1004 1005/1112/1005
f 961/1085/961 960/1082/960 991/1110/991
f 948/1086/948 947/1083/947 978/1111/978
f 961/1085/961 992/1113/992 993/1115/993
f 948/1086/948 979/1114/979 980/1116/980
f 963/1055/963 962/1054/962 993/1115/993
f 949/1056/949 980/1116/980 981/1118/981
f 963/1055/963 994/1117/994 995/1087/995
f 951/1059/951 950/1057/950 981/1118/981
f 998/1120/998 997/2193/997 1028/1121/1028
f 984/1092/984 1015/1153/1015 1016/1123/1016
f 998/1120/998 1029/1122/1029 1030/1124/1030
f 986/1097/986 985/1094/985 1016/1123/1016
f 1000/1098/1000 999/1096/999 1030/1124/1030
f 986/1097/986 1017/1125/1017 1018/1127/1018
f 1001/1100/1001 1000/1098/1000 1031/1126/1031
f 988/1101/988 987/1099/987 1018/1127/1018
f 1001/1100/1001 1032/1128/1032 1033/1131/1033
f 988/1101/988 1019/1129/1019 1020/1132/1020
f 975/1102/975 1006/1130/1006 1007/1133/1007
f 1002/1103/1002 1033/1131/1033 1034/1134/1034
f 990/1107/990 989/1104/989 1020/1132/1020
f 976/1105/976 1007/1133/1007 1008/1136/1008
f 1004/1109/1004 1003/1106/1003 1034/1134/1034
f 990/1107/990 1021/1135/1021 1022/1138/1022
f 977/1108/977 1008/1136/1008 1009/1139/1009
f 1004/1109/1004 1035/1137/1035 1036/1140/1036
f 992/1113/992 991/1110/991 1022/1138/1022
f 979/1114/979 978/1111/978 1009/1139/1009
f 992/1113/992 1023/1141/1023 1024/1143/1024
f 979/1114/979 1010/1142/1010 1011/1144/1011
f 994/1117/994 993/1115/993 1024/1143/1024
f 980/1116/980 1011/1144/1011 1012/1146/1012
f 994/1117/994 1025/1145/1025 1026/1147/1026
f 982/1119/982 981/1118/981 1012/1146/1012
f 996/1088/996 995/1087/995 1026/1147/1026
f 982/1119/982 1013/1148/1013 1014/1150/1014
f 996/1088/996 1027/1149/1027 1028/1151/1028
f 984/1092/984 983/1091/983 1014/1152/1014
f 1030/1124/1030 1061/1185/1061 1062/1154/1062
f 1017/1125/1017 1048/1186/1048 1049/1155/1049
f 1032/1128/1032 1031/1126/1031 1062/1154/1062
f 1019/1129/1019 1018/1127/1018 1049/1155/1049
f 1032/1128/1032 1063/1156/1063 1064/1159/1064
f 1019/1129/1019 1050/1157/1050 1051/1160/1051
f 1006/1130/1006 1037/1158/1037 1038/1161/1038
f 1034/1134/1034 1033/1131/1033 1064/1159/1064
f 1021/1135/1021 1020/1132/1020 1051/1160/1051
f 1008/1136/1008 1007/1133/1007 1038/1161/1038
f 1035/1137/1035 1034/1134/1034 1065/1162/1065
f 1021/1135/1021 1052/1163/1052 1053/1166/1053
f 1008/1136/1008 1039/1164/1039 1040/1167/1040
f 1036/1140/1036 1035/1137/1035 1066/1165/1066
f 1023/1141/1023 1022/1138/1022 1053/1166/1053
f 1009/1139/1009 1040/1167/1040 1041/1170/1041
f 1023/1141/1023 1054/1169/1054 1055/1171/1055
f 1010/1142/1010 1041/1170/1041 1042/1172/1042
f 1025/1145/1025 1024/1143/1024 1055/1171/1055
f 1011/1144/1011 1042/1172/1042 1043/1174/1043
f 1025/1145/1025 1056/1173/1056 1057/1175/1057
f 1013/1148/1013 1012/1146/1012 1043/1174/1043
f 1027/1149/1027 1026/1147/1026 1057/1175/1057
f 1013/1148/1013 1044/1176/1044 1045/1178/1045
f 1027/1149/1027 1058/1177/1058 1059/1179/1059
f 1015/1180/1015 1014/1150/1014 1045/1178/1045
f 1029/1122/1029 1028/1121/1028 1059/1182/1059
f 1015/1153/1015 1046/2194/1046 1047/1184/1047
f 1029/1122/1029 1060/1183/1060 1061/1185/1061
f 1017/1125/1017 1016/1123/1016 1047/1184/1047
f 1063/1156/1063 1094/1229/1094 1095/1187/1095
f 1050/1188/1050 1081/1231/1081 1082/1189/1082
f 1037/1158/1037 1068/1232/1068 1069/1191/1069
f 1064/1159/1064 1095/1187/1095 1096/1192/1096
f 1052/1193/1052 1051/1190/1051 1082/1189/1082
f 1038/1161/1038 1069/1191/1069 1070/1195/1070
f 1065/1162/1065 1096/1192/1096 1097/1196/1097
f 1052/1193/1052 1083/1194/1083 1084/1197/1084
f 1039/1164/1039 1070/1195/1070 1071/1199/1071
f 1067/1168/1067 1066/1165/1066 1097/1196/1097
f 1054/1201/1054 1053/1198/1053 1084/1197/1084
f 1041/1170/1041 1040/1167/1040 1071/1199/1071
f 1054/1201/1054 1085/1202/1085 1086/1204/1086
f 1041/1170/1041 1072/1203/1072 1073/1206/1073
f 1056/1173/1056 1055/1171/1055 1086/1207/1086
f 1042/1172/1042 1073/1206/1073 1074/1209/1074
f 1056/1173/1056 1087/1208/1087 1088/1210/1088
f 1044/1176/1044 1043/1174/1043 1074/1209/1074
f 1058/1212/1058 1057/2195/1057 1088/1213/1088
f 1044/1176/1044 1075/1211/1075 1076/1215/1076
f 1058/1212/1058 1089/1214/1089 1090/1216/1090
f 1046/1181/1046 1045/1178/1045 1076/1215/1076
f 1060/1183/1060 1059/1182/1059 1090/1219/1090
f 1046/1221/1046 1077/1253/1077 1078/1222/1078
f 1060/1183/1060 1091/1220/1091 1092/1224/1092
f 1048/1186/1048 1047/1184/1047 1078/1225/1078
f 1062/1154/1062 1061/1185/1061 1092/1224/1092
f 1048/1186/1048 1079/1226/1079 1080/1228/1080
f 1063/1156/1063 1062/1154/1062 1093/1227/1093
f 1050/1188/1050 1049/2196/1049 1080/1230/1080
f 1097/1196/1097 1096/1192/1096 1127/1233/1127
f 1083/1194/1083 1114/1266/1114 1115/1235/1115
f 1070/1195/1070 1101/1267/1101 1102/1236/1102
f 1098/1200/1098 1097/1196/1097 1128/1234/1128
f 1085/1202/1085 1084/1197/1084 1115/1235/1115
f 1072/1203/1072 1071/1199/1071 1102/1236/1102
f 1085/1202/1085 1116/1238/1116 1117/1240/1117
f 1072/1203/1072 1103/1239/1103 1104/1241/1104
f 1087/1242/1087 1086/1204/1086 1117/1240/1117
f 1074/1209/1074 1073/1206/1073 1104/1241/1104
f 1087/1242/1087 1118/1243/1118 1119/1245/1119
f 1075/1211/1075 1074/1209/1074 1105/1244/1105
f 1088/1213/1088 1119/1245/1119 1120/1247/1120
f 1075/1211/1075 1106/1246/1106 1107/1248/1107
f 1089/1214/1089 1120/1247/1120 1121/1249/1121
f 1077/1218/1077 1076/1215/1076 1107/1248/1107
f 1091/1220/1091 1090/1219/1090 1121/1251/1121
f 1077/1253/1077 1108/1278/1108 1109/1254/1109
f 1091/1220/1091 1122/1252/1122 1123/1255/1123
f 1079/1256/1079 1078/1222/1078 1109/1254/1109
f 1092/1224/1092 1123/1255/1123 1124/1258/1124
f 1079/1256/1079 1110/1257/1110 1111/1259/1111
f 1094/1229/1094 1093/1227/1093 1124/1258/1124
f 1081/1231/1081 1080/1230/1080 1111/1259/1111
f 1094/1229/1094 1125/1260/1125 1126/1263/1126
f 1081/1231/1081 1112/1261/1112 1113/1264/1113
f 1068/1232/1068 1099/1262/1099 1100/1265/1100
f 1095/1187/1095 1126/1263/1126 1127/1233/1127
f 1082/1189/1082 1113/1264/1113 1114/1266/1114
f 1069/1191/1069 1100/1265/1100 1101/1267/1101
f 1116/1238/1116 1147/1300/1147 1148/1269/1148
f 1103/1239/1103 1134/1301/1134 1135/1270/1135
f 1118/1243/1118 1117/1240/1117 1148/1269/1148
f 1104/1241/1104 1135/1270/1135 1136/1272/1136
f 1118/1243/1118 1149/1271/1149 1150/1273/1150
f 1106/1246/1106 1105/1244/1105 1136/1272/1136
f 1120/1247/1120 1119/1245/1119 1150/1273/1150
f 1106/1246/1106 1137/1274/1137 1138/1276/1138
f 1120/1247/1120 1151/1275/1151 1152/1277/1152
f 1108/1278/1108 1107/2197/1107 1138/1279/1138
f 1122/1252/1122 1121/1251/1121 1152/1281/1152
f 1108/1278/1108 1139/1280/1139 1140/1283/1140
f 1122/1252/1122 1153/1282/1153 1154/1284/1154
f 1110/1257/1110 1109/1254/1109 1140/1283/1140
f 1123/1255/1123 1154/1284/1154 1155/1286/1155
f 1110/1257/1110 1141/1285/1141 1142/1287/1142
f 1125/1260/1125 1124/1258/1124 1155/1286/1155
f 1112/1261/1112 1111/1259/1111 1142/1287/1142
f 1125/1260/1125 1156/1288/1156 1157/1291/1157
f 1112/1261/1112 1143/1289/1143 1144/1292/1144
f 1099/1262/1099 1130/1290/1130 1131/1293/1131
f 1126/1263/1126 1157/1291/1157 1158/1294/1158
f 1114/1266/1114 1113/1264/1113 1144/1292/1144
f 1101/1267/1101 1100/1265/1100 1131/1293/1131
f 1127/1233/1127 1158/1294/1158 1159/1297/1159
f 1114/1266/1114 1145/1295/1145 1146/1298/1146
f 1101/1267/1101 1132/1296/1132 1133/1299/1133
f 1128/1234/1128 1159/1297/1159 1160/1268/1160
f 1115/1235/1115 1146/1298/1146 1147/1300/1147
f 1102/1236/1102 1133/1299/1133 1134/1301/1134
f 1149/1271/1149 1181/1334/1181 1182/1302/1182
f 1137/1274/1137 1136/1272/1136 1168/1303/1168
f 1151/1275/1151 1150/1273/1150 1182/1302/1182
f 1137/1274/1137 1169/1304/1169 1170/1306/1170
f 1151/1275/1151 1183/1305/1183 1184/1307/1184
f 1139/1280/1139 1138/1279/1138 1170/1308/1170
f 1153/1310/1153 1152/1277/1152 1184/1307/1184
f 1139/1280/1139 1171/1309/1171 1172/1312/1172
f 1153/1282/1153 1185/1340/1185 1186/1313/1186
f 1141/1285/1141 1140/1283/1140 1172/1312/1172
f 1154/1284/1154 1186/1313/1186 1187/1315/1187
f 1141/1285/1141 1173/1314/1173 1174/1316/1174
f 1156/1288/1156 1155/1286/1155 1187/1315/1187
f 1143/1289/1143 1142/1287/1142 1174/1316/1174
f 1156/1288/1156 1188/1317/1188 1189/1320/1189
f 1143/1289/1143 1175/1318/1175 1176/1321/1176
f 1130/1290/1130 1162/1319/1162 1163/1322/1163
f 1157/1291/1157 1189/1320/1189 1190/1323/1190
f 1144/1292/1144 1176/1321/1176 1177/1324/1177
f 1132/1296/1132 1131/1293/1131 1163/1322/1163
f 1158/1294/1158 1190/1323/1190 1191/1326/1191
f 1145/1295/1145 1177/1324/1177 1178/1327/1178
f 1132/1296/1132 1164/1325/1164 1165/1328/1165
f 1160/1268/1160 1159/1297/1159 1191/1326/1191
f 1147/1300/1147 1146/1298/1146 1178/1327/1178
f 1134/1301/1134 1133/1299/1133 1165/1328/1165
f 1147/1300/1147 1179/1330/1179 1180/1332/1180
f 1134/1301/1134 1166/1331/1166 1167/1333/1167
f 1149/1271/1149 1148/1269/1148 1180/1332/1180
f 1136/1272/1136 1135/1270/1135 1167/1333/1167
f 1183/1305/1183 1214/1366/1214 1215/1335/1215
f 1171/1309/1171 1170/1308/1170 1201/1336/1201
f 1185/1311/1185 1184/1307/1184 1215/1335/1215
f 1171/1309/1171 1202/1337/1202 1203/1339/1203
f 1185/1340/1185 1216/1368/1216 1217/1341/1217
f 1173/1314/1173 1172/1312/1172 1203/1339/1203
f 1186/1313/1186 1217/1341/1217 1218/1343/1218
f 1173/1314/1173 1204/1342/1204 1205/1344/1205
f 1188/1317/1188 1187/1315/1187 1218/1343/1218
f 1175/1318/1175 1174/1316/1174 1205/1344/1205
f 1188/1317/1188 1219/1345/1219 1220/1348/1220
f 1175/1318/1175 1206/1346/1206 1207/1349/1207
f 1163/1322/1163 1162/1319/1162 1193/1347/1193
f 1189/1320/1189 1220/1348/1220 1221/1351/1221
f 1176/1321/1176 1207/1349/1207 1208/1352/1208
f 1164/1325/1164 1163/1322/1163 1194/1350/1194
f 1190/1323/1190 1221/1351/1221 1222/1354/1222
f 1177/1324/1177 1208/1352/1208 1209/1355/1209
f 1164/1325/1164 1195/1353/1195 1196/1356/1196
f 1191/1326/1191 1222/1354/1222 1223/1357/1223
f 1178/1327/1178 1209/1355/1209 1210/1358/1210
f 1166/1331/1166 1165/1328/1165 1196/1356/1196
f 1179/1330/1179 1210/1358/1210 1211/1360/1211
f 1166/1331/1166 1197/1359/1197 1198/1361/1198
f 1181/1334/1181 1180/1332/1180 1211/1360/1211
f 1168/1303/1168 1167/1333/1167 1198/1361/1198
f 1181/1334/1181 1212/1362/1212 1213/1364/1213
f 1169/1304/1169 1168/1303/1168 1199/1363/1199
f 1183/1305/1183 1182/1302/1182 1213/1364/1213
f 1169/1304/1169 1200/1365/1200 1201/1367/1201
f 1216/1368/1216 1247/1431/1247 1248/1369/1248
f 1204/1342/1204 1203/1339/1203 1234/1370/1234
f 1217/1341/1217 1248/1369/1248 1249/1372/1249
f 1204/1342/1204 1235/1371/1235 1236/1373/1236
f 1219/1345/1219 1218/1343/1218 1249/1372/1249
f 1206/1346/1206 1205/1344/1205 1236/1373/1236
f 1219/1345/1219 1250/1374/1250 1251/1377/1251
f 1206/1346/1206 1237/1375/1237 1238/1378/1238
f 1194/1350/1194 1193/1347/1193 1224/1376/1224
f 1220/1348/1220 1251/1377/1251 1252/1380/1252
f 1207/1349/1207 1238/1378/1238 1239/1381/1239
f 1195/1353/1195 1194/1350/1194 1225/1379/1225
f 1221/1351/1221 1252/1380/1252 1253/1383/1253
f 1209/1355/1209 1208/1352/1208 1239/1381/1239
f 1195/1353/1195 1226/1382/1226 1227/1385/1227
f 1223/1357/1223 1222/1354/1222 1253/1383/1253
f 1209/1355/1209 1240/1384/1240 1241/1387/1241
f 1197/1359/1197 1196/1356/1196 1227/1385/1227
f 1210/1358/1210 1241/1387/1241 1242/1389/1242
f 1197/1359/1197 1228/1388/1228 1229/1390/1229
f 1212/1362/1212 1211/1360/1211 1242/1389/1242
f 1198/1361/1198 1229/1390/1229 1230/1392/1230
f 1212/1362/1212 1243/1391/1243 1244/1393/1244
f 1200/1365/1200 1199/1363/1199 1230/1392/1230
f 1214/1366/1214 1213/1364/1213 1244/1393/1244
f 1200/1365/1200 1231/1394/1231 1232/1396/1232
f 1214/1366/1214 1245/1395/1245 1246/1397/1246
f 1202/1337/1202 1201/1336/1201 1232/1398/1232
f 1216/1338/1216 1215/1335/1215 1246/1397/1246
f 1202/1337/1202 1233/1399/1233 1234/1370/1234
f 1250/1374/1250 1249/1372/1249 1280/1401/1280
f 1237/1375/1237 1236/1373/1236 1267/1403/1267
f 1251/1377/1251 1250/1374/1250 1281/1402/1281
f 1237/1375/1237 1268/1404/1268 1269/1407/1269
f 1225/1379/1225 1224/1376/1224 1255/1405/1255
f 1252/1380/1252 1251/1377/1251 1282/1406/1282
f 1238/1378/1238 1269/1407/1269 1270/1410/1270
f 1225/1379/1225 1256/1408/1256 1257/1411/1257
f 1252/1380/1252 1283/1409/1283 1284/1412/1284
f 1240/1384/1240 1239/1381/1239 1270/1410/1270
f 1226/1382/1226 1257/1411/1257 1258/1414/1258
f 1253/1383/1253 1284/1412/1284 1285/1415/1285
f 1240/1384/1240 1271/1413/1271 1272/1416/1272
f 1228/1388/1228 1227/1385/1227 1258/1414/1258
f 1241/1387/1241 1272/1416/1272 1273/1418/1273
f 1228/1388/1228 1259/1417/1259 1260/1419/1260
f 1243/1391/1243 1242/1389/1242 1273/1418/1273
f 1230/1392/1230 1229/1390/1229 1260/1419/1260
f 1243/1391/1243 1274/1420/1274 1275/1422/1275
f 1231/1394/1231 1230/1392/1230 1261/1421/1261
f 1245/1395/1245 1244/1393/1244 1275/1422/1275
f 1231/1425/1231 1262/1452/1262 1263/1426/1263
f 1245/1395/1245 1276/1424/1276 1277/1427/1277
f 1233/1399/1233 1232/1398/1232 1263/1426/1263
f 1247/1400/1247 1246/1397/1246 1277/1427/1277
f 1233/1399/1233 1264/1428/1264 1265/1430/1265
f 1247/1431/1247 1278/1458/1278 1279/1432/1279
f 1235/1371/1235 1234/1370/1234 1265/1430/1265
f 1248/1369/1248 1279/1432/1279 1280/1401/1280
f 1235/1371/1235 1266/1433/1266 1267/1403/1267
f 1255/1405/1255 1286/1465/1286 1287/1434/1287
f 1283/1409/1283 1282/1406/1282 1313/1435/1313
f 1269/1407/1269 1300/1466/1300 1301/1437/1301
f 1256/1408/1256 1287/1434/1287 1288/1438/1288
f 1284/1412/1284 1283/1409/1283 1314/1436/1314
f 1270/1410/1270 1301/1437/1301 1302/1440/1302
f 1258/1414/1258 1257/1411/1257 1288/1438/1288
f 1285/1415/1285 1284/1412/1284 1315/1439/1315
f 1271/1413/1271 1302/1440/1302 1303/1443/1303
f 1258/1414/1258 1289/1441/1289 1290/1444/1290
f 1272/1416/1272 1303/1443/1303 1304/1445/1304
f 1259/1417/1259 1290/1444/1290 1291/1446/1291
f 1274/1420/1274 1273/1418/1273 1304/1445/1304
f 1260/1419/1260 1291/1446/1291 1292/1448/1292
f 1274/1420/1274 1305/1447/1305 1306/1449/1306
f 1262/1423/1262 1261/1421/1261 1292/1448/1292
f 1276/1424/1276 1275/1422/1275 1306/1449/1306
f 1262/1452/1262 1293/1479/1293 1294/1453/1294
f 1276/1424/1276 1307/1451/1307 1308/1454/1308
f 1264/1428/1264 1263/1426/1263 1294/1453/1294
f 1278/1429/1278 1277/1427/1277 1308/1454/1308
f 1264/1428/1264 1295/1455/1295 1296/1457/1296
f 1278/1458/1278 1309/1485/1309 1310/1459/1310
f 1266/1433/1266 1265/1430/1265 1296/1457/1296
f 1280/1401/1280 1279/1432/1279 1310/1459/1310
f 1266/1433/1266 1297/1460/1297 1298/1462/1298
f 1281/1402/1281 1280/1401/1280 1311/1461/1311
f 1268/1404/1268 1267/1403/1267 1298/1462/1298
f 1281/1402/1281 1312/1463/1312 1313/1435/1313
f 1268/1404/1268 1299/1464/1299 1300/1466/1300
f 1288/1438/1288 1319/1498/1319 1320/1467/1320
f 1315/1439/1315 1346/1499/1346 1347/1468/1347
f 1303/1443/1303 1302/1440/1302 1333/1469/1333
f 1290/1444/1290 1289/1441/1289 1320/1467/1320
f 1303/1443/1303 1334/1470/1334 1335/1472/1335
f 1290/1444/1290 1321/1471/1321 1322/1473/1322
f 1305/1447/1305 1304/1445/1304 1335/1472/1335
f 1291/1446/1291 1322/1473/1322 1323/1475/1323
f 1305/1447/1305 1336/1474/1336 1337/1476/1337
f 1293/1450/1293 1292/1448/1292 1323/1475/1323
f 1307/1451/1307 1306/1449/1306 1337/1476/1337
f 1293/1479/1293 1324/1507/1324 1325/1480/1325
f 1307/1451/1307 1338/1478/1338 1339/1481/1339
f 1295/1455/1295 1294/1453/1294 1325/1480/1325
f 1309/1456/1309 1308/1454/1308 1339/1481/1339
f 1295/1455/1295 1326/1482/1326 1327/1484/1327
f 1309/1485/1309 1340/1513/1340 1341/1486/1341
f 1297/1460/1297 1296/1457/1296 1327/1484/1327
f 1311/1461/1311 1310/1459/1310 1341/1486/1341
f 1297/1460/1297 1328/1487/1328 1329/1489/1329
f 1312/1463/1312 1311/1461/1311 1342/1488/1342
f 1299/1464/1299 1298/1462/1298 1329/1489/1329
f 1312/1463/1312 1343/1490/1343 1344/1493/1344
f 1299/1464/1299 1330/1491/1330 1331/1494/1331
f 1286/1465/1286 1317/1492/1317 1318/1495/1318
f 1313/1435/1313 1344/1493/1344 1345/1496/1345
f 1301/1437/1301 1300/1466/1300 1331/1494/1331
f 1288/1438/1288 1287/1434/1287 1318/1495/1318
f 1314/1436/1314 1345/1496/1345 1346/1499/1346
f 1301/1437/1301 1332/1497/1332 1333/1469/1333
f 1321/1471/1321 1352/1532/1352 1353/1500/1353
f 1336/1474/1336 1335/1472/1335 1366/1501/1366
f 1322/1473/1322 1353/1500/1353 1354/1503/1354
f 1336/1474/1336 1367/1502/1367 1368/1504/1368
f 1324/1477/1324 1323/1475/1323 1354/1503/1354
f 1338/1478/1338 1337/1476/1337 1368/1504/1368
f 1324/1507/1324 1355/1537/1355 1356/1508/1356
f 1338/1478/1338 1369/1506/1369 1370/1509/1370
f 1326/1482/1326 1325/1480/1325 1356/1508/1356
f 1340/1483/1340 1339/1481/1339 1370/1509/1370
f 1326/1482/1326 1357/1510/1357 1358/1512/1358
f 1340/1513/1340 1371/1543/1371 1372/1514/1372
f 1328/1487/1328 1327/1484/1327 1358/1512/1358
f 1341/1486/1341 1372/1514/1372 1373/1516/1373
f 1328/1487/1328 1359/1515/1359 1360/1517/1360
f 1343/1490/1343 1342/1488/1342 1373/1516/1373
f 1330/1491/1330 1329/1489/1329 1360/1517/1360
f 1343/1490/1343 1374/1518/1374 1375/1521/1375
f 1330/1491/1330 1361/1519/1361 1362/1522/1362
f 1317/1492/1317 1348/1520/1348 1349/1523/1349
f 1345/1496/1345 1344/1493/1344 1375/1521/1375
f 1331/1494/1331 1362/1522/1362 1363/1525/1363
f 1319/1498/1319 1318/1495/1318 1349/1523/1349
f 1345/1496/1345 1376/1524/1376 1377/1527/1377
f 1332/1497/1332 1363/1525/1363 1364/1528/1364
f 1319/1498/1319 1350/1526/1350 1351/1529/1351
f 1347/1468/1347 1346/1499/1346 1377/1527/1377
f 1333/1469/1333 1364/1528/1364 1365/1531/1365
f 1321/1471/1321 1320/1467/1320 1351/1529/1351
f 1334/1470/1334 1365/1531/1365 1366/1501/1366
f 1355/1505/1355 1354/1503/1354 1385/1533/1385
f 1369/1506/1369 1368/1504/1368 1399/1535/1399
f 1355/1537/1355 1386/1598/1386 1387/1538/1387
f 1369/1506/1369 1400/1536/1400 1401/1539/1401
f 1357/1510/1357 1356/1508/1356 1387/1538/1387
f 1371/1511/1371 1370/1509/1370 1401/1539/1401
f 1357/1510/1357 1388/1540/1388 1389/1542/1389
f 1371/1543/1371 1402/1571/1402 1403/1544/1403
f 1359/1515/1359 1358/1512/1358 1389/1542/1389
f 1373/1516/1373 1372/1514/1372 1403/1544/1403
f 1359/1515/1359 1390/1545/1390 1391/1547/1391
f 1374/1518/1374 1373/1516/1373 1404/1546/1404
f 1361/1519/1361 1360/1517/1360 1391/1547/1391
f 1374/1518/1374 1405/1548/1405 1406/1551/1406
f 1361/1519/1361 1392/1549/1392 1393/1552/1393
f 1348/1520/1348 1379/1550/1379 1380/1553/1380
f 1376/1524/1376 1375/1521/1375 1406/1551/1406
f 1362/1522/1362 1393/1552/1393 1394/1555/1394
f 1350/1526/1350 1349/1523/1349 1380/1553/1380
f 1376/1524/1376 1407/1554/1407 1408/1557/1408
f 1363/1525/1363 1394/1555/1394 1395/1558/1395
f 1350/1526/1350 1381/1556/1381 1382/1559/1382
f 1378/1530/1378 1377/1527/1377 1408/1557/1408
f 1364/1528/1364 1395/1558/1395 1396/1561/1396
f 1352/1532/1352 1351/1529/1351 1382/1559/1382
f 1365/1531/1365 1396/1561/1396 1397/1563/1397
f 1352/1532/1352 1383/1562/1383 1384/1564/1384
f 1367/1502/1367 1366/1501/1366 1397/1563/1397
f 1353/1500/1353 1384/1564/1384 1385/1533/1385
f 1367/1502/1367 1398/1565/1398 1399/1535/1399
f 1388/1540/1388 1387/1538/1387 1418/1566/1418
f 1402/1541/1402 1401/1539/1401 1432/1568/1432
f 1388/1540/1388 1419/1567/1419 1420/1570/1420
f 1402/1571/1402 1433/1631/1433 1434/1572/1434
f 1390/1545/1390 1389/1542/1389 1420/1570/1420
f 1403/1544/1403 1434/1572/1434 1435/1574/1435
f 1390/1545/1390 1421/1573/1421 1422/1575/1422
f 1405/1548/1405 1404/1546/1404 1435/1574/1435
f 1392/1549/1392 1391/1547/1391 1422/1575/1422
f 1406/1551/1406 1405/1548/1405 1436/1576/1436
f 1392/1549/1392 1423/1577/1423 1424/1580/1424
f 1379/1550/1379 1410/1578/1410 1411/1581/1411
f 1406/1551/1406 1437/1579/1437 1438/1582/1438
f 1393/1552/1393 1424/1580/1424 1425/1583/1425
f 1380/1553/1380 1411/1581/1411 1412/1584/1412
f 1407/1554/1407 1438/1582/1438 1439/1585/1439
f 1394/1555/1394 1425/1583/1425 1426/1586/1426
f 1381/1556/1381 1412/1584/1412 1413/1587/1413
f 1409/1560/1409 1408/1557/1408 1439/1585/1439
f 1395/1558/1395 1426/1586/1426 1427/1589/1427
f 1382/1559/1382 1413/1587/1413 1414/1590/1414
f 1396/1561/1396 1427/1589/1427 1428/1591/1428
f 1383/1562/1383 1414/1590/1414 1415/1592/1415
f 1398/1565/1398 1397/1563/1397 1428/1591/1428
f 1384/1564/1384 1415/1592/1415 1416/1594/1416
f 1398/1565/1398 1429/1593/1429 1430/1595/1430
f 1386/1534/1386 1385/1533/1385 1416/1594/1416
f 1400/1536/1400 1399/1535/1399 1430/1595/1430
f 1386/1598/1386 1417/2198/1417 1418/1566/1418
f 1400/1536/1400 1431/1597/1431 1432/1568/1432
f 1421/1573/1421 1420/1570/1420 1451/1599/1451
f 1434/1572/1434 1465/1632/1465 1466/1601/1466
f 1421/1573/1421 1452/1600/1452 1453/1602/1453
f 1436/1576/1436 1435/1574/1435 1466/1601/1466
f 1423/1577/1423 1422/1575/1422 1453/1602/1453
f 1437/1579/1437 1436/1576/1436 1467/1603/1467
f 1423/1577/1423 1454/1604/1454 1455/1607/1455
f 1410/1578/1410 1441/1605/1441 1442/1608/1442
f 1437/1579/1437 1468/1606/1468 1469/1609/1469
f 1424/1580/1424 1455/1607/1455 1456/1610/1456
f 1412/1584/1412 1411/1581/1411 1442/1608/1442
f 1439/1585/1439 1438/1582/1438 1469/1609/1469
f 1425/1583/1425 1456/1610/1456 1457/1613/1457
f 1412/1584/1412 1443/1611/1443 1444/1614/1444
f 1440/1588/1440 1439/1585/1439 1470/1612/1470
f 1426/1586/1426 1457/1613/1457 1458/1616/1458
f 1413/1587/1413 1444/1614/1444 1445/1617/1445
f 1427/1589/1427 1458/1616/1458 1459/1618/1459
f 1414/1590/1414 1445/1617/1445 1446/1619/1446
f 1429/1593/1429 1428/1591/1428 1459/1618/1459
f 1415/1592/1415 1446/1619/1446 1447/1621/1447
f 1429/1593/1429 1460/1620/1460 1461/1622/1461
f 1417/1596/1417 1416/1594/1416 1447/1621/1447
f 1431/1597/1431 1430/1595/1430 1461/1622/1461
f 1417/1596/1417 1448/1623/1448 1449/1625/1449
f 1431/1597/1431 1462/1624/1462 1463/1627/1463
f 1419/1567/1419 1418/1566/1418 1449/1628/1449
f 1433/1569/1433 1432/1568/1432 1463/1627/1463
f 1419/1567/1419 1450/1629/1450 1451/1599/1451
f 1433/1631/1433 1464/1661/1464 1465/1632/1465
f 1454/1604/1454 1453/1602/1453 1484/1633/1484
f 1467/1603/1467 1498/1665/1498 1499/1636/1499
f 1454/1604/1454 1485/1634/1485 1486/1637/1486
f 1441/1605/1441 1472/1635/1472 1473/1638/1473
f 1468/1606/1468 1499/1636/1499 1500/1639/1500
f 1456/1610/1456 1455/1607/1455 1486/1637/1486
f 1443/1611/1443 1442/1608/1442 1473/1638/1473
f 1469/1609/1469 1500/1639/1500 1501/1642/1501
f 1456/1610/1456 1487/1640/1487 1488/1643/1488
f 1443/1611/1443 1474/1641/1474 1475/1644/1475
f 1470/1612/1470 1501/1642/1501 1502/1645/1502
f 1457/1613/1457 1488/1643/1488 1489/1646/1489
f 1444/1614/1444 1475/1644/1475 1476/1647/1476
f 1458/1616/1458 1489/1646/1489 1490/1648/1490
f 1445/1617/1445 1476/1647/1476 1477/1649/1477
f 1460/1620/1460 1459/1618/1459 1490/1648/1490
f 1446/1619/1446 1477/1649/1477 1478/1651/1478
f 1460/1620/1460 1491/1650/1491 1492/1652/1492
f 1448/1623/1448 1447/1621/1447 1478/1651/1478
f 1462/1624/1462 1461/1622/1461 1492/1652/1492
f 1448/1623/1448 1479/1653/1479 1480/1655/1480
f 1462/1624/1462 1493/1654/1493 1494/1656/1494
f 1450/1629/1450 1449/1628/1449 1480/1657/1480
f 1464/1630/1464 1463/1627/1463 1494/1656/1494
f 1450/1629/1450 1481/1658/1481 1482/1660/1482
f 1464/1661/1464 1495/1686/1495 1496/1662/1496
f 1452/1600/1452 1451/1599/1451 1482/1660/1482
f 1465/1632/1465 1496/1662/1496 1497/1664/1497
f 1452/1600/1452 1483/1663/1483 1484/1633/1484
f 1467/1603/1467 1466/1601/1466 1497/1664/1497
f 1487/1640/1487 1486/1637/1486 1517/1666/1517
f 1473/1638/1473 1504/1698/1504 1505/1668/1505
f 1500/1639/1500 1531/1699/1531 1532/1669/1532
f 1487/1640/1487 1518/1667/1518 1519/1670/1519
f 1474/1641/1474 1505/1668/1505 1506/1671/1506
f 1502/1645/1502 1501/1642/1501 1532/1669/1532
f 1488/1643/1488 1519/1670/1519 1520/1673/1520
f 1476/1647/1476 1475/1644/1475 1506/1671/1506
f 1489/1646/1489 1520/1673/1520 1521/1675/1521
f 1476/1647/1476 1507/1674/1507 1508/1676/1508
f 1491/1650/1491 1490/1648/1490 1521/1675/1521
f 1477/1649/1477 1508/1676/1508 1509/1678/1509
f 1491/1650/1491 1522/1677/1522 1523/1679/1523
f 1479/1653/1479 1478/1651/1478 1509/1678/1509
f 1493/1654/1493 1492/1652/1492 1523/1679/1523
f 1479/1653/1479 1510/1680/1510 1511/1682/1511
f 1493/1654/1493 1524/1681/1524 1525/1683/1525
f 1481/1658/1481 1480/1657/1480 1511/1684/1511
f 1495/1686/1495 1494/2199/1494 1525/1687/1525
f 1481/1658/1481 1512/1685/1512 1513/1689/1513
f 1495/1686/1495 1526/1688/1526 1527/1690/1527
f 1483/1663/1483 1482/1660/1482 1513/1689/1513
f 1497/1664/1497 1496/1662/1496 1527/1690/1527
f 1483/1663/1483 1514/1691/1514 1515/1693/1515
f 1498/1665/1498 1497/1664/1497 1528/1692/1528
f 1485/1634/1485 1484/1633/1484 1515/1693/1515
f 1499/1636/1499 1498/1665/1498 1529/1694/1529
f 1485/1634/1485 1516/1695/1516 1517/1666/1517
f 1472/1635/1472 1503/1696/1503 1504/1698/1504
f 1500/1639/1500 1499/1636/1499 1530/1697/1530
f 1520/1673/1520 1519/1670/1519 1550/1700/1550
f 1506/1671/1506 1537/1732/1537 1538/1702/1538
f 1520/1673/1520 1551/1701/1551 1552/1704/1552
f 1507/1674/1507 1538/1702/1538 1539/1705/1539
f 1522/1677/1522 1521/1675/1521 1552/1704/1552
f 1508/1676/1508 1539/1705/1539 1540/1707/1540
f 1522/1677/1522 1553/1706/1553 1554/1708/1554
f 1510/1680/1510 1509/1678/1509 1540/1707/1540
f 1524/1681/1524 1523/1679/1523 1554/1708/1554
f 1510/1680/1510 1541/1709/1541 1542/1711/1542
f 1524/1681/1524 1555/1710/1555 1556/1712/1556
f 1512/1685/1512 1511/1684/1511 1542/1713/1542
f 1526/1688/1526 1525/1687/1525 1556/1715/1556
f 1512/1685/1512 1543/1714/1543 1544/1717/1544
f 1526/1688/1526 1557/1716/1557 1558/1718/1558
f 1514/1691/1514 1513/1689/1513 1544/1717/1544
f 1527/1690/1527 1558/1718/1558 1559/1720/1559
f 1514/1691/1514 1545/1719/1545 1546/1721/1546
f 1529/1694/1529 1528/1692/1528 1559/1720/1559
f 1516/1695/1516 1515/1693/1515 1546/1721/1546
f 1529/1694/1529 1560/1722/1560 1561/1725/1561
f 1516/1695/1516 1547/1723/1547 1548/1726/1548
f 1503/1696/1503 1534/1724/1534 1535/1727/1535
f 1531/1699/1531 1530/1697/1530 1561/1725/1561
f 1518/1667/1518 1517/1666/1517 1548/1726/1548
f 1504/1698/1504 1535/1727/1535 1536/1730/1536
f 1531/1699/1531 1562/1728/1562 1563/1731/1563
f 1518/1667/1518 1549/1729/1549 1550/1700/1550
f 1505/1668/1505 1536/1730/1536 1537/1732/1537
f 1532/1669/1532 1563/1731/1563 1564/1703/1564
f 1553/1706/1553 1552/1704/1552 1583/1733/1583
f 1539/1705/1539 1570/1772/1570 1571/1735/1571
f 1553/1706/1553 1584/1734/1584 1585/1736/1585
f 1541/1709/1541 1540/1707/1540 1571/1735/1571
f 1555/1710/1555 1554/1708/1554 1585/1736/1585
f 1541/1709/1541 1572/1737/1572 1573/1739/1573
f 1555/1740/1555 1586/1781/1586 1587/1741/1587
f 1543/1742/1543 1542/2200/1542 1573/1743/1573
f 1557/1716/1557 1556/1715/1556 1587/1741/1587
f 1543/1742/1543 1574/1744/1574 1575/1746/1575
f 1557/1716/1557 1588/1745/1588 1589/1748/1589
f 1545/1749/1545 1544/1747/1544 1575/1746/1575
f 1559/1720/1559 1558/1718/1558 1589/1748/1589
f 1545/1749/1545 1576/1750/1576 1577/1752/1577
f 1560/1722/1560 1559/1720/1559 1590/1751/1590
f 1547/1755/1547 1546/1753/1546 1577/1752/1577
f 1561/1725/1561 1560/1722/1560 1591/1754/1591
f 1547/1755/1547 1578/1756/1578 1579/1759/1579
f 1534/1724/1534 1565/1757/1565 1566/1761/1566
f 1561/1725/1561 1592/1758/1592 1593/1762/1593
f 1549/1763/1549 1548/1760/1548 1579/1759/1579
f 1536/1730/1536 1535/1727/1535 1566/1761/1566
f 1562/1728/1562 1593/1762/1593 1594/1766/1594
f 1549/1729/1549 1580/2201/1580 1581/1767/1581
f 1537/1732/1537 1536/1730/1536 1567/1765/1567
f 1563/1731/1563 1594/1766/1594 1595/1769/1595
f 1551/1701/1551 1550/1700/1550 1581/1767/1581
f 1538/1702/1538 1537/1732/1537 1568/1768/1568
f 1551/1701/1551 1582/1770/1582 1583/1733/1583
f 1538/1702/1538 1569/1771/1569 1570/1772/1570
f 1584/1773/1584 1615/1811/1615 1616/1774/1616
f 1572/1737/1572 1571/1735/1571 1602/1776/1602
f 1586/1778/1586 1585/1775/1585 1616/1774/1616
f 1572/1737/1572 1603/1777/1603 1604/1780/1604
f 1586/1781/1586 1617/2202/1617 1618/1782/1618
f 1574/1744/1574 1573/1743/1573 1604/1783/1604
f 1588/1745/1588 1587/1741/1587 1618/1782/1618
f 1574/1744/1574 1605/1784/1605 1606/1786/1606
f 1588/1745/1588 1619/1785/1619 1620/1787/1620
f 1576/1750/1576 1575/1746/1575 1606/1786/1606
f 1590/1751/1590 1589/1748/1589 1620/1787/1620
f 1576/1750/1576 1607/1788/1607 1608/1790/1608
f 1591/1754/1591 1590/1751/1590 1621/1789/1621
f 1578/1756/1578 1577/1752/1577 1608/1790/1608
f 1591/1754/1591 1622/1791/1622 1623/1794/1623
f 1578/1756/1578 1609/1792/1609 1610/1795/1610
f 1565/1757/1565 1596/1793/1596 1597/1796/1597
f 1592/1758/1592 1623/1794/1623 1624/1797/1624
f 1579/1759/1579 1610/1795/1610 1611/1798/1611
f 1566/1761/1566 1597/1796/1597 1598/1799/1598
f 1593/1762/1593 1624/1797/1624 1625/1800/1625
f 1580/1764/1580 1611/1798/1611 1612/1801/1612
f 1567/1765/1567 1598/1799/1598 1599/1803/1599
f 1595/1769/1595 1594/1766/1594 1625/1800/1625
f 1582/1805/1582 1581/1802/1581 1612/1801/1612
f 1569/1771/1569 1568/1768/1568 1599/1803/1599
f 1582/1805/1582 1613/1806/1613 1614/1808/1614
f 1569/1771/1569 1600/1807/1600 1601/1810/1601
f 1584/1773/1584 1583/1809/1583 1614/1808/1614
f 1570/1772/1570 1601/1810/1601 1602/1776/1602
f 1617/1779/1617 1648/1844/1648 1649/1812/1649
f 1605/1784/1605 1604/1783/1604 1635/1814/1635
f 1619/1785/1619 1618/1782/1618 1649/1816/1649
f 1605/1784/1605 1636/1815/1636 1637/1818/1637
f 1619/1785/1619 1650/1817/1650 1651/1819/1651
f 1607/1788/1607 1606/1786/1606 1637/1818/1637
f 1620/1787/1620 1651/1819/1651 1652/1821/1652
f 1607/1788/1607 1638/1820/1638 1639/1822/1639
f 1622/1791/1622 1621/1789/1621 1652/1821/1652
f 1609/1792/1609 1608/1790/1608 1639/1822/1639
f 1623/1794/1623 1622/1791/1622 1653/1823/1653
f 1609/1792/1609 1640/1824/1640 1641/1827/1641
f 1596/1793/1596 1627/1825/1627 1628/1828/1628
f 1624/1797/1624 1623/1794/1623 1654/1826/1654
f 1610/1795/1610 1641/1827/1641 1642/1830/1642
f 1598/1799/1598 1597/1796/1597 1628/1828/1628
f 1624/1797/1624 1655/1829/1655 1656/1832/1656
f 1611/1798/1611 1642/1830/1642 1643/1833/1643
f 1598/1799/1598 1629/1831/1629 1630/1834/1630
f 1626/1804/1626 1625/1800/1625 1656/1832/1656
f 1612/1801/1612 1643/1833/1643 1644/1836/1644
f 1599/1803/1599 1630/1834/1630 1631/1837/1631
f 1613/1806/1613 1644/1836/1644 1645/1838/1645
f 1600/1807/1600 1631/1837/1631 1632/1839/1632
f 1615/1811/1615 1614/1808/1614 1645/1838/1645
f 1601/1810/1601 1632/1839/1632 1633/1841/1633
f 1615/1811/1615 1646/1840/1646 1647/1842/1647
f 1603/1777/1603 1602/1776/1602 1633/1841/1633
f 1617/1779/1617 1616/1774/1616 1647/1842/1647
f 1603/1777/1603 1634/1843/1634 1635/1845/1635
f 1650/1817/1650 1681/1878/1681 1682/1846/1682
f 1638/1820/1638 1637/1818/1637 1668/1847/1668
f 1651/1819/1651 1682/1846/1682 1683/1849/1683
f 1638/1820/1638 1669/1848/1669 1670/1850/1670
f 1653/1823/1653 1652/1821/1652 1683/1849/1683
f 1640/1824/1640 1639/1822/1639 1670/1850/1670
f 1654/1826/1654 1653/1823/1653 1684/1851/1684
f 1640/1824/1640 1671/1852/1671 1672/1855/1672
f 1627/1825/1627 1658/1853/1658 1659/1856/1659
f 1655/1829/1655 1654/1826/1654 1685/1854/1685
f 1642/1830/1642 1641/1827/1641 1672/1855/1672
f 1629/1831/1629 1628/1828/1628 1659/1856/1659
f 1655/1829/1655 1686/1857/1686 1687/1860/1687
f 1642/1830/1642 1673/1858/1673 1674/1861/1674
f 1629/1831/1629 1660/1859/1660 1661/1862/1661
f 1657/1835/1657 1656/1832/1656 1687/1860/1687
f 1643/1833/1643 1674/1861/1674 1675/1864/1675
f 1630/1834/1630 1661/1862/1661 1662/1865/1662
f 1644/1836/1644 1675/1864/1675 1676/1866/1676
f 1631/1837/1631 1662/1865/1662 1663/1867/1663
f 1646/1840/1646 1645/1838/1645 1676/1866/1676
f 1633/1841/1633 1632/1839/1632 1663/1867/1663
f 1646/1840/1646 1677/1868/1677 1678/1870/1678
f 1634/1843/1634 1633/1841/1633 1664/1869/1664
f 1648/1844/1648 1647/1842/1647 1678/1870/1678
f 1634/1873/1634 1665/1903/1665 1666/1874/1666
f 1648/1844/1648 1679/1872/1679 1680/1875/1680
f 1636/1815/1636 1635/1814/1635 1666/1874/1666
f 1650/1817/1650 1649/1816/1649 1680/1877/1680
f 1636/1815/1636 1667/1876/1667 1668/1847/1668
f 1684/1851/1684 1683/1849/1683 1714/1879/1714
f 1671/1852/1671 1670/1850/1670 1701/1881/1701
f 1684/1851/1684 1715/1880/1715 1716/1884/1716
f 1671/1852/1671 1702/1882/1702 1703/1885/1703
f 1658/1853/1658 1689/1883/1689 1690/1886/1690
f 1686/1857/1686 1685/1854/1685 1716/1884/1716
f 1672/1855/1672 1703/1885/1703 1704/1888/1704
f 1660/1859/1660 1659/1856/1659 1690/1886/1690
f 1686/1857/1686 1717/1887/1717 1718/1890/1718
f 1674/1861/1674 1673/1858/1673 1704/1888/1704
f 1660/1859/1660 1691/1889/1691 1692/1892/1692
f 1688/1863/1688 1687/1860/1687 1718/1890/1718
f 1674/1861/1674 1705/1891/1705 1706/1894/1706
f 1661/1862/1661 1692/1892/1692 1693/1895/1693
f 1675/1864/1675 1706/1894/1706 1707/1896/1707
f 1662/1865/1662 1693/1895/1693 1694/1897/1694
f 1677/1868/1677 1676/1866/1676 1707/1896/1707
f 1663/1867/1663 1694/1897/1694 1695/1899/1695
f 1677/1868/1677 1708/1898/1708 1709/1900/1709
f 1665/1871/1665 1664/1869/1664 1695/1899/1695
f 1679/1872/1679 1678/1870/1678 1709/1900/1709
f 1665/1903/1665 1696/1930/1696 1697/1904/1697
f 1679/1872/1679 1710/1902/1710 1711/1905/1711
f 1667/1876/1667 1666/1874/1666 1697/1904/1697
f 1681/1878/1681 1680/1877/1680 1711/1907/1711
f 1667/1876/1667 1698/1906/1698 1699/1909/1699
f 1681/1878/1681 1712/1908/1712 1713/1910/1713
f 1669/1848/1669 1668/1847/1668 1699/1909/1699
f 1683/1849/1683 1682/1846/1682 1713/1910/1713
f 1669/1848/1669 1700/1911/1700 1701/1881/1701
f 1717/1887/1717 1716/1884/1716 1747/1912/1747
f 1703/1885/1703 1734/1944/1734 1735/1914/1735
f 1691/1889/1691 1690/1886/1690 1721/1915/1721
f 1717/1887/1717 1748/1913/1748 1749/1917/1749
f 1705/1891/1705 1704/1888/1704 1735/1914/1735
f 1691/1889/1691 1722/1916/1722 1723/1919/1723
f 1719/1893/1719 1718/1890/1718 1749/1917/1749
f 1705/1891/1705 1736/1918/1736 1737/1921/1737
f 1692/1892/1692 1723/1919/1723 1724/1922/1724
f 1706/1894/1706 1737/1921/1737 1738/1923/1738
f 1693/1895/1693 1724/1922/1724 1725/1924/1725
f 1708/1898/1708 1707/1896/1707 1738/1923/1738
f 1695/1899/1695 1694/1897/1694 1725/1924/1725
f 1708/1898/1708 1739/1925/1739 1740/1927/1740
f 1696/1901/1696 1695/1899/1695 1726/1926/1726
f 1710/1902/1710 1709/1900/1709 1740/1927/1740
f 1696/1930/1696 1727/1956/1727 1728/1931/1728
f 1710/1902/1710 1741/1929/1741 1742/1932/1742
f 1698/1906/1698 1697/1904/1697 1728/1931/1728
f 1712/1908/1712 1711/1907/1711 1742/1934/1742
f 1698/1906/1698 1729/1933/1729 1730/1936/1730
f 1712/1908/1712 1743/1935/1743 1744/1937/1744
f 1700/1911/1700 1699/1909/1699 1730/1936/1730
f 1713/1910/1713 1744/1937/1744 1745/1939/1745
f 1700/1911/1700 1731/1938/1731 1732/1940/1732
f 1715/1880/1715 1714/1879/1714 1745/1939/1745
f 1702/1882/1702 1701/1881/1701 1732/1940/1732
f 1715/1880/1715 1746/1941/1746 1747/1912/1747
f 1703/1885/1703 1702/1882/1702 1733/1942/1733
f 1689/1883/1689 1720/1943/1720 1721/1915/1721
f 1750/1920/1750 1749/1917/1749 1780/1945/1780
f 1736/1918/1736 1767/1976/1767 1768/1947/1768
f 1723/1919/1723 1754/1977/1754 1755/1948/1755
f 1737/1921/1737 1768/1947/1768 1769/1949/1769
f 1724/1922/1724 1755/1948/1755 1756/1950/1756
f 1739/1925/1739 1738/1923/1738 1769/1949/1769
f 1726/1926/1726 1725/1924/1725 1756/1950/1756
f 1739/1925/1739 1770/1951/1770 1771/1953/1771
f 1727/1928/1727 1726/1926/1726 1757/1952/1757
f 1741/1929/1741 1740/1927/1740 1771/1953/1771
f 1727/1956/1727 1758/1984/1758 1759/1957/1759
f 1741/1929/1741 1772/1955/1772 1773/1958/1773
f 1729/1933/1729 1728/1931/1728 1759/1957/1759
f 1743/1960/1743 1742/1932/1742 1773/1958/1773
f 1729/1933/1729 1760/1959/1760 1761/1962/1761
f 1743/1935/1743 1774/1990/1774 1775/1963/1775
f 1731/1938/1731 1730/1936/1730 1761/1962/1761
f 1744/1937/1744 1775/1963/1775 1776/1965/1776
f 1731/1938/1731 1762/1964/1762 1763/1966/1763
f 1746/1941/1746 1745/1939/1745 1776/1965/1776
f 1733/1942/1733 1732/1940/1732 1763/1966/1763
f 1746/1941/1746 1777/1967/1777 1778/1970/1778
f 1734/1944/1734 1733/1942/1733 1764/1968/1764
f 1720/1943/1720 1751/1969/1751 1752/1972/1752
f 1748/1913/1748 1747/1912/1747 1778/1970/1778
f 1734/1944/1734 1765/1971/1765 1766/1974/1766
f 1722/1916/1722 1721/1915/1721 1752/1972/1752
f 1748/1913/1748 1779/1973/1779 1780/1945/1780
f 1736/1918/1736 1735/1914/1735 1766/1974/1766
f 1722/1916/1722 1753/1975/1753 1754/1977/1754
f 1770/1951/1770 1769/1949/1769 1800/1978/1800
f 1756/1950/1756 1787/2010/1787 1788/1980/1788
f 1770/1951/1770 1801/1979/1801 1802/1981/1802
f 1758/1954/1758 1757/1952/1757 1788/1980/1788
f 1772/1955/1772 1771/1953/1771 1802/1981/1802
f 1758/1984/1758 1789/2013/1789 1790/1985/1790
f 1772/1955/1772 1803/1983/1803 1804/1986/1804
f 1760/1959/1760 1759/1957/1759 1790/1985/1790
f 1774/1961/1774 1773/1958/1773 1804/1986/1804
f 1760/1959/1760 1791/1987/1791 1792/1989/1792
f 1774/1990/1774 1805/2019/1805 1806/1991/1806
f 1762/1964/1762 1761/1962/1761 1792/1989/1792
f 1776/1965/1776 1775/1963/1775 1806/1991/1806
f 1762/1964/1762 1793/1992/1793 1794/1994/1794
f 1777/1967/1777 1776/1965/1776 1807/1993/1807
f 1764/1968/1764 1763/1966/1763 1794/1994/1794
f 1777/1967/1777 1808/1995/1808 1809/1998/1809
f 1764/1968/1764 1795/1996/1795 1796/1999/1796
f 1751/1969/1751 1782/1997/1782 1783/2000/1783
f 1778/1970/1778 1809/1998/1809 1810/2001/1810
f 1766/1974/1766 1765/1971/1765 1796/1999/1796
f 1753/1975/1753 1752/1972/1752 1783/2000/1783
f 1780/1945/1780 1779/1973/1779 1810/2001/1810
f 1766/1974/1766 1797/2002/1797 1798/2005/1798
f 1753/1975/1753 1784/2003/1784 1785/2006/1785
f 1780/1945/1780 1811/2004/1811 1812/2007/1812
f 1768/1947/1768 1767/1976/1767 1798/2005/1798
f 1754/1977/1754 1785/2006/1785 1786/2009/1786
f 1768/1947/1768 1799/2008/1799 1800/1978/1800
f 1755/1948/1755 1786/2009/1786 1787/2010/1787
f 1803/1983/1803 1802/1981/1802 1833/2011/1833
f 1789/2013/1789 1820/2074/1820 1821/2014/1821
f 1803/1983/1803 1834/2012/1834 1835/2015/1835
f 1791/1987/1791 1790/1985/1790 1821/2014/1821
f 1805/1988/1805 1804/1986/1804 1835/2015/1835
f 1791/1987/1791 1822/2016/1822 1823/2018/1823
f 1805/2019/1805 1836/2047/1836 1837/2020/1837
f 1793/1992/1793 1792/1989/1792 1823/2018/1823
f 1807/1993/1807 1806/1991/1806 1837/2020/1837
f 1793/1992/1793 1824/2021/1824 1825/2023/1825
f 1808/1995/1808 1807/1993/1807 1838/2022/1838
f 1795/1996/1795 1794/1994/1794 1825/2023/1825
f 1808/1995/1808 1839/2024/1839 1840/2027/1840
f 1795/1996/1795 1826/2025/1826 1827/2028/1827
f 1783/2000/1783 1782/1997/1782 1813/2026/1813
f 1810/2001/1810 1809/1998/1809 1840/2027/1840
f 1797/2002/1797 1796/1999/1796 1827/2028/1827
f 1784/2003/1784 1783/2000/1783 1814/2029/1814
f 1810/2001/1810 1841/2030/1841 1842/2033/1842
f 1797/2002/1797 1828/2031/1828 1829/2034/1829
f 1784/2003/1784 1815/2032/1815 1816/2035/1816
f 1811/2004/1811 1842/2033/1842 1843/2036/1843
f 1799/2008/1799 1798/2005/1798 1829/2034/1829
f 1785/2006/1785 1816/2035/1816 1817/2038/1817
f 1799/2008/1799 1830/2037/1830 1831/2039/1831
f 1786/2009/1786 1817/2038/1817 1818/2040/1818
f 1801/1979/1801 1800/1978/1800 1831/2039/1831
f 1787/2010/1787 1818/2040/1818 1819/2042/1819
f 1801/1979/1801 1832/2041/1832 1833/2011/1833
f 1789/1982/1789 1788/1980/1788 1819/2042/1819
f 1836/2017/1836 1835/2015/1835 1866/2044/1866
f 1822/2016/1822 1853/2076/1853 1854/2046/1854
f 1836/2047/1836 1867/2108/1867 1868/2048/1868
f 1824/2021/1824 1823/2018/1823 1854/2046/1854
f 1838/2022/1838 1837/2020/1837 1868/2048/1868
f 1824/2021/1824 1855/2049/1855 1856/2051/1856
f 1839/2024/1839 1838/2022/1838 1869/2050/1869
f 1826/2025/1826 1825/2023/1825 1856/2051/1856
f 1839/2024/1839 1870/2052/1870 1871/2055/1871
f 1826/2025/1826 1857/2053/1857 1858/2056/1858
f 1814/2029/1814 1813/2026/1813 1844/2054/1844
f 1841/2030/1841 1840/2027/1840 1871/2055/1871
f 1827/2028/1827 1858/2056/1858 1859/2059/1859
f 1814/2029/1814 1845/2057/1845 1846/2060/1846
f 1841/2030/1841 1872/2058/1872 1873/2061/1873
f 1828/2031/1828 1859/2059/1859 1860/2062/1860
f 1815/2032/1815 1846/2060/1846 1847/2063/1847
f 1842/2033/1842 1873/2061/1873 1874/2064/1874
f 1829/2034/1829 1860/2062/1860 1861/2065/1861
f 1816/2035/1816 1847/2063/1847 1848/2066/1848
f 1830/2037/1830 1861/2065/1861 1862/2067/1862
f 1817/2038/1817 1848/2066/1848 1849/2068/1849
f 1832/2041/1832 1831/2039/1831 1862/2067/1862
f 1818/2040/1818 1849/2068/1849 1850/2070/1850
f 1832/2041/1832 1863/2069/1863 1864/2071/1864
f 1820/2043/1820 1819/2042/1819 1850/2070/1850
f 1834/2012/1834 1833/2011/1833 1864/2071/1864
f 1820/2074/1820 1851/2102/1851 1852/2075/1852
f 1834/2012/1834 1865/2073/1865 1866/2044/1866
f 1822/2016/1822 1821/2014/1821 1852/2075/1852
f 1869/2050/1869 1868/2048/1868 1899/2077/1899
f 1855/2049/1855 1886/2109/1886 1887/2079/1887
f 1870/2052/1870 1869/2050/1869 1900/2078/1900
f 1857/2053/1857 1856/2051/1856 1887/2079/1887
f 1870/2052/1870 1901/2080/1901 1902/2083/1902
f 1857/2053/1857 1888/2081/1888 1889/2084/1889
f 1844/2054/1844 1875/2082/1875 1876/2085/1876
f 1871/2055/1871 1902/2083/1902 1903/2086/1903
f 1859/2059/1859 1858/2056/1858 1889/2084/1889
f 1845/2057/1845 1876/2085/1876 1877/2088/1877
f 1872/2058/1872 1903/2086/1903 1904/2089/1904
f 1859/2059/1859 1890/2087/1890 1891/2090/1891
f 1846/2060/1846 1877/2088/1877 1878/2091/1878
f 1874/2064/1874 1873/2061/1873 1904/2089/1904
f 1861/2065/1861 1860/2062/1860 1891/2090/1891
f 1848/2066/1848 1847/2063/1847 1878/2091/1878
f 1861/2065/1861 1892/2093/1892 1893/2095/1893
f 1848/2066/1848 1879/2094/1879 1880/2096/1880
f 1863/2069/1863 1862/2067/1862 1893/2095/1893
f 1849/2068/1849 1880/2096/1880 1881/2098/1881
f 1863/2069/1863 1894/2097/1894 1895/2099/1895
f 1851/2072/1851 1850/2070/1850 1881/2098/1881
f 1865/2073/1865 1864/2071/1864 1895/2099/1895
f 1851/2102/1851 1882/2130/1882 1883/2103/1883
f 1865/2073/1865 1896/2101/1896 1897/2104/1897
f 1853/2076/1853 1852/2075/1852 1883/2103/1883
f 1867/2045/1867 1866/2044/1866 1897/2104/1897
f 1853/2076/1853 1884/2105/1884 1885/2107/1885
f 1867/2108/1867 1898/2134/1898 1899/2077/1899
f 1855/2049/1855 1854/2046/1854 1885/2107/1885
f 1901/2080/1901 1932/2142/1932 1933/2111/1933
f 1888/2081/1888 1919/2143/1919 1920/2112/1920
f 1875/2082/1875 1906/2110/1906 1907/2113/1907
f 1902/2083/1902 1933/2111/1933 1934/2114/1934
f 1890/2087/1890 1889/2084/1889 1920/2112/1920
f 1876/2085/1876 1907/2113/1907 1908/2116/1908
f 1903/2086/1903 1934/2114/1934 1935/2117/1935
f 1890/2087/1890 1921/2115/1921 1922/2118/1922
f 1877/2088/1877 1908/2116/1908 1909/2119/1909
f 1904/2089/1904 1935/2117/1935 1936/2120/1936
f 1891/2090/1891 1922/2118/1922 1923/2121/1923
f 1878/2091/1878 1909/2119/1909 1910/2122/1910
f 1892/2093/1892 1923/2121/1923 1924/2123/1924
f 1879/2094/1879 1910/2122/1910 1911/2124/1911
f 1894/2097/1894 1893/2095/1893 1924/2123/1924
f 1880/2096/1880 1911/2124/1911 1912/2126/1912
f 1894/2097/1894 1925/2125/1925 1926/2127/1926
f 1882/2100/1882 1881/2098/1881 1912/2126/1912
f 1896/2101/1896 1895/2099/1895 1926/2127/1926
f 1882/2130/1882 1913/2160/1913 1914/2131/1914
f 1896/2101/1896 1927/2129/1927 1928/2132/1928
f 1884/2105/1884 1883/2103/1883 1914/2131/1914
f 1898/2134/1898 1897/2203/1897 1928/2135/1928
f 1884/2105/1884 1915/2133/1915 1916/2137/1916
f 1898/2134/1898 1929/2136/1929 1930/2138/1930
f 1886/2109/1886 1885/2107/1885 1916/2137/1916
f 1900/2078/1900 1899/2077/1899 1930/2138/1930
f 1886/2109/1886 1917/2139/1917 1918/2141/1918
f 1901/2080/1901 1900/2078/1900 1931/2140/1931
f 1888/2081/1888 1887/2079/1887 1918/2141/1918
f 1908/2116/1908 1907/2113/1907 1938/2144/1938
f 1935/2117/1935 1934/2114/1934 1965/2146/1965
f 1921/2115/1921 1952/2176/1952 1953/2148/1953
f 1908/2116/1908 1939/2145/1939 1940/2149/1940
f 1936/2120/1936 1935/2117/1935 1966/2147/1966
f 1923/2121/1923 1922/2118/1922 1953/2148/1953
f 1909/2119/1909 1940/2149/1940 1941/2152/1941
f 1923/2121/1923 1954/2151/1954 1955/2153/1955
f 1910/2122/1910 1941/2152/1941 1942/2154/1942
f 1925/2125/1925 1924/2123/1924 1955/2153/1955
f 1911/2124/1911 1942/2154/1942 1943/2156/1943
f 1925/2125/1925 1956/2155/1956 1957/2157/1957
f 1913/2128/1913 1912/2126/1912 1943/2156/1943
f 1927/2129/1927 1926/2127/1926 1957/2157/1957
f 1913/2160/1913 1944/2177/1944 1945/2161/1945
f 1927/2129/1927 1958/2159/1958 1959/2162/1959
f 1915/2133/1915 1914/2131/1914 1945/2161/1945
f 1929/2136/1929 1928/2135/1928 1959/2164/1959
f 1915/2133/1915 1946/2163/1946 1947/2166/1947
f 1929/2136/1929 1960/2165/1960 1961/2167/1961
f 1917/2139/1917 1916/2137/1916 1947/2166/1947
f 1930/2138/1930 1961/2167/1961 1962/2169/1962
f 1917/2139/1917 1948/2168/1948 1949/2170/1949
f 1932/2142/1932 1931/2140/1931 1962/2169/1962
f 1919/2143/1919 1918/2141/1918 1949/2170/1949
f 1932/2142/1932 1963/2171/1963 1964/2174/1964
f 1919/2143/1919 1950/2172/1950 1951/2175/1951
f 1906/2110/1906 1937/2173/1937 1938/2144/1938
f 1934/2114/1934 1933/2111/1933 1964/2174/1964
f 1921/2115/1921 1920/2112/1920 1951/2175/1951
f 1940/2149/1940 1969/34/1969 1970/40/1970
f 1954/2151/1954 1977/38/1977 1978/44/1978
f 1941/2152/1941 1970/40/1970 1971/45/1971
f 1956/2155/1956 1955/2153/1955 1978/44/1978
f 1942/2154/1942 1971/45/1971 1972/50/1972
f 1957/2157/1957 1956/2155/1956 9/47/9
f 1944/2158/1944 1943/2156/1943 1972/50/1972
f 1958/2159/1958 1957/2157/1957 1979/52/1979
f 1944/2177/1944 1973/2204/1973 1974/2178/1974
f 1958/2159/1958 1980/55/1980 1981/60/1981
f 1946/2163/1946 1945/2161/1945 1974/2178/1974
f 1960/2165/1960 1959/2164/1959 1981/64/1981
f 1946/2163/1946 3/61/3 1975/4/1975
f 1960/2165/1960 10/1/10 1982/3/1982
f 1947/2166/1947 1975/4/1975 4/6/4
f 1962/2169/1962 1961/2167/1961 1982/3/1982
f 1948/2168/1948 4/6/4 1976/9/1976
f 1963/2171/1963 1962/2169/1962 1983/7/1983
f 1950/2172/1950 1949/2170/1949 1976/9/1976
f 1964/2174/1964 1963/2171/1963 1984/12/1984
f 1951/2175/1951 1950/2172/1950 5/13/5
f 1938/2144/1938 1937/2173/1937 1/15/1
f 1964/2174/1964 1985/19/1985 11/25/11
f 1951/2175/1951 6/21/6 7/26/7
f 1939/2145/1939 1938/2144/1938 1968/23/1968
f 1965/2146/1965 11/25/11 1986/31/1986
f 1952/2176/1952 7/26/7 8/33/8
f 1940/2149/1940 1939/2145/1939 2/28/2
f 1966/2147/1966 1986/31/1986 12/36/12
f 1953/2148/1953 8/33/8 1977/38/1977
