# Blender 4.5.11 LTS
# www.blender.org
mtllib visual.mtl
o marble.001
v 0.000000 0.000784 0.015961
v 0.000000 0.001561 0.015846
v 0.000000 0.005657 0.013657
v 0.000000 0.007055 0.011771
v 0.000000 0.007656 0.010322
v 0.000000 0.007846 0.009561
v 0.000000 0.007961 0.008784
v 0.000000 0.008000 0.008000
v 0.000000 0.007846 0.006439
v 0.000000 0.007391 0.004939
v 0.000000 0.007055 0.004229
v 0.000000 0.004445 0.001348
v 0.000077 0.000780 0.015961
v 0.000153 0.001553 0.015846
v 0.000228 0.002311 0.015656
v 0.000300 0.003047 0.015391
v 0.000370 0.003753 0.015055
v 0.000436 0.004423 0.014652
v 0.000497 0.005051 0.014184
v 0.000554 0.005630 0.013657
v 0.000606 0.006154 0.013075
v 0.000652 0.006620 0.012445
v 0.000692 0.007021 0.011771
v 0.000724 0.007355 0.011061
v 0.000750 0.007619 0.010322
v 0.000769 0.007809 0.009561
v 0.000780 0.007923 0.008784
v 0.000784 0.007961 0.008000
v 0.000780 0.007923 0.007216
v 0.000769 0.007809 0.006439
v 0.000750 0.007619 0.005678
v 0.000724 0.007355 0.004939
v 0.000692 0.007021 0.004229
v 0.000652 0.006620 0.003555
v 0.000606 0.006154 0.002925
v 0.000554 0.005630 0.002343
v 0.000497 0.005051 0.001816
v 0.000436 0.004423 0.001348
v 0.000370 0.003753 0.000945
v 0.000300 0.003047 0.000609
v 0.000228 0.002311 0.000344
v 0.000153 0.001553 0.000154
v 0.000077 0.000780 0.000039
v 0.000153 0.000769 0.015961
v 0.000304 0.001531 0.015846
v 0.000453 0.002278 0.015656
v 0.000597 0.003003 0.015391
v 0.000736 0.003699 0.015055
v 0.000867 0.004359 0.014652
v 0.000990 0.004978 0.014184
v 0.001104 0.005548 0.013657
v 0.001206 0.006065 0.013075
v 0.001298 0.006524 0.012445
v 0.001376 0.006920 0.011771
v 0.001442 0.007249 0.011061
v 0.001494 0.007508 0.010322
v 0.001531 0.007696 0.009561
v 0.001553 0.007808 0.008784
v 0.001561 0.007846 0.008000
v 0.001553 0.007808 0.007216
v 0.001531 0.007696 0.006439
v 0.001494 0.007508 0.005678
v 0.001442 0.007249 0.004939
v 0.001376 0.006920 0.004229
v 0.001298 0.006524 0.003555
v 0.001206 0.006065 0.002925
v 0.001104 0.005548 0.002343
v 0.000990 0.004978 0.001816
v 0.000867 0.004359 0.001348
v 0.000736 0.003699 0.000945
v 0.000597 0.003003 0.000609
v 0.000453 0.002278 0.000344
v 0.000304 0.001531 0.000154
v 0.000153 0.000769 0.000039
v 0.000228 0.000750 0.015961
v 0.000453 0.001494 0.015846
v 0.000674 0.002222 0.015656
v 0.000889 0.002930 0.015391
v 0.001095 0.003609 0.015055
v 0.001290 0.004253 0.014652
v 0.001473 0.004857 0.014184
v 0.001642 0.005413 0.013657
v 0.001795 0.005918 0.013075
v 0.001931 0.006365 0.012445
v 0.002048 0.006752 0.011771
v 0.002146 0.007073 0.011061
v 0.002222 0.007326 0.010322
v 0.002278 0.007508 0.009561
v 0.002311 0.007619 0.008784
v 0.002322 0.007656 0.008000
v 0.002311 0.007619 0.007216
v 0.002278 0.007508 0.006439
v 0.002222 0.007326 0.005678
v 0.002146 0.007073 0.004939
v 0.002048 0.006752 0.004229
v 0.001931 0.006365 0.003555
v 0.001795 0.005918 0.002925
v 0.001642 0.005413 0.002343
v 0.001473 0.004857 0.001816
v 0.001290 0.004253 0.001348
v 0.001095 0.003609 0.000945
v 0.000889 0.002930 0.000609
v 0.000674 0.002222 0.000344
v 0.000453 0.001494 0.000154
v 0.000228 0.000750 0.000039
v 0.000300 0.000724 0.015961
v 0.000597 0.001442 0.015846
v 0.000889 0.002146 0.015656
v 0.001172 0.002828 0.015391
v 0.001443 0.003484 0.015055
v 0.001701 0.004106 0.014652
v 0.001942 0.004689 0.014184
v 0.002165 0.005226 0.013657
v 0.002367 0.005713 0.013075
v 0.002546 0.006145 0.012445
v 0.002700 0.006518 0.011771
v 0.002828 0.006828 0.011061
v 0.002930 0.007073 0.010322
v 0.003003 0.007249 0.009561
v 0.003047 0.007355 0.008784
v 0.003061 0.007391 0.008000
v 0.003047 0.007355 0.007216
v 0.003003 0.007249 0.006439
v 0.002930 0.007073 0.005678
v 0.002828 0.006828 0.004939
v 0.002700 0.006518 0.004229
v 0.002546 0.006145 0.003555
v 0.002367 0.005713 0.002925
v 0.002165 0.005226 0.002343
v 0.001942 0.004689 0.001816
v 0.001701 0.004106 0.001348
v 0.001443 0.003484 0.000945
v 0.001172 0.002828 0.000609
v 0.000889 0.002146 0.000344
v 0.000597 0.001442 0.000154
v 0.000300 0.000724 0.000039
v 0.000370 0.000692 0.015961
v 0.000736 0.001376 0.015846
v 0.001095 0.002048 0.015656
v 0.001443 0.002700 0.015391
v 0.001778 0.003326 0.015055
v 0.002095 0.003920 0.014652
v 0.002392 0.004476 0.014184
v 0.002667 0.004989 0.013657
v 0.002915 0.005454 0.013075
v 0.003136 0.005866 0.012445
v 0.003326 0.006222 0.011771
v 0.003484 0.006518 0.011061
v 0.003609 0.006752 0.010322
v 0.003699 0.006920 0.009561
v 0.003753 0.007021 0.008784
v 0.003771 0.007055 0.008000
v 0.003753 0.007021 0.007216
v 0.003699 0.006920 0.006439
v 0.003609 0.006752 0.005678
v 0.003484 0.006518 0.004939
v 0.003326 0.006222 0.004229
v 0.003136 0.005866 0.003555
v 0.002915 0.005454 0.002925
v 0.002667 0.004989 0.002343
v 0.002392 0.004476 0.001816
v 0.002095 0.003920 0.001348
v 0.001778 0.003326 0.000945
v 0.001443 0.002700 0.000609
v 0.001095 0.002048 0.000344
v 0.000736 0.001376 0.000154
v 0.000370 0.000692 0.000039
v 0.000436 0.000652 0.015961
v 0.000867 0.001298 0.015846
v 0.001290 0.001931 0.015656
v 0.001701 0.002546 0.015391
v 0.002095 0.003136 0.015055
v 0.002469 0.003696 0.014652
v 0.002820 0.004220 0.014184
v 0.003143 0.004704 0.013657
v 0.003436 0.005142 0.013075
v 0.003696 0.005531 0.012445
v 0.003920 0.005866 0.011771
v 0.004106 0.006145 0.011061
v 0.004253 0.006365 0.010322
v 0.004359 0.006524 0.009561
v 0.004423 0.006620 0.008784
v 0.004445 0.006652 0.008000
v 0.004423 0.006620 0.007216
v 0.004359 0.006524 0.006439
v 0.004253 0.006365 0.005678
v 0.004106 0.006145 0.004939
v 0.003920 0.005866 0.004229
v 0.003696 0.005531 0.003555
v 0.003436 0.005142 0.002925
v 0.003143 0.004704 0.002343
v 0.002820 0.004220 0.001816
v 0.002469 0.003696 0.001348
v 0.002095 0.003136 0.000945
v 0.001701 0.002546 0.000609
v 0.001290 0.001931 0.000344
v 0.000867 0.001298 0.000154
v 0.000436 0.000652 0.000039
v 0.000497 0.000606 0.015961
v 0.000990 0.001206 0.015846
v 0.001473 0.001795 0.015656
v 0.001942 0.002367 0.015391
v 0.002392 0.002915 0.015055
v 0.002820 0.003436 0.014652
v 0.003220 0.003923 0.014184
v 0.003589 0.004373 0.013657
v 0.003923 0.004780 0.013075
v 0.004220 0.005142 0.012445
v 0.004476 0.005454 0.011771
v 0.004689 0.005713 0.011061
v 0.004857 0.005918 0.010322
v 0.004978 0.006065 0.009561
v 0.005051 0.006154 0.008784
v 0.005075 0.006184 0.008000
v 0.005051 0.006154 0.007216
v 0.004978 0.006065 0.006439
v 0.004857 0.005918 0.005678
v 0.004689 0.005713 0.004939
v 0.004476 0.005454 0.004229
v 0.004220 0.005142 0.003555
v 0.003923 0.004780 0.002925
v 0.003589 0.004373 0.002343
v 0.003220 0.003923 0.001816
v 0.002820 0.003436 0.001348
v 0.002392 0.002915 0.000945
v 0.001942 0.002367 0.000609
v 0.001473 0.001795 0.000344
v 0.000990 0.001206 0.000154
v 0.000497 0.000606 0.000039
v 0.000554 0.000554 0.015961
v 0.001104 0.001104 0.015846
v 0.001642 0.001642 0.015656
v 0.002165 0.002165 0.015391
v 0.002667 0.002667 0.015055
v 0.003143 0.003143 0.014652
v 0.003589 0.003589 0.014184
v 0.004000 0.004000 0.013657
v 0.004373 0.004373 0.013075
v 0.004704 0.004704 0.012445
v 0.004989 0.004989 0.011771
v 0.005226 0.005226 0.011061
v 0.005413 0.005413 0.010322
v 0.005548 0.005548 0.009561
v 0.005630 0.005630 0.008784
v 0.005657 0.005657 0.008000
v 0.005630 0.005630 0.007216
v 0.005548 0.005548 0.006439
v 0.005413 0.005413 0.005678
v 0.005226 0.005226 0.004939
v 0.004989 0.004989 0.004229
v 0.004704 0.004704 0.003555
v 0.004373 0.004373 0.002925
v 0.004000 0.004000 0.002343
v 0.003589 0.003589 0.001816
v 0.003143 0.003143 0.001348
v 0.002667 0.002667 0.000945
v 0.002165 0.002165 0.000609
v 0.001642 0.001642 0.000344
v 0.001104 0.001104 0.000154
v 0.000554 0.000554 0.000039
v 0.000606 0.000497 0.015961
v 0.001206 0.000990 0.015846
v 0.001795 0.001473 0.015656
v 0.002367 0.001942 0.015391
v 0.002915 0.002392 0.015055
v 0.003436 0.002820 0.014652
v 0.003923 0.003220 0.014184
v 0.004373 0.003589 0.013657
v 0.004780 0.003923 0.013075
v 0.005142 0.004220 0.012445
v 0.005454 0.004476 0.011771
v 0.005713 0.004689 0.011061
v 0.005918 0.004857 0.010322
v 0.006065 0.004978 0.009561
v 0.006154 0.005051 0.008784
v 0.006184 0.005075 0.008000
v 0.006154 0.005051 0.007216
v 0.006065 0.004978 0.006439
v 0.005918 0.004857 0.005678
v 0.005713 0.004689 0.004939
v 0.005454 0.004476 0.004229
v 0.005142 0.004220 0.003555
v 0.004780 0.003923 0.002925
v 0.004373 0.003589 0.002343
v 0.003923 0.003220 0.001816
v 0.003436 0.002820 0.001348
v 0.002915 0.002392 0.000945
v 0.002367 0.001942 0.000609
v 0.001795 0.001473 0.000344
v 0.001206 0.000990 0.000154
v 0.000606 0.000497 0.000039
v 0.000652 0.000436 0.015961
v 0.001298 0.000867 0.015846
v 0.001931 0.001290 0.015656
v 0.002546 0.001701 0.015391
v 0.003136 0.002095 0.015055
v 0.003696 0.002469 0.014652
v 0.004220 0.002820 0.014184
v 0.004704 0.003143 0.013657
v 0.005142 0.003436 0.013075
v 0.005531 0.003696 0.012445
v 0.005866 0.003920 0.011771
v 0.006145 0.004106 0.011061
v 0.006365 0.004253 0.010322
v 0.006524 0.004359 0.009561
v 0.006620 0.004423 0.008784
v 0.006652 0.004445 0.008000
v 0.006620 0.004423 0.007216
v 0.006524 0.004359 0.006439
v 0.006365 0.004253 0.005678
v 0.006145 0.004106 0.004939
v 0.005866 0.003920 0.004229
v 0.005531 0.003696 0.003555
v 0.005142 0.003436 0.002925
v 0.004704 0.003143 0.002343
v 0.004220 0.002820 0.001816
v 0.003696 0.002469 0.001348
v 0.003136 0.002095 0.000945
v 0.002546 0.001701 0.000609
v 0.001931 0.001290 0.000344
v 0.001298 0.000867 0.000154
v 0.000652 0.000436 0.000039
v 0.000692 0.000370 0.015961
v 0.001376 0.000736 0.015846
v 0.002048 0.001095 0.015656
v 0.002700 0.001443 0.015391
v 0.003326 0.001778 0.015055
v 0.003920 0.002095 0.014652
v 0.004476 0.002392 0.014184
v 0.004989 0.002667 0.013657
v 0.005454 0.002915 0.013075
v 0.005866 0.003136 0.012445
v 0.006222 0.003326 0.011771
v 0.006518 0.003484 0.011061
v 0.006752 0.003609 0.010322
v 0.006920 0.003699 0.009561
v 0.007021 0.003753 0.008784
v 0.007055 0.003771 0.008000
v 0.007021 0.003753 0.007216
v 0.006920 0.003699 0.006439
v 0.006752 0.003609 0.005678
v 0.006518 0.003484 0.004939
v 0.006222 0.003326 0.004229
v 0.005866 0.003136 0.003555
v 0.005454 0.002915 0.002925
v 0.004989 0.002667 0.002343
v 0.004476 0.002392 0.001816
v 0.003920 0.002095 0.001348
v 0.003326 0.001778 0.000945
v 0.002700 0.001443 0.000609
v 0.002048 0.001095 0.000344
v 0.001376 0.000736 0.000154
v 0.000692 0.000370 0.000039
v 0.000724 0.000300 0.015961
v 0.001442 0.000597 0.015846
v 0.002146 0.000889 0.015656
v 0.002828 0.001172 0.015391
v 0.003484 0.001443 0.015055
v 0.004106 0.001701 0.014652
v 0.004689 0.001942 0.014184
v 0.005226 0.002165 0.013657
v 0.005713 0.002367 0.013075
v 0.006145 0.002546 0.012445
v 0.006518 0.002700 0.011771
v 0.006828 0.002828 0.011061
v 0.007073 0.002930 0.010322
v 0.007249 0.003003 0.009561
v 0.007355 0.003047 0.008784
v 0.007391 0.003061 0.008000
v 0.007355 0.003047 0.007216
v 0.007249 0.003003 0.006439
v 0.007073 0.002930 0.005678
v 0.006828 0.002828 0.004939
v 0.006518 0.002700 0.004229
v 0.006145 0.002546 0.003555
v 0.005713 0.002367 0.002925
v 0.005226 0.002165 0.002343
v 0.004689 0.001942 0.001816
v 0.004106 0.001701 0.001348
v 0.003484 0.001443 0.000945
v 0.002828 0.001172 0.000609
v 0.002146 0.000889 0.000344
v 0.001442 0.000597 0.000154
v 0.000724 0.000300 0.000039
v 0.000750 0.000228 0.015961
v 0.001494 0.000453 0.015846
v 0.002222 0.000674 0.015656
v 0.002930 0.000889 0.015391
v 0.003609 0.001095 0.015055
v 0.004253 0.001290 0.014652
v 0.004857 0.001473 0.014184
v 0.005413 0.001642 0.013657
v 0.005918 0.001795 0.013075
v 0.006365 0.001931 0.012445
v 0.006752 0.002048 0.011771
v 0.007073 0.002146 0.011061
v 0.007326 0.002222 0.010322
v 0.007508 0.002278 0.009561
v 0.007619 0.002311 0.008784
v 0.007656 0.002322 0.008000
v 0.007619 0.002311 0.007216
v 0.007508 0.002278 0.006439
v 0.007326 0.002222 0.005678
v 0.007073 0.002146 0.004939
v 0.006752 0.002048 0.004229
v 0.006365 0.001931 0.003555
v 0.005918 0.001795 0.002925
v 0.005413 0.001642 0.002343
v 0.004857 0.001473 0.001816
v 0.004253 0.001290 0.001348
v 0.003609 0.001095 0.000945
v 0.002930 0.000889 0.000609
v 0.002222 0.000674 0.000344
v 0.001494 0.000453 0.000154
v 0.000750 0.000228 0.000039
v 0.000769 0.000153 0.015961
v 0.001531 0.000304 0.015846
v 0.002278 0.000453 0.015656
v 0.003003 0.000597 0.015391
v 0.003699 0.000736 0.015055
v 0.004359 0.000867 0.014652
v 0.004978 0.000990 0.014184
v 0.005548 0.001104 0.013657
v 0.006065 0.001206 0.013075
v 0.006524 0.001298 0.012445
v 0.006920 0.001376 0.011771
v 0.007249 0.001442 0.011061
v 0.007508 0.001494 0.010322
v 0.007696 0.001531 0.009561
v 0.007808 0.001553 0.008784
v 0.007846 0.001561 0.008000
v 0.007808 0.001553 0.007216
v 0.007696 0.001531 0.006439
v 0.007508 0.001494 0.005678
v 0.007249 0.001442 0.004939
v 0.006920 0.001376 0.004229
v 0.006524 0.001298 0.003555
v 0.006065 0.001206 0.002925
v 0.005548 0.001104 0.002343
v 0.004978 0.000990 0.001816
v 0.004359 0.000867 0.001348
v 0.003699 0.000736 0.000945
v 0.003003 0.000597 0.000609
v 0.002278 0.000453 0.000344
v 0.001531 0.000304 0.000154
v 0.000769 0.000153 0.000039
v 0.000780 0.000077 0.015961
v 0.001553 0.000153 0.015846
v 0.002311 0.000228 0.015656
v 0.003047 0.000300 0.015391
v 0.003753 0.000370 0.015055
v 0.004423 0.000436 0.014652
v 0.005051 0.000497 0.014184
v 0.005630 0.000554 0.013657
v 0.006154 0.000606 0.013075
v 0.006620 0.000652 0.012445
v 0.007021 0.000692 0.011771
v 0.007355 0.000724 0.011061
v 0.007619 0.000750 0.010322
v 0.007808 0.000769 0.009561
v 0.007923 0.000780 0.008784
v 0.007961 0.000784 0.008000
v 0.007923 0.000780 0.007216
v 0.007808 0.000769 0.006439
v 0.007619 0.000750 0.005678
v 0.007355 0.000724 0.004939
v 0.007021 0.000692 0.004229
v 0.006620 0.000652 0.003555
v 0.006154 0.000606 0.002925
v 0.005630 0.000554 0.002343
v 0.005051 0.000497 0.001816
v 0.004423 0.000436 0.001348
v 0.003753 0.000370 0.000945
v 0.003047 0.000300 0.000609
v 0.002311 0.000228 0.000344
v 0.001553 0.000153 0.000154
v 0.000780 0.000077 0.000039
v 0.000784 0.000000 0.015961
v 0.001561 -0.000000 0.015846
v 0.002322 0.000000 0.015656
v 0.003061 -0.000000 0.015391
v 0.003771 -0.000000 0.015055
v 0.004445 -0.000000 0.014652
v 0.005075 0.000000 0.014184
v 0.005657 0.000000 0.013657
v 0.006184 -0.000000 0.013075
v 0.006652 0.000000 0.012445
v 0.007055 -0.000000 0.011771
v 0.007391 0.000000 0.011061
v 0.007656 -0.000000 0.010322
v 0.007846 0.000000 0.009561
v 0.007961 -0.000000 0.008784
v 0.008000 -0.000000 0.008000
v 0.007961 -0.000000 0.007216
v 0.007846 0.000000 0.006439
v 0.007656 -0.000000 0.005678
v 0.007391 0.000000 0.004939
v 0.007055 -0.000000 0.004229
v 0.006652 0.000000 0.003555
v 0.006184 -0.000000 0.002925
v 0.005657 0.000000 0.002343
v 0.005075 0.000000 0.001816
v 0.004445 -0.000000 0.001348
v 0.003771 -0.000000 0.000945
v 0.003061 -0.000000 0.000609
v 0.002322 0.000000 0.000344
v 0.001561 -0.000000 0.000154
v 0.000784 0.000000 0.000039
v 0.000780 -0.000077 0.015961
v 0.001553 -0.000153 0.015846
v 0.002311 -0.000228 0.015656
v 0.003047 -0.000300 0.015391
v 0.003753 -0.000370 0.015055
v 0.004423 -0.000436 0.014652
v 0.005051 -0.000497 0.014184
v 0.005630 -0.000554 0.013657
v 0.006154 -0.000606 0.013075
v 0.006620 -0.000652 0.012445
v 0.007021 -0.000692 0.011771
v 0.007355 -0.000724 0.011061
v 0.007619 -0.000750 0.010322
v 0.007808 -0.000769 0.009561
v 0.007923 -0.000780 0.008784
v 0.007961 -0.000784 0.008000
v 0.007923 -0.000780 0.007216
v 0.007808 -0.000769 0.006439
v 0.007619 -0.000750 0.005678
v 0.007355 -0.000724 0.004939
v 0.007021 -0.000692 0.004229
v 0.006620 -0.000652 0.003555
v 0.006154 -0.000606 0.002925
v 0.005630 -0.000554 0.002343
v 0.005051 -0.000497 0.001816
v 0.004423 -0.000436 0.001348
v 0.003753 -0.000370 0.000945
v 0.003047 -0.000300 0.000609
v 0.002311 -0.000228 0.000344
v 0.001553 -0.000153 0.000154
v 0.000780 -0.000077 0.000039
v 0.000769 -0.000153 0.015961
v 0.001531 -0.000304 0.015846
v 0.002278 -0.000453 0.015656
v 0.003003 -0.000597 0.015391
v 0.003699 -0.000736 0.015055
v 0.004359 -0.000867 0.014652
v 0.004978 -0.000990 0.014184
v 0.005548 -0.001104 0.013657
v 0.006065 -0.001206 0.013075
v 0.006524 -0.001298 0.012445
v 0.006920 -0.001376 0.011771
v 0.007249 -0.001442 0.011061
v 0.007508 -0.001494 0.010322
v 0.007696 -0.001531 0.009561
v 0.007808 -0.001553 0.008784
v 0.007846 -0.001561 0.008000
v 0.007808 -0.001553 0.007216
v 0.007696 -0.001531 0.006439
v 0.007508 -0.001494 0.005678
v 0.007249 -0.001442 0.004939
v 0.006920 -0.001376 0.004229
v 0.006524 -0.001298 0.003555
v 0.006065 -0.001206 0.002925
v 0.005548 -0.001104 0.002343
v 0.004978 -0.000990 0.001816
v 0.004359 -0.000867 0.001348
v 0.003699 -0.000736 0.000945
v 0.003003 -0.000597 0.000609
v 0.002278 -0.000453 0.000344
v 0.001531 -0.000304 0.000154
v 0.000769 -0.000153 0.000039
v 0.000750 -0.000228 0.015961
v 0.001494 -0.000453 0.015846
v 0.002222 -0.000674 0.015656
v 0.002930 -0.000889 0.015391
v 0.003609 -0.001095 0.015055
v 0.004253 -0.001290 0.014652
v 0.004857 -0.001473 0.014184
v 0.005413 -0.001642 0.013657
v 0.005918 -0.001795 0.013075
v 0.006365 -0.001931 0.012445
v 0.006752 -0.002048 0.011771
v 0.007073 -0.002146 0.011061
v 0.007326 -0.002222 0.010322
v 0.007508 -0.002278 0.009561
v 0.007619 -0.002311 0.008784
v 0.007656 -0.002322 0.008000
v 0.007619 -0.002311 0.007216
v 0.007508 -0.002278 0.006439
v 0.007326 -0.002222 0.005678
v 0.007073 -0.002146 0.004939
v 0.006752 -0.002048 0.004229
v 0.006365 -0.001931 0.003555
v 0.005918 -0.001795 0.002925
v 0.005413 -0.001642 0.002343
v 0.004857 -0.001473 0.001816
v 0.004253 -0.001290 0.001348
v 0.003609 -0.001095 0.000945
v 0.002930 -0.000889 0.000609
v 0.002222 -0.000674 0.000344
v 0.001494 -0.000453 0.000154
v 0.000750 -0.000228 0.000039
v 0.000724 -0.000300 0.015961
v 0.001442 -0.000597 0.015846
v 0.002146 -0.000889 0.015656
v 0.002828 -0.001172 0.015391
v 0.003484 -0.001443 0.015055
v 0.004106 -0.001701 0.014652
v 0.004689 -0.001942 0.014184
v 0.005226 -0.002165 0.013657
v 0.005713 -0.002367 0.013075
v 0.006145 -0.002546 0.012445
v 0.006518 -0.002700 0.011771
v 0.006828 -0.002828 0.011061
v 0.007073 -0.002930 0.010322
v 0.007249 -0.003003 0.009561
v 0.007355 -0.003047 0.008784
v 0.007391 -0.003061 0.008000
v 0.007355 -0.003047 0.007216
v 0.007249 -0.003003 0.006439
v 0.007073 -0.002930 0.005678
v 0.006828 -0.002828 0.004939
v 0.006518 -0.002700 0.004229
v 0.006145 -0.002546 0.003555
v 0.005713 -0.002367 0.002925
v 0.005226 -0.002165 0.002343
v 0.004689 -0.001942 0.001816
v 0.004106 -0.001701 0.001348
v 0.003484 -0.001443 0.000945
v 0.002828 -0.001172 0.000609
v 0.002146 -0.000889 0.000344
v 0.001442 -0.000597 0.000154
v 0.000724 -0.000300 0.000039
v 0.000692 -0.000370 0.015961
v 0.001376 -0.000736 0.015846
v 0.002048 -0.001095 0.015656
v 0.002700 -0.001443 0.015391
v 0.003326 -0.001778 0.015055
v 0.003920 -0.002095 0.014652
v 0.004476 -0.002392 0.014184
v 0.004989 -0.002667 0.013657
v 0.005454 -0.002915 0.013075
v 0.005866 -0.003136 0.012445
v 0.006222 -0.003326 0.011771
v 0.006518 -0.003484 0.011061
v 0.006752 -0.003609 0.010322
v 0.006920 -0.003699 0.009561
v 0.007021 -0.003753 0.008784
v 0.007055 -0.003771 0.008000
v 0.007021 -0.003753 0.007216
v 0.006920 -0.003699 0.006439
v 0.006752 -0.003609 0.005678
v 0.006518 -0.003484 0.004939
v 0.006222 -0.003326 0.004229
v 0.005866 -0.003136 0.003555
v 0.005454 -0.002915 0.002925
v 0.004989 -0.002667 0.002343
v 0.004476 -0.002392 0.001816
v 0.003920 -0.002095 0.001348
v 0.003326 -0.001778 0.000945
v 0.002700 -0.001443 0.000609
v 0.002048 -0.001095 0.000344
v 0.001376 -0.000736 0.000154
v 0.000692 -0.000370 0.000039
v 0.000652 -0.000436 0.015961
v 0.001298 -0.000867 0.015846
v 0.001931 -0.001290 0.015656
v 0.002546 -0.001701 0.015391
v 0.003136 -0.002095 0.015055
v 0.003696 -0.002469 0.014652
v 0.004220 -0.002820 0.014184
v 0.004704 -0.003143 0.013657
v 0.005142 -0.003436 0.013075
v 0.005531 -0.003696 0.012445
v 0.005866 -0.003920 0.011771
v 0.006145 -0.004106 0.011061
v 0.006365 -0.004253 0.010322
v 0.006524 -0.004359 0.009561
v 0.006620 -0.004423 0.008784
v 0.006652 -0.004445 0.008000
v 0.006620 -0.004423 0.007216
v 0.006524 -0.004359 0.006439
v 0.006365 -0.004253 0.005678
v 0.006145 -0.004106 0.004939
v 0.005866 -0.003920 0.004229
v 0.005531 -0.003696 0.003555
v 0.005142 -0.003436 0.002925
v 0.004704 -0.003143 0.002343
v 0.004220 -0.002820 0.001816
v 0.003696 -0.002469 0.001348
v 0.003136 -0.002095 0.000945
v 0.002546 -0.001701 0.000609
v 0.001931 -0.001290 0.000344
v 0.001298 -0.000867 0.000154
v 0.000652 -0.000436 0.000039
v 0.000606 -0.000497 0.015961
v 0.001206 -0.000990 0.015846
v 0.001795 -0.001473 0.015656
v 0.002367 -0.001942 0.015391
v 0.002915 -0.002392 0.015055
v 0.003436 -0.002820 0.014652
v 0.003923 -0.003220 0.014184
v 0.004373 -0.003589 0.013657
v 0.004780 -0.003923 0.013075
v 0.005142 -0.004220 0.012445
v 0.005454 -0.004476 0.011771
v 0.005713 -0.004689 0.011061
v 0.005918 -0.004857 0.010322
v 0.006065 -0.004978 0.009561
v 0.006154 -0.005051 0.008784
v 0.006184 -0.005075 0.008000
v 0.006154 -0.005051 0.007216
v 0.006065 -0.004978 0.006439
v 0.005918 -0.004857 0.005678
v 0.005713 -0.004689 0.004939
v 0.005454 -0.004476 0.004229
v 0.005142 -0.004220 0.003555
v 0.004780 -0.003923 0.002925
v 0.004373 -0.003589 0.002343
v 0.003923 -0.003220 0.001816
v 0.003436 -0.002820 0.001348
v 0.002915 -0.002392 0.000945
v 0.002367 -0.001942 0.000609
v 0.001795 -0.001473 0.000344
v 0.001206 -0.000990 0.000154
v 0.000606 -0.000497 0.000039
v 0.000554 -0.000554 0.015961
v 0.001104 -0.001104 0.015846
v 0.001642 -0.001642 0.015656
v 0.002165 -0.002165 0.015391
v 0.002667 -0.002667 0.015055
v 0.003143 -0.003143 0.014652
v 0.003589 -0.003589 0.014184
v 0.004000 -0.004000 0.013657
v 0.004373 -0.004373 0.013075
v 0.004704 -0.004704 0.012445
v 0.004989 -0.004989 0.011771
v 0.005226 -0.005226 0.011061
v 0.005413 -0.005413 0.010322
v 0.005548 -0.005548 0.009561
v 0.005630 -0.005630 0.008784
v 0.005657 -0.005657 0.008000
v 0.005630 -0.005630 0.007216
v 0.005548 -0.005548 0.006439
v 0.005413 -0.005413 0.005678
v 0.005226 -0.005226 0.004939
v 0.004989 -0.004989 0.004229
v 0.004704 -0.004704 0.003555
v 0.004373 -0.004373 0.002925
v 0.004000 -0.004000 0.002343
v 0.003589 -0.003589 0.001816
v 0.003143 -0.003143 0.001348
v 0.002667 -0.002667 0.000945
v 0.002165 -0.002165 0.000609
v 0.001642 -0.001642 0.000344
v 0.001104 -0.001104 0.000154
v 0.000554 -0.000554 0.000039
v 0.000497 -0.000606 0.015961
v 0.000990 -0.001206 0.015846
v 0.001473 -0.001795 0.015656
v 0.001942 -0.002367 0.015391
v 0.002392 -0.002915 0.015055
v 0.002820 -0.003436 0.014652
v 0.003220 -0.003923 0.014184
v 0.003589 -0.004373 0.013657
v 0.003923 -0.004780 0.013075
v 0.004220 -0.005142 0.012445
v 0.004476 -0.005454 0.011771
v 0.004689 -0.005713 0.011061
v 0.004857 -0.005918 0.010322
v 0.004978 -0.006065 0.009561
v 0.005051 -0.006154 0.008784
v 0.005075 -0.006184 0.008000
v 0.005051 -0.006154 0.007216
v 0.004978 -0.006065 0.006439
v 0.004857 -0.005918 0.005678
v 0.004689 -0.005713 0.004939
v 0.004476 -0.005454 0.004229
v 0.004220 -0.005142 0.003555
v 0.003923 -0.004780 0.002925
v 0.003589 -0.004373 0.002343
v 0.003220 -0.003923 0.001816
v 0.002820 -0.003436 0.001348
v 0.002392 -0.002915 0.000945
v 0.001942 -0.002367 0.000609
v 0.001473 -0.001795 0.000344
v 0.000990 -0.001206 0.000154
v 0.000497 -0.000606 0.000039
v 0.000436 -0.000652 0.015961
v 0.000867 -0.001298 0.015846
v 0.001290 -0.001931 0.015656
v 0.001701 -0.002546 0.015391
v 0.002095 -0.003136 0.015055
v 0.002469 -0.003696 0.014652
v 0.002820 -0.004220 0.014184
v 0.003143 -0.004704 0.013657
v 0.003436 -0.005142 0.013075
v 0.003696 -0.005531 0.012445
v 0.003920 -0.005866 0.011771
v 0.004106 -0.006145 0.011061
v 0.004253 -0.006365 0.010322
v 0.004359 -0.006524 0.009561
v 0.004423 -0.006620 0.008784
v 0.004445 -0.006652 0.008000
v 0.004423 -0.006620 0.007216
v 0.004359 -0.006524 0.006439
v 0.004253 -0.006365 0.005678
v 0.004106 -0.006145 0.004939
v 0.003920 -0.005866 0.004229
v 0.003696 -0.005531 0.003555
v 0.003436 -0.005142 0.002925
v 0.003143 -0.004704 0.002343
v 0.002820 -0.004220 0.001816
v 0.002469 -0.003696 0.001348
v 0.002095 -0.003136 0.000945
v 0.001701 -0.002546 0.000609
v 0.001290 -0.001931 0.000344
v 0.000867 -0.001298 0.000154
v 0.000436 -0.000652 0.000039
v 0.000370 -0.000692 0.015961
v 0.000736 -0.001376 0.015846
v 0.001095 -0.002048 0.015656
v 0.001443 -0.002700 0.015391
v 0.001778 -0.003326 0.015055
v 0.002095 -0.003920 0.014652
v 0.002392 -0.004476 0.014184
v 0.002667 -0.004989 0.013657
v 0.002915 -0.005454 0.013075
v 0.003136 -0.005866 0.012445
v 0.003326 -0.006222 0.011771
v 0.003484 -0.006518 0.011061
v 0.003609 -0.006752 0.010322
v 0.003699 -0.006920 0.009561
v 0.003753 -0.007021 0.008784
v 0.003771 -0.007055 0.008000
v 0.003753 -0.007021 0.007216
v 0.003699 -0.006920 0.006439
v 0.003609 -0.006752 0.005678
v 0.003484 -0.006518 0.004939
v 0.003326 -0.006222 0.004229
v 0.003136 -0.005866 0.003555
v 0.002915 -0.005454 0.002925
v 0.002667 -0.004989 0.002343
v 0.002392 -0.004476 0.001816
v 0.002095 -0.003920 0.001348
v 0.001778 -0.003326 0.000945
v 0.001443 -0.002700 0.000609
v 0.001095 -0.002048 0.000344
v 0.000736 -0.001376 0.000154
v 0.000370 -0.000692 0.000039
v 0.000300 -0.000724 0.015961
v 0.000597 -0.001442 0.015846
v 0.000889 -0.002146 0.015656
v 0.001172 -0.002828 0.015391
v 0.001443 -0.003484 0.015055
v 0.001701 -0.004106 0.014652
v 0.001942 -0.004689 0.014184
v 0.002165 -0.005226 0.013657
v 0.002367 -0.005713 0.013075
v 0.002546 -0.006145 0.012445
v 0.002700 -0.006518 0.011771
v 0.002828 -0.006828 0.011061
v 0.002930 -0.007073 0.010322
v 0.003003 -0.007249 0.009561
v 0.003047 -0.007355 0.008784
v 0.003061 -0.007391 0.008000
v 0.003047 -0.007355 0.007216
v 0.003003 -0.007249 0.006439
v 0.002930 -0.007073 0.005678
v 0.002828 -0.006828 0.004939
v 0.002700 -0.006518 0.004229
v 0.002546 -0.006145 0.003555
v 0.002367 -0.005713 0.002925
v 0.002165 -0.005226 0.002343
v 0.001942 -0.004689 0.001816
v 0.001701 -0.004106 0.001348
v 0.001443 -0.003484 0.000945
v 0.001172 -0.002828 0.000609
v 0.000889 -0.002146 0.000344
v 0.000597 -0.001442 0.000154
v 0.000300 -0.000724 0.000039
v 0.000228 -0.000750 0.015961
v 0.000453 -0.001494 0.015846
v 0.000674 -0.002222 0.015656
v 0.000889 -0.002930 0.015391
v 0.001095 -0.003609 0.015055
v 0.001290 -0.004253 0.014652
v 0.001473 -0.004857 0.014184
v 0.001642 -0.005413 0.013657
v 0.001795 -0.005918 0.013075
v 0.001931 -0.006365 0.012445
v 0.002048 -0.006752 0.011771
v 0.002146 -0.007073 0.011061
v 0.002222 -0.007326 0.010322
v 0.002278 -0.007508 0.009561
v 0.002311 -0.007619 0.008784
v 0.002322 -0.007656 0.008000
v 0.002311 -0.007619 0.007216
v 0.002278 -0.007508 0.006439
v 0.002222 -0.007326 0.005678
v 0.002146 -0.007073 0.004939
v 0.002048 -0.006752 0.004229
v 0.001931 -0.006365 0.003555
v 0.001795 -0.005918 0.002925
v 0.001642 -0.005413 0.002343
v 0.001473 -0.004857 0.001816
v 0.001290 -0.004253 0.001348
v 0.001095 -0.003609 0.000945
v 0.000889 -0.002930 0.000609
v 0.000674 -0.002222 0.000344
v 0.000453 -0.001494 0.000154
v 0.000228 -0.000750 0.000039
v 0.000153 -0.000769 0.015961
v 0.000304 -0.001531 0.015846
v 0.000453 -0.002278 0.015656
v 0.000597 -0.003003 0.015391
v 0.000736 -0.003699 0.015055
v 0.000867 -0.004359 0.014652
v 0.000990 -0.004978 0.014184
v 0.001104 -0.005548 0.013657
v 0.001206 -0.006065 0.013075
v 0.001298 -0.006524 0.012445
v 0.001376 -0.006920 0.011771
v 0.001442 -0.007249 0.011061
v 0.001494 -0.007508 0.010322
v 0.001531 -0.007696 0.009561
v 0.001553 -0.007808 0.008784
v 0.001561 -0.007846 0.008000
v 0.001553 -0.007808 0.007216
v 0.001531 -0.007696 0.006439
v 0.001494 -0.007508 0.005678
v 0.001442 -0.007249 0.004939
v 0.001376 -0.006920 0.004229
v 0.001298 -0.006524 0.003555
v 0.001206 -0.006065 0.002925
v 0.001104 -0.005548 0.002343
v 0.000990 -0.004978 0.001816
v 0.000867 -0.004359 0.001348
v 0.000736 -0.003699 0.000945
v 0.000597 -0.003003 0.000609
v 0.000453 -0.002278 0.000344
v 0.000304 -0.001531 0.000154
v 0.000153 -0.000769 0.000039
v 0.000077 -0.000780 0.015961
v 0.000153 -0.001553 0.015846
v 0.000228 -0.002311 0.015656
v 0.000300 -0.003047 0.015391
v 0.000370 -0.003753 0.015055
v 0.000436 -0.004423 0.014652
v 0.000497 -0.005051 0.014184
v 0.000554 -0.005630 0.013657
v 0.000606 -0.006154 0.013075
v 0.000652 -0.006620 0.012445
v 0.000692 -0.007021 0.011771
v 0.000724 -0.007355 0.011061
v 0.000750 -0.007619 0.010322
v 0.000769 -0.007808 0.009561
v 0.000780 -0.007923 0.008784
v 0.000784 -0.007961 0.008000
v 0.000780 -0.007923 0.007216
v 0.000769 -0.007808 0.006439
v 0.000750 -0.007619 0.005678
v 0.000724 -0.007355 0.004939
v 0.000692 -0.007021 0.004229
v 0.000652 -0.006620 0.003555
v 0.000606 -0.006154 0.002925
v 0.000554 -0.005630 0.002343
v 0.000497 -0.005051 0.001816
v 0.000436 -0.004423 0.001348
v 0.000370 -0.003753 0.000945
v 0.000300 -0.003047 0.000609
v 0.000228 -0.002311 0.000344
v 0.000153 -0.001553 0.000154
v 0.000077 -0.000780 0.000039
v 0.000000 -0.000784 0.015961
v -0.000000 -0.001561 0.015846
v 0.000000 -0.002322 0.015656
v -0.000000 -0.003061 0.015391
v -0.000000 -0.003771 0.015055
v 0.000000 -0.004445 0.014652
v 0.000000 -0.005075 0.014184
v -0.000000 -0.005657 0.013657
v -0.000000 -0.006184 0.013075
v 0.000000 -0.006652 0.012445
v -0.000000 -0.007055 0.011771
v -0.000000 -0.007391 0.011061
v -0.000000 -0.007656 0.010322
v -0.000000 -0.007846 0.009561
v -0.000000 -0.007961 0.008784
v -0.000000 -0.008000 0.008000
v -0.000000 -0.007961 0.007216
v -0.000000 -0.007846 0.006439
v -0.000000 -0.007656 0.005678
v -0.000000 -0.007391 0.004939
v -0.000000 -0.007055 0.004229
v 0.000000 -0.006652 0.003555
v -0.000000 -0.006184 0.002925
v -0.000000 -0.005657 0.002343
v 0.000000 -0.005075 0.001816
v 0.000000 -0.004445 0.001348
v -0.000000 -0.003771 0.000945
v -0.000000 -0.003061 0.000609
v 0.000000 -0.002322 0.000344
v -0.000000 -0.001561 0.000154
v 0.000000 -0.000784 0.000039
v -0.000077 -0.000780 0.015961
v -0.000153 -0.001553 0.015846
v -0.000228 -0.002311 0.015656
v -0.000300 -0.003047 0.015391
v -0.000370 -0.003753 0.015055
v -0.000436 -0.004423 0.014652
v -0.000497 -0.005051 0.014184
v -0.000554 -0.005630 0.013657
v -0.000606 -0.006154 0.013075
v -0.000652 -0.006620 0.012445
v -0.000692 -0.007021 0.011771
v -0.000724 -0.007355 0.011061
v -0.000750 -0.007619 0.010322
v -0.000769 -0.007808 0.009561
v -0.000780 -0.007923 0.008784
v -0.000784 -0.007961 0.008000
v -0.000780 -0.007923 0.007216
v -0.000769 -0.007808 0.006439
v -0.000750 -0.007619 0.005678
v -0.000724 -0.007355 0.004939
v -0.000692 -0.007021 0.004229
v -0.000652 -0.006620 0.003555
v -0.000606 -0.006154 0.002925
v -0.000554 -0.005630 0.002343
v -0.000497 -0.005051 0.001816
v -0.000436 -0.004423 0.001348
v -0.000370 -0.003753 0.000945
v -0.000300 -0.003047 0.000609
v -0.000228 -0.002311 0.000344
v -0.000153 -0.001553 0.000154
v -0.000077 -0.000780 0.000039
v -0.000153 -0.000769 0.015961
v -0.000304 -0.001531 0.015846
v -0.000453 -0.002278 0.015656
v -0.000597 -0.003003 0.015391
v -0.000736 -0.003699 0.015055
v -0.000867 -0.004359 0.014652
v -0.000990 -0.004978 0.014184
v -0.001104 -0.005548 0.013657
v -0.001206 -0.006065 0.013075
v -0.001298 -0.006524 0.012445
v -0.001376 -0.006920 0.011771
v -0.001442 -0.007249 0.011061
v -0.001494 -0.007508 0.010322
v -0.001531 -0.007696 0.009561
v -0.001553 -0.007808 0.008784
v -0.001561 -0.007846 0.008000
v -0.001553 -0.007808 0.007216
v -0.001531 -0.007696 0.006439
v -0.001494 -0.007508 0.005678
v -0.001442 -0.007249 0.004939
v -0.001376 -0.006920 0.004229
v -0.001298 -0.006524 0.003555
v -0.001206 -0.006065 0.002925
v -0.001104 -0.005548 0.002343
v -0.000990 -0.004978 0.001816
v -0.000867 -0.004359 0.001348
v -0.000736 -0.003699 0.000945
v -0.000597 -0.003003 0.000609
v -0.000453 -0.002278 0.000344
v -0.000304 -0.001531 0.000154
v -0.000153 -0.000769 0.000039
v -0.000228 -0.000750 0.015961
v -0.000453 -0.001494 0.015846
v -0.000674 -0.002222 0.015656
v -0.000889 -0.002930 0.015391
v -0.001095 -0.003609 0.015055
v -0.001290 -0.004253 0.014652
v -0.001473 -0.004857 0.014184
v -0.001642 -0.005413 0.013657
v -0.001795 -0.005918 0.013075
v -0.001931 -0.006365 0.012445
v -0.002048 -0.006752 0.011771
v -0.002146 -0.007073 0.011061
v -0.002222 -0.007326 0.010322
v -0.002278 -0.007508 0.009561
v -0.002311 -0.007619 0.008784
v -0.002322 -0.007656 0.008000
v -0.002311 -0.007619 0.007216
v -0.002278 -0.007508 0.006439
v -0.002222 -0.007326 0.005678
v -0.002146 -0.007073 0.004939
v -0.002048 -0.006752 0.004229
v -0.001931 -0.006365 0.003555
v -0.001795 -0.005918 0.002925
v -0.001642 -0.005413 0.002343
v -0.001473 -0.004857 0.001816
v -0.001290 -0.004253 0.001348
v -0.001095 -0.003609 0.000945
v -0.000889 -0.002930 0.000609
v -0.000674 -0.002222 0.000344
v -0.000453 -0.001494 0.000154
v -0.000228 -0.000750 0.000039
v -0.000300 -0.000724 0.015961
v -0.000597 -0.001442 0.015846
v -0.000889 -0.002146 0.015656
v -0.001172 -0.002828 0.015391
v -0.001443 -0.003484 0.015055
v -0.001701 -0.004106 0.014652
v -0.001942 -0.004689 0.014184
v -0.002165 -0.005226 0.013657
v -0.002367 -0.005713 0.013075
v -0.002546 -0.006145 0.012445
v -0.002700 -0.006518 0.011771
v -0.002828 -0.006828 0.011061
v -0.002930 -0.007073 0.010322
v -0.003003 -0.007249 0.009561
v -0.003047 -0.007355 0.008784
v -0.003061 -0.007391 0.008000
v -0.003047 -0.007355 0.007216
v -0.003003 -0.007249 0.006439
v -0.002930 -0.007073 0.005678
v -0.002828 -0.006828 0.004939
v -0.002700 -0.006518 0.004229
v -0.002546 -0.006145 0.003555
v -0.002367 -0.005713 0.002925
v -0.002165 -0.005226 0.002343
v -0.001942 -0.004689 0.001816
v -0.001701 -0.004106 0.001348
v -0.001443 -0.003484 0.000945
v -0.001172 -0.002828 0.000609
v -0.000889 -0.002146 0.000344
v -0.000597 -0.001442 0.000154
v -0.000300 -0.000724 0.000039
v -0.000370 -0.000692 0.015961
v -0.000736 -0.001376 0.015846
v -0.001095 -0.002048 0.015656
v -0.001443 -0.002700 0.015391
v -0.001778 -0.003326 0.015055
v -0.002095 -0.003920 0.014652
v -0.002392 -0.004476 0.014184
v -0.002667 -0.004989 0.013657
v -0.002915 -0.005454 0.013075
v -0.003136 -0.005866 0.012445
v -0.003326 -0.006222 0.011771
v -0.003484 -0.006518 0.011061
v -0.003609 -0.006752 0.010322
v -0.003699 -0.006920 0.009561
v -0.003753 -0.007021 0.008784
v -0.003771 -0.007055 0.008000
v -0.003753 -0.007021 0.007216
v -0.003699 -0.006920 0.006439
v -0.003609 -0.006752 0.005678
v -0.003484 -0.006518 0.004939
v -0.003326 -0.006222 0.004229
v -0.003136 -0.005866 0.003555
v -0.002915 -0.005454 0.002925
v -0.002667 -0.004989 0.002343
v -0.002392 -0.004476 0.001816
v -0.002095 -0.003920 0.001348
v -0.001778 -0.003326 0.000945
v -0.001443 -0.002700 0.000609
v -0.001095 -0.002048 0.000344
v -0.000736 -0.001376 0.000154
v -0.000370 -0.000692 0.000039
v -0.000436 -0.000652 0.015961
v -0.000867 -0.001298 0.015846
v -0.001290 -0.001931 0.015656
v -0.001701 -0.002546 0.015391
v -0.002095 -0.003136 0.015055
v -0.002469 -0.003696 0.014652
v -0.002820 -0.004220 0.014184
v -0.003143 -0.004704 0.013657
v -0.003436 -0.005142 0.013075
v -0.003696 -0.005531 0.012445
v -0.003920 -0.005866 0.011771
v -0.004106 -0.006145 0.011061
v -0.004253 -0.006365 0.010322
v -0.004359 -0.006524 0.009561
v -0.004423 -0.006620 0.008784
v -0.004445 -0.006652 0.008000
v -0.004423 -0.006620 0.007216
v -0.004359 -0.006524 0.006439
v -0.004253 -0.006365 0.005678
v -0.004106 -0.006145 0.004939
v -0.003920 -0.005866 0.004229
v -0.003696 -0.005531 0.003555
v -0.003436 -0.005142 0.002925
v -0.003143 -0.004704 0.002343
v -0.002820 -0.004220 0.001816
v -0.002469 -0.003696 0.001348
v -0.002095 -0.003136 0.000945
v -0.001701 -0.002546 0.000609
v -0.001290 -0.001931 0.000344
v -0.000867 -0.001298 0.000154
v -0.000436 -0.000652 0.000039
v -0.000497 -0.000606 0.015961
v -0.000990 -0.001206 0.015846
v -0.001473 -0.001795 0.015656
v -0.001942 -0.002367 0.015391
v -0.002392 -0.002915 0.015055
v -0.002820 -0.003436 0.014652
v -0.003220 -0.003923 0.014184
v -0.003589 -0.004373 0.013657
v -0.003923 -0.004780 0.013075
v -0.004220 -0.005142 0.012445
v -0.004476 -0.005454 0.011771
v -0.004689 -0.005713 0.011061
v -0.004857 -0.005918 0.010322
v -0.004978 -0.006065 0.009561
v -0.005051 -0.006154 0.008784
v -0.005075 -0.006184 0.008000
v -0.005051 -0.006154 0.007216
v -0.004978 -0.006065 0.006439
v -0.004857 -0.005918 0.005678
v -0.004689 -0.005713 0.004939
v -0.004476 -0.005454 0.004229
v -0.004220 -0.005142 0.003555
v -0.003923 -0.004780 0.002925
v -0.003589 -0.004373 0.002343
v -0.003220 -0.003923 0.001816
v -0.002820 -0.003436 0.001348
v -0.002392 -0.002915 0.000945
v -0.001942 -0.002367 0.000609
v -0.001473 -0.001795 0.000344
v -0.000990 -0.001206 0.000154
v -0.000497 -0.000606 0.000039
v -0.000554 -0.000554 0.015961
v -0.001104 -0.001104 0.015846
v -0.001642 -0.001642 0.015656
v -0.002165 -0.002165 0.015391
v -0.002667 -0.002667 0.015055
v -0.003143 -0.003143 0.014652
v -0.003589 -0.003589 0.014184
v -0.004000 -0.004000 0.013657
v -0.004373 -0.004373 0.013075
v -0.004704 -0.004704 0.012445
v -0.004989 -0.004989 0.011771
v -0.005226 -0.005226 0.011061
v -0.005413 -0.005413 0.010322
v -0.005548 -0.005548 0.009561
v -0.005630 -0.005630 0.008784
v -0.005657 -0.005657 0.008000
v -0.005630 -0.005630 0.007216
v -0.005548 -0.005548 0.006439
v -0.005413 -0.005413 0.005678
v -0.005226 -0.005226 0.004939
v -0.004989 -0.004989 0.004229
v -0.004704 -0.004704 0.003555
v -0.004373 -0.004373 0.002925
v -0.004000 -0.004000 0.002343
v -0.003589 -0.003589 0.001816
v -0.003143 -0.003143 0.001348
v -0.002667 -0.002667 0.000945
v -0.002165 -0.002165 0.000609
v -0.001642 -0.001642 0.000344
v -0.001104 -0.001104 0.000154
v -0.000554 -0.000554 0.000039
v -0.000606 -0.000497 0.015961
v -0.001206 -0.000990 0.015846
v -0.001795 -0.001473 0.015656
v -0.002367 -0.001942 0.015391
v -0.002915 -0.002392 0.015055
v -0.003436 -0.002820 0.014652
v -0.003923 -0.003220 0.014184
v -0.004373 -0.003589 0.013657
v -0.004780 -0.003923 0.013075
v -0.005142 -0.004220 0.012445
v -0.005454 -0.004476 0.011771
v -0.005713 -0.004689 0.011061
v -0.005918 -0.004857 0.010322
v -0.006065 -0.004978 0.009561
v -0.006154 -0.005051 0.008784
v -0.006184 -0.005075 0.008000
v -0.006154 -0.005051 0.007216
v -0.006065 -0.004978 0.006439
v -0.005918 -0.004857 0.005678
v -0.005713 -0.004689 0.004939
v -0.005454 -0.004476 0.004229
v -0.005142 -0.004220 0.003555
v -0.004780 -0.003923 0.002925
v -0.004373 -0.003589 0.002343
v -0.003923 -0.003220 0.001816
v -0.003436 -0.002820 0.001348
v -0.002915 -0.002392 0.000945
v -0.002367 -0.001942 0.000609
v -0.001795 -0.001473 0.000344
v -0.001206 -0.000990 0.000154
v -0.000606 -0.000497 0.000039
v -0.000652 -0.000436 0.015961
v -0.001298 -0.000867 0.015846
v -0.001931 -0.001290 0.015656
v -0.002546 -0.001701 0.015391
v -0.003136 -0.002095 0.015055
v -0.003696 -0.002469 0.014652
v -0.004220 -0.002820 0.014184
v -0.004704 -0.003143 0.013657
v -0.005142 -0.003436 0.013075
v -0.005531 -0.003696 0.012445
v -0.005866 -0.003920 0.011771
v -0.006145 -0.004106 0.011061
v -0.006365 -0.004253 0.010322
v -0.006524 -0.004359 0.009561
v -0.006620 -0.004423 0.008784
v -0.006652 -0.004445 0.008000
v -0.006620 -0.004423 0.007216
v -0.006524 -0.004359 0.006439
v -0.006365 -0.004253 0.005678
v -0.006145 -0.004106 0.004939
v -0.005866 -0.003920 0.004229
v -0.005531 -0.003696 0.003555
v -0.005142 -0.003436 0.002925
v -0.004704 -0.003143 0.002343
v -0.004220 -0.002820 0.001816
v -0.003696 -0.002469 0.001348
v -0.003136 -0.002095 0.000945
v -0.002546 -0.001701 0.000609
v -0.001931 -0.001290 0.000344
v -0.001298 -0.000867 0.000154
v -0.000652 -0.000436 0.000039
v -0.000692 -0.000370 0.015961
v -0.001376 -0.000736 0.015846
v -0.002048 -0.001095 0.015656
v -0.002700 -0.001443 0.015391
v -0.003326 -0.001778 0.015055
v -0.003920 -0.002095 0.014652
v -0.004476 -0.002392 0.014184
v -0.004989 -0.002667 0.013657
v -0.005454 -0.002915 0.013075
v -0.005866 -0.003136 0.012445
v -0.006222 -0.003326 0.011771
v -0.006518 -0.003484 0.011061
v -0.006752 -0.003609 0.010322
v -0.006920 -0.003699 0.009561
v -0.007021 -0.003753 0.008784
v -0.007055 -0.003771 0.008000
v -0.007021 -0.003753 0.007216
v -0.006920 -0.003699 0.006439
v -0.006752 -0.003609 0.005678
v -0.006518 -0.003484 0.004939
v -0.006222 -0.003326 0.004229
v -0.005866 -0.003136 0.003555
v -0.005454 -0.002915 0.002925
v -0.004989 -0.002667 0.002343
v -0.004476 -0.002392 0.001816
v -0.003920 -0.002095 0.001348
v -0.003326 -0.001778 0.000945
v -0.002700 -0.001443 0.000609
v -0.002048 -0.001095 0.000344
v -0.001376 -0.000736 0.000154
v -0.000692 -0.000370 0.000039
v -0.000724 -0.000300 0.015961
v -0.001442 -0.000597 0.015846
v -0.002146 -0.000889 0.015656
v -0.002828 -0.001172 0.015391
v -0.003484 -0.001443 0.015055
v -0.004106 -0.001701 0.014652
v -0.004689 -0.001942 0.014184
v -0.005226 -0.002165 0.013657
v -0.005713 -0.002367 0.013075
v -0.006145 -0.002546 0.012445
v -0.006518 -0.002700 0.011771
v -0.006828 -0.002828 0.011061
v -0.007073 -0.002930 0.010322
v -0.007249 -0.003003 0.009561
v -0.007355 -0.003047 0.008784
v -0.007391 -0.003061 0.008000
v -0.007355 -0.003047 0.007216
v -0.007249 -0.003003 0.006439
v -0.007073 -0.002930 0.005678
v -0.006828 -0.002828 0.004939
v -0.006518 -0.002700 0.004229
v -0.006145 -0.002546 0.003555
v -0.005713 -0.002367 0.002925
v -0.005226 -0.002165 0.002343
v -0.004689 -0.001942 0.001816
v -0.004106 -0.001701 0.001348
v -0.003484 -0.001443 0.000945
v -0.002828 -0.001172 0.000609
v -0.002146 -0.000889 0.000344
v -0.001442 -0.000597 0.000154
v -0.000724 -0.000300 0.000039
v -0.000750 -0.000228 0.015961
v -0.001494 -0.000453 0.015846
v -0.002222 -0.000674 0.015656
v -0.002930 -0.000889 0.015391
v -0.003609 -0.001095 0.015055
v -0.004253 -0.001290 0.014652
v -0.004857 -0.001473 0.014184
v -0.005413 -0.001642 0.013657
v -0.005918 -0.001795 0.013075
v -0.006365 -0.001931 0.012445
v -0.006752 -0.002048 0.011771
v -0.007073 -0.002146 0.011061
v -0.007326 -0.002222 0.010322
v -0.007508 -0.002278 0.009561
v -0.007619 -0.002311 0.008784
v -0.007656 -0.002322 0.008000
v -0.007619 -0.002311 0.007216
v -0.007508 -0.002278 0.006439
v -0.007326 -0.002222 0.005678
v -0.007073 -0.002146 0.004939
v -0.006752 -0.002048 0.004229
v -0.006365 -0.001931 0.003555
v -0.005918 -0.001795 0.002925
v -0.005413 -0.001642 0.002343
v -0.004857 -0.001473 0.001816
v -0.004253 -0.001290 0.001348
v -0.003609 -0.001095 0.000945
v -0.002930 -0.000889 0.000609
v -0.002222 -0.000674 0.000344
v -0.001494 -0.000453 0.000154
v -0.000750 -0.000228 0.000039
v -0.000769 -0.000153 0.015961
v -0.001531 -0.000304 0.015846
v -0.002278 -0.000453 0.015656
v -0.003003 -0.000597 0.015391
v -0.003699 -0.000736 0.015055
v -0.004359 -0.000867 0.014652
v -0.004978 -0.000990 0.014184
v -0.005548 -0.001104 0.013657
v -0.006065 -0.001206 0.013075
v -0.006524 -0.001298 0.012445
v -0.006920 -0.001376 0.011771
v -0.007249 -0.001442 0.011061
v -0.007508 -0.001494 0.010322
v -0.007696 -0.001531 0.009561
v -0.007808 -0.001553 0.008784
v -0.007846 -0.001561 0.008000
v -0.007808 -0.001553 0.007216
v -0.007696 -0.001531 0.006439
v -0.007508 -0.001494 0.005678
v -0.007249 -0.001442 0.004939
v -0.006920 -0.001376 0.004229
v -0.006524 -0.001298 0.003555
v -0.006065 -0.001206 0.002925
v -0.005548 -0.001104 0.002343
v -0.004978 -0.000990 0.001816
v -0.004359 -0.000867 0.001348
v -0.003699 -0.000736 0.000945
v -0.003003 -0.000597 0.000609
v -0.002278 -0.000453 0.000344
v -0.001531 -0.000304 0.000154
v -0.000769 -0.000153 0.000039
v 0.000000 0.000000 0.016000
v -0.000780 -0.000077 0.015961
v -0.001553 -0.000153 0.015846
v -0.002311 -0.000228 0.015656
v -0.003047 -0.000300 0.015391
v -0.003753 -0.000370 0.015055
v -0.004423 -0.000436 0.014652
v -0.005051 -0.000497 0.014184
v -0.005630 -0.000554 0.013657
v -0.006154 -0.000606 0.013075
v -0.006620 -0.000652 0.012445
v -0.007021 -0.000692 0.011771
v -0.007355 -0.000724 0.011061
v -0.007619 -0.000750 0.010322
v -0.007808 -0.000769 0.009561
v -0.007923 -0.000780 0.008784
v -0.007961 -0.000784 0.008000
v -0.007923 -0.000780 0.007216
v -0.007808 -0.000769 0.006439
v -0.007619 -0.000750 0.005678
v -0.007355 -0.000724 0.004939
v -0.007021 -0.000692 0.004229
v -0.006620 -0.000652 0.003555
v -0.006154 -0.000606 0.002925
v -0.005630 -0.000554 0.002343
v -0.005051 -0.000497 0.001816
v -0.004423 -0.000436 0.001348
v -0.003753 -0.000370 0.000945
v -0.003047 -0.000300 0.000609
v -0.002311 -0.000228 0.000344
v -0.001553 -0.000153 0.000154
v -0.000780 -0.000077 0.000039
v -0.000784 0.000000 0.015961
v -0.001561 0.000000 0.015846
v -0.002322 -0.000000 0.015656
v -0.003061 0.000000 0.015391
v -0.003771 0.000000 0.015055
v -0.004445 0.000000 0.014652
v -0.005075 -0.000000 0.014184
v -0.005657 0.000000 0.013657
v -0.006184 -0.000000 0.013075
v -0.006652 0.000000 0.012445
v -0.007055 0.000000 0.011771
v -0.007391 0.000000 0.011061
v -0.007656 0.000000 0.010322
v -0.007846 0.000000 0.009561
v -0.007961 0.000000 0.008784
v -0.008000 0.000000 0.008000
v -0.007961 0.000000 0.007216
v -0.007846 0.000000 0.006439
v -0.007656 0.000000 0.005678
v -0.007391 0.000000 0.004939
v -0.007055 0.000000 0.004229
v -0.006652 0.000000 0.003555
v -0.006184 -0.000000 0.002925
v -0.005657 0.000000 0.002343
v -0.005075 -0.000000 0.001816
v -0.004445 0.000000 0.001348
v -0.003771 0.000000 0.000945
v -0.003061 0.000000 0.000609
v -0.002322 -0.000000 0.000344
v -0.001561 0.000000 0.000154
v -0.000784 0.000000 0.000039
v -0.000780 0.000077 0.015961
v -0.001553 0.000153 0.015846
v -0.002311 0.000228 0.015656
v -0.003047 0.000300 0.015391
v -0.003753 0.000370 0.015055
v -0.004423 0.000436 0.014652
v -0.005051 0.000497 0.014184
v -0.005630 0.000554 0.013657
v -0.006154 0.000606 0.013075
v -0.006620 0.000652 0.012445
v -0.007021 0.000692 0.011771
v -0.007355 0.000724 0.011061
v -0.007619 0.000750 0.010322
v -0.007808 0.000769 0.009561
v -0.007923 0.000780 0.008784
v -0.007961 0.000784 0.008000
v -0.007923 0.000780 0.007216
v -0.007808 0.000769 0.006439
v -0.007619 0.000750 0.005678
v -0.007355 0.000724 0.004939
v -0.007021 0.000692 0.004229
v -0.006620 0.000652 0.003555
v -0.006154 0.000606 0.002925
v -0.005630 0.000554 0.002343
v -0.005051 0.000497 0.001816
v -0.004423 0.000436 0.001348
v -0.003753 0.000370 0.000945
v -0.003047 0.000300 0.000609
v -0.002311 0.000228 0.000344
v -0.001553 0.000153 0.000154
v -0.000780 0.000077 0.000039
v -0.000769 0.000153 0.015961
v -0.001531 0.000304 0.015846
v -0.002278 0.000453 0.015656
v -0.003003 0.000597 0.015391
v -0.003699 0.000736 0.015055
v -0.004359 0.000867 0.014652
v -0.004978 0.000990 0.014184
v -0.005548 0.001104 0.013657
v -0.006065 0.001206 0.013075
v -0.006524 0.001298 0.012445
v -0.006920 0.001376 0.011771
v -0.007249 0.001442 0.011061
v -0.007508 0.001494 0.010322
v -0.007696 0.001531 0.009561
v -0.007808 0.001553 0.008784
v -0.007846 0.001561 0.008000
v -0.007808 0.001553 0.007216
v -0.007696 0.001531 0.006439
v -0.007508 0.001494 0.005678
v -0.007249 0.001442 0.004939
v -0.006920 0.001376 0.004229
v -0.006524 0.001298 0.003555
v -0.006065 0.001206 0.002925
v -0.005548 0.001104 0.002343
v -0.004978 0.000990 0.001816
v -0.004359 0.000867 0.001348
v -0.003699 0.000736 0.000945
v -0.003003 0.000597 0.000609
v -0.002278 0.000453 0.000344
v -0.001531 0.000304 0.000154
v -0.000769 0.000153 0.000039
v -0.000750 0.000228 0.015961
v -0.001494 0.000453 0.015846
v -0.002222 0.000674 0.015656
v -0.002930 0.000889 0.015391
v -0.003609 0.001095 0.015055
v -0.004253 0.001290 0.014652
v -0.004857 0.001473 0.014184
v -0.005413 0.001642 0.013657
v -0.005918 0.001795 0.013075
v -0.006365 0.001931 0.012445
v -0.006752 0.002048 0.011771
v -0.007073 0.002146 0.011061
v -0.007326 0.002222 0.010322
v -0.007508 0.002278 0.009561
v -0.007619 0.002311 0.008784
v -0.007656 0.002322 0.008000
v -0.007619 0.002311 0.007216
v -0.007508 0.002278 0.006439
v -0.007326 0.002222 0.005678
v -0.007073 0.002146 0.004939
v -0.006752 0.002048 0.004229
v -0.006365 0.001931 0.003555
v -0.005918 0.001795 0.002925
v -0.005413 0.001642 0.002343
v -0.004857 0.001473 0.001816
v -0.004253 0.001290 0.001348
v -0.003609 0.001095 0.000945
v -0.002930 0.000889 0.000609
v -0.002222 0.000674 0.000344
v -0.001494 0.000453 0.000154
v -0.000750 0.000228 0.000039
v -0.000724 0.000300 0.015961
v -0.001442 0.000597 0.015846
v -0.002146 0.000889 0.015656
v -0.002828 0.001172 0.015391
v -0.003484 0.001443 0.015055
v -0.004106 0.001701 0.014652
v -0.004689 0.001942 0.014184
v -0.005226 0.002165 0.013657
v -0.005713 0.002367 0.013075
v -0.006145 0.002546 0.012445
v -0.006518 0.002700 0.011771
v -0.006828 0.002828 0.011061
v -0.007073 0.002930 0.010322
v -0.007249 0.003003 0.009561
v -0.007355 0.003047 0.008784
v -0.007391 0.003061 0.008000
v -0.007355 0.003047 0.007216
v -0.007249 0.003003 0.006439
v -0.007073 0.002930 0.005678
v -0.006828 0.002828 0.004939
v -0.006518 0.002700 0.004229
v -0.006145 0.002546 0.003555
v -0.005713 0.002367 0.002925
v -0.005226 0.002165 0.002343
v -0.004689 0.001942 0.001816
v -0.004106 0.001701 0.001348
v -0.003484 0.001443 0.000945
v -0.002828 0.001172 0.000609
v -0.002146 0.000889 0.000344
v -0.001442 0.000597 0.000154
v -0.000724 0.000300 0.000039
v -0.000692 0.000370 0.015961
v -0.001376 0.000736 0.015846
v -0.002048 0.001095 0.015656
v -0.002700 0.001443 0.015391
v -0.003326 0.001778 0.015055
v -0.003920 0.002095 0.014652
v -0.004476 0.002392 0.014184
v -0.004989 0.002667 0.013657
v -0.005454 0.002915 0.013075
v -0.005866 0.003136 0.012445
v -0.006222 0.003326 0.011771
v -0.006518 0.003484 0.011061
v -0.006752 0.003609 0.010322
v -0.006920 0.003699 0.009561
v -0.007021 0.003753 0.008784
v -0.007055 0.003771 0.008000
v -0.007021 0.003753 0.007216
v -0.006920 0.003699 0.006439
v -0.006752 0.003609 0.005678
v -0.006518 0.003484 0.004939
v -0.006222 0.003326 0.004229
v -0.005866 0.003136 0.003555
v -0.005454 0.002915 0.002925
v -0.004989 0.002667 0.002343
v -0.004476 0.002392 0.001816
v -0.003920 0.002095 0.001348
v -0.003326 0.001778 0.000945
v -0.002700 0.001443 0.000609
v -0.002048 0.001095 0.000344
v -0.001376 0.000736 0.000154
v -0.000692 0.000370 0.000039
v -0.000652 0.000436 0.015961
v -0.001298 0.000867 0.015846
v -0.001931 0.001290 0.015656
v -0.002546 0.001701 0.015391
v -0.003136 0.002095 0.015055
v -0.003696 0.002469 0.014652
v -0.004220 0.002820 0.014184
v -0.004704 0.003143 0.013657
v -0.005142 0.003436 0.013075
v -0.005531 0.003696 0.012445
v -0.005866 0.003920 0.011771
v -0.006145 0.004106 0.011061
v -0.006365 0.004253 0.010322
v -0.006524 0.004359 0.009561
v -0.006620 0.004423 0.008784
v -0.006652 0.004445 0.008000
v -0.006620 0.004423 0.007216
v -0.006524 0.004359 0.006439
v -0.006365 0.004253 0.005678
v -0.006145 0.004106 0.004939
v -0.005866 0.003920 0.004229
v -0.005531 0.003696 0.003555
v -0.005142 0.003436 0.002925
v -0.004704 0.003143 0.002343
v -0.004220 0.002820 0.001816
v -0.003696 0.002469 0.001348
v -0.003136 0.002095 0.000945
v -0.002546 0.001701 0.000609
v -0.001931 0.001290 0.000344
v -0.001298 0.000867 0.000154
v -0.000652 0.000436 0.000039
v -0.000606 0.000497 0.015961
v -0.001206 0.000990 0.015846
v -0.001795 0.001473 0.015656
v -0.002367 0.001942 0.015391
v -0.002915 0.002392 0.015055
v -0.003436 0.002820 0.014652
v -0.003923 0.003220 0.014184
v -0.004373 0.003589 0.013657
v -0.004780 0.003923 0.013075
v -0.005142 0.004220 0.012445
v -0.005454 0.004476 0.011771
v -0.005713 0.004689 0.011061
v -0.005918 0.004857 0.010322
v -0.006065 0.004978 0.009561
v -0.006154 0.005051 0.008784
v -0.006184 0.005075 0.008000
v -0.006154 0.005051 0.007216
v -0.006065 0.004978 0.006439
v -0.005918 0.004857 0.005678
v -0.005713 0.004689 0.004939
v -0.005454 0.004476 0.004229
v -0.005142 0.004220 0.003555
v -0.004780 0.003923 0.002925
v -0.004373 0.003589 0.002343
v -0.003923 0.003220 0.001816
v -0.003436 0.002820 0.001348
v -0.002915 0.002392 0.000945
v -0.002367 0.001942 0.000609
v -0.001795 0.001473 0.000344
v -0.001206 0.000990 0.000154
v -0.000606 0.000497 0.000039
v -0.000554 0.000554 0.015961
v -0.001104 0.001104 0.015846
v -0.001642 0.001642 0.015656
v -0.002165 0.002165 0.015391
v -0.002667 0.002667 0.015055
v -0.003143 0.003143 0.014652
v -0.003589 0.003589 0.014184
v -0.004000 0.004000 0.013657
v -0.004373 0.004373 0.013075
v -0.004704 0.004704 0.012445
v -0.004989 0.004989 0.011771
v -0.005226 0.005226 0.011061
v -0.005413 0.005413 0.010322
v -0.005548 0.005548 0.009561
v -0.005630 0.005630 0.008784
v -0.005657 0.005657 0.008000
v -0.005630 0.005630 0.007216
v -0.005548 0.005548 0.006439
v -0.005413 0.005413 0.005678
v -0.005226 0.005226 0.004939
v -0.004989 0.004989 0.004229
v -0.004704 0.004704 0.003555
v -0.004373 0.004373 0.002925
v -0.004000 0.004000 0.002343
v -0.003589 0.003589 0.001816
v -0.003143 0.003143 0.001348
v -0.002667 0.002667 0.000945
v -0.002165 0.002165 0.000609
v -0.001642 0.001642 0.000344
v -0.001104 0.001104 0.000154
v -0.000554 0.000554 0.000039
v -0.000497 0.000606 0.015961
v -0.000990 0.001206 0.015846
v -0.001473 0.001795 0.015656
v -0.001942 0.002367 0.015391
v -0.002392 0.002915 0.015055
v -0.002820 0.003436 0.014652
v -0.003220 0.003923 0.014184
v -0.003589 0.004373 0.013657
v -0.003923 0.004780 0.013075
v -0.004220 0.005142 0.012445
v -0.004476 0.005454 0.011771
v -0.004689 0.005713 0.011061
v -0.004857 0.005918 0.010322
v -0.004978 0.006065 0.009561
v -0.005051 0.006154 0.008784
v -0.005075 0.006184 0.008000
v -0.005051 0.006154 0.007216
v -0.004978 0.006065 0.006439
v -0.004857 0.005918 0.005678
v -0.004689 0.005713 0.004939
v -0.004476 0.005454 0.004229
v -0.004220 0.005142 0.003555
v -0.003923 0.004780 0.002925
v -0.003589 0.004373 0.002343
v -0.003220 0.003923 0.001816
v -0.002820 0.003436 0.001348
v -0.002392 0.002915 0.000945
v -0.001942 0.002367 0.000609
v -0.001473 0.001795 0.000344
v -0.000990 0.001206 0.000154
v -0.000497 0.000606 0.000039
v -0.000436 0.000652 0.015961
v -0.000867 0.001298 0.015846
v -0.001290 0.001931 0.015656
v -0.001701 0.002546 0.015391
v -0.002095 0.003136 0.015055
v -0.002469 0.003696 0.014652
v -0.002820 0.004220 0.014184
v -0.003143 0.004704 0.013657
v -0.003436 0.005142 0.013075
v -0.003696 0.005531 0.012445
v -0.003920 0.005866 0.011771
v -0.004106 0.006145 0.011061
v -0.004253 0.006365 0.010322
v -0.004359 0.006524 0.009561
v -0.004423 0.006620 0.008784
v -0.004445 0.006652 0.008000
v -0.004423 0.006620 0.007216
v -0.004359 0.006524 0.006439
v -0.004253 0.006365 0.005678
v -0.004106 0.006145 0.004939
v -0.003920 0.005866 0.004229
v -0.003696 0.005531 0.003555
v -0.003436 0.005142 0.002925
v -0.003143 0.004704 0.002343
v -0.002820 0.004220 0.001816
v -0.002469 0.003696 0.001348
v -0.002095 0.003136 0.000945
v -0.001701 0.002546 0.000609
v -0.001290 0.001931 0.000344
v -0.000867 0.001298 0.000154
v -0.000436 0.000652 0.000039
v -0.000370 0.000692 0.015961
v -0.000736 0.001376 0.015846
v -0.001095 0.002048 0.015656
v -0.001443 0.002700 0.015391
v -0.001778 0.003326 0.015055
v -0.002095 0.003920 0.014652
v -0.002392 0.004476 0.014184
v -0.002667 0.004989 0.013657
v -0.002915 0.005454 0.013075
v -0.003136 0.005866 0.012445
v -0.003326 0.006222 0.011771
v -0.003484 0.006518 0.011061
v -0.003609 0.006752 0.010322
v -0.003699 0.006920 0.009561
v -0.003753 0.007021 0.008784
v -0.003771 0.007055 0.008000
v -0.003753 0.007021 0.007216
v -0.003699 0.006920 0.006439
v -0.003609 0.006752 0.005678
v -0.003484 0.006518 0.004939
v -0.003326 0.006222 0.004229
v -0.003136 0.005866 0.003555
v -0.002915 0.005454 0.002925
v -0.002667 0.004989 0.002343
v -0.002392 0.004476 0.001816
v -0.002095 0.003920 0.001348
v -0.001778 0.003326 0.000945
v -0.001443 0.002700 0.000609
v -0.001095 0.002048 0.000344
v -0.000736 0.001376 0.000154
v -0.000370 0.000692 0.000039
v -0.000300 0.000724 0.015961
v -0.000597 0.001442 0.015846
v -0.000889 0.002146 0.015656
v -0.001172 0.002828 0.015391
v -0.001443 0.003484 0.015055
v -0.001701 0.004106 0.014652
v -0.001942 0.004689 0.014184
v -0.002165 0.005226 0.013657
v -0.002367 0.005713 0.013075
v -0.002546 0.006145 0.012445
v -0.002700 0.006518 0.011771
v -0.002828 0.006828 0.011061
v -0.002930 0.007073 0.010322
v -0.003003 0.007249 0.009561
v -0.003047 0.007355 0.008784
v -0.003061 0.007391 0.008000
v -0.003047 0.007355 0.007216
v -0.003003 0.007249 0.006439
v -0.002930 0.007073 0.005678
v -0.002828 0.006828 0.004939
v -0.002700 0.006518 0.004229
v -0.002546 0.006145 0.003555
v -0.002367 0.005713 0.002925
v -0.002165 0.005226 0.002343
v -0.001942 0.004689 0.001816
v -0.001701 0.004106 0.001348
v -0.001443 0.003484 0.000945
v -0.001172 0.002828 0.000609
v -0.000889 0.002146 0.000344
v -0.000597 0.001442 0.000154
v -0.000300 0.000724 0.000039
v -0.000228 0.000750 0.015961
v -0.000453 0.001494 0.015846
v -0.000674 0.002222 0.015656
v -0.000889 0.002930 0.015391
v -0.001095 0.003609 0.015055
v -0.001290 0.004253 0.014652
v -0.001473 0.004857 0.014184
v -0.001642 0.005413 0.013657
v -0.001795 0.005918 0.013075
v -0.001931 0.006365 0.012445
v -0.002048 0.006752 0.011771
v -0.002146 0.007073 0.011061
v -0.002222 0.007326 0.010322
v -0.002278 0.007508 0.009561
v -0.002311 0.007619 0.008784
v -0.002322 0.007656 0.008000
v -0.002311 0.007619 0.007216
v -0.002278 0.007508 0.006439
v -0.002222 0.007326 0.005678
v -0.002146 0.007073 0.004939
v -0.002048 0.006752 0.004229
v -0.001931 0.006365 0.003555
v -0.001795 0.005918 0.002925
v -0.001642 0.005413 0.002343
v -0.001473 0.004857 0.001816
v -0.001290 0.004253 0.001348
v -0.001095 0.003609 0.000945
v -0.000889 0.002930 0.000609
v -0.000674 0.002222 0.000344
v -0.000453 0.001494 0.000154
v -0.000228 0.000750 0.000039
v -0.000153 0.000769 0.015961
v -0.000304 0.001531 0.015846
v -0.000453 0.002278 0.015656
v -0.000597 0.003003 0.015391
v -0.000736 0.003699 0.015055
v -0.000867 0.004359 0.014652
v -0.000990 0.004978 0.014184
v -0.001104 0.005548 0.013657
v -0.001206 0.006065 0.013075
v -0.001298 0.006524 0.012445
v -0.001376 0.006920 0.011771
v -0.001442 0.007249 0.011061
v -0.001494 0.007508 0.010322
v -0.001531 0.007696 0.009561
v -0.001553 0.007808 0.008784
v -0.001561 0.007846 0.008000
v -0.001553 0.007808 0.007216
v -0.001531 0.007696 0.006439
v -0.001494 0.007508 0.005678
v -0.001442 0.007249 0.004939
v -0.001376 0.006920 0.004229
v -0.001298 0.006524 0.003555
v -0.001206 0.006065 0.002925
v -0.001104 0.005548 0.002343
v -0.000990 0.004978 0.001816
v -0.000867 0.004359 0.001348
v -0.000736 0.003699 0.000945
v -0.000597 0.003003 0.000609
v -0.000453 0.002278 0.000344
v -0.000304 0.001531 0.000154
v -0.000153 0.000769 0.000039
v -0.000077 0.000780 0.015961
v -0.000153 0.001553 0.015846
v -0.000228 0.002311 0.015656
v -0.000300 0.003047 0.015391
v -0.000370 0.003753 0.015055
v -0.000436 0.004423 0.014652
v -0.000497 0.005051 0.014184
v -0.000554 0.005630 0.013657
v -0.000606 0.006154 0.013075
v -0.000652 0.006620 0.012445
v -0.000692 0.007021 0.011771
v -0.000724 0.007355 0.011061
v -0.000750 0.007619 0.010322
v -0.000769 0.007808 0.009561
v -0.000780 0.007923 0.008784
v -0.000784 0.007961 0.008000
v -0.000780 0.007923 0.007216
v -0.000769 0.007808 0.006439
v -0.000750 0.007619 0.005678
v -0.000724 0.007355 0.004939
v -0.000692 0.007021 0.004229
v -0.000652 0.006620 0.003555
v -0.000606 0.006154 0.002925
v -0.000554 0.005630 0.002343
v -0.000497 0.005051 0.001816
v -0.000436 0.004423 0.001348
v -0.000370 0.003753 0.000945
v -0.000300 0.003047 0.000609
v -0.000228 0.002311 0.000344
v -0.000153 0.001553 0.000154
v -0.000077 0.000780 0.000039
v -0.000000 0.002322 0.015656
v 0.000000 0.003061 0.015391
v 0.000000 0.003771 0.015055
v 0.000000 0.004445 0.014652
v -0.000000 0.005075 0.014184
v -0.000000 0.006184 0.013075
v 0.000000 0.006652 0.012445
v 0.000000 0.007391 0.011061
v 0.000000 0.007961 0.007216
v 0.000000 0.007656 0.005678
v 0.000000 0.006652 0.003555
v -0.000000 0.006184 0.002925
v 0.000000 0.005657 0.002343
v -0.000000 0.005075 0.001816
v 0.000000 0.003771 0.000945
v 0.000000 0.003061 0.000609
v -0.000000 0.002322 0.000344
v 0.000000 0.001561 0.000154
v 0.000000 0.000784 0.000039
v 0.000000 0.000000 0.000000
vn -0.0000 0.0995 0.9950
vn -0.0000 0.1966 0.9805
vn -0.0000 0.7079 0.7063
vn -0.0000 0.8823 0.4708
vn -0.0000 0.9571 0.2899
vn -0.0000 0.9808 0.1948
vn -0.0000 0.9952 0.0979
vn -0.0000 1.0000 -0.0000
vn -0.0000 0.9808 -0.1948
vn -0.0000 0.9241 -0.3821
vn -0.0000 0.8823 -0.4708
vn -0.0000 0.5566 -0.8308
vn 0.0098 0.0991 0.9950
vn 0.0193 0.1956 0.9805
vn 0.0286 0.2903 0.9565
vn 0.0376 0.3821 0.9233
vn 0.0463 0.4703 0.8813
vn 0.0546 0.5539 0.8308
vn 0.0623 0.6322 0.7723
vn 0.0694 0.7045 0.7063
vn 0.0758 0.7699 0.6336
vn 0.0815 0.8279 0.5549
vn 0.0865 0.8780 0.4708
vn 0.0906 0.9197 0.3821
vn 0.0938 0.9525 0.2899
vn 0.0961 0.9761 0.1948
vn 0.0975 0.9904 0.0979
vn 0.0980 0.9952 -0.0000
vn 0.0975 0.9904 -0.0979
vn 0.0961 0.9761 -0.1948
vn 0.0938 0.9525 -0.2899
vn 0.0906 0.9197 -0.3821
vn 0.0865 0.8780 -0.4708
vn 0.0815 0.8279 -0.5549
vn 0.0758 0.7699 -0.6336
vn 0.0694 0.7045 -0.7063
vn 0.0623 0.6322 -0.7723
vn 0.0546 0.5539 -0.8308
vn 0.0463 0.4703 -0.8813
vn 0.0376 0.3821 -0.9233
vn 0.0286 0.2903 -0.9565
vn 0.0193 0.1956 -0.9805
vn 0.0098 0.0991 -0.9950
vn 0.0194 0.0976 0.9950
vn 0.0383 0.1928 0.9805
vn 0.0569 0.2861 0.9565
vn 0.0749 0.3766 0.9233
vn 0.0922 0.4635 0.8813
vn 0.1086 0.5459 0.8308
vn 0.1239 0.6231 0.7723
vn 0.1381 0.6943 0.7063
vn 0.1509 0.7588 0.6336
vn 0.1623 0.8160 0.5549
vn 0.1721 0.8653 0.4708
vn 0.1803 0.9063 0.3821
vn 0.1867 0.9387 0.2899
vn 0.1914 0.9620 0.1948
vn 0.1942 0.9761 0.0979
vn 0.1951 0.9808 -0.0000
vn 0.1942 0.9761 -0.0979
vn 0.1914 0.9620 -0.1948
vn 0.1867 0.9387 -0.2899
vn 0.1803 0.9063 -0.3821
vn 0.1721 0.8653 -0.4708
vn 0.1623 0.8160 -0.5549
vn 0.1509 0.7588 -0.6336
vn 0.1381 0.6943 -0.7063
vn 0.1239 0.6231 -0.7723
vn 0.1086 0.5459 -0.8308
vn 0.0922 0.4635 -0.8813
vn 0.0749 0.3766 -0.9233
vn 0.0569 0.2861 -0.9565
vn 0.0383 0.1928 -0.9805
vn 0.0194 0.0976 -0.9950
vn 0.0289 0.0952 0.9950
vn 0.0571 0.1881 0.9805
vn 0.0847 0.2791 0.9565
vn 0.1115 0.3675 0.9233
vn 0.1372 0.4522 0.8813
vn 0.1616 0.5327 0.8308
vn 0.1844 0.6080 0.7723
vn 0.2055 0.6774 0.7063
vn 0.2246 0.7403 0.6336
vn 0.2415 0.7961 0.5549
vn 0.2561 0.8443 0.4708
vn 0.2683 0.8843 0.3821
vn 0.2778 0.9159 0.2899
vn 0.2847 0.9386 0.1948
vn 0.2889 0.9523 0.0979
vn 0.2903 0.9569 -0.0000
vn 0.2889 0.9523 -0.0979
vn 0.2847 0.9386 -0.1948
vn 0.2778 0.9159 -0.2899
vn 0.2683 0.8843 -0.3821
vn 0.2561 0.8443 -0.4708
vn 0.2415 0.7961 -0.5549
vn 0.2246 0.7403 -0.6336
vn 0.2055 0.6774 -0.7063
vn 0.1844 0.6080 -0.7723
vn 0.1616 0.5327 -0.8308
vn 0.1372 0.4522 -0.8813
vn 0.1115 0.3675 -0.9233
vn 0.0847 0.2791 -0.9565
vn 0.0571 0.1881 -0.9805
vn 0.0289 0.0952 -0.9950
vn 0.0381 0.0920 0.9950
vn 0.0752 0.1816 0.9805
vn 0.1116 0.2695 0.9565
vn 0.1469 0.3548 0.9233
vn 0.1809 0.4366 0.8813
vn 0.2130 0.5143 0.8308
vn 0.2431 0.5869 0.7723
vn 0.2709 0.6540 0.7063
vn 0.2961 0.7147 0.6336
vn 0.3184 0.7686 0.5549
vn 0.3376 0.8151 0.4708
vn 0.3536 0.8538 0.3821
vn 0.3663 0.8842 0.2899
vn 0.3754 0.9062 0.1948
vn 0.3808 0.9194 0.0979
vn 0.3827 0.9239 -0.0000
vn 0.3808 0.9194 -0.0979
vn 0.3754 0.9062 -0.1948
vn 0.3663 0.8842 -0.2899
vn 0.3536 0.8538 -0.3821
vn 0.3376 0.8151 -0.4708
vn 0.3184 0.7686 -0.5549
vn 0.2961 0.7147 -0.6336
vn 0.2709 0.6540 -0.7063
vn 0.2431 0.5869 -0.7723
vn 0.2130 0.5143 -0.8308
vn 0.1809 0.4366 -0.8813
vn 0.1469 0.3548 -0.9233
vn 0.1116 0.2695 -0.9565
vn 0.0752 0.1816 -0.9805
vn 0.0381 0.0920 -0.9950
vn 0.0469 0.0878 0.9950
vn 0.0927 0.1734 0.9805
vn 0.1375 0.2572 0.9565
vn 0.1810 0.3386 0.9233
vn 0.2228 0.4168 0.8813
vn 0.2624 0.4909 0.8308
vn 0.2995 0.5603 0.7723
vn 0.3337 0.6243 0.7063
vn 0.3647 0.6823 0.6336
vn 0.3922 0.7337 0.5549
vn 0.4159 0.7781 0.4708
vn 0.4356 0.8150 0.3821
vn 0.4512 0.8441 0.2899
vn 0.4624 0.8650 0.1948
vn 0.4691 0.8777 0.0979
vn 0.4714 0.8819 -0.0000
vn 0.4691 0.8777 -0.0979
vn 0.4624 0.8650 -0.1948
vn 0.4512 0.8441 -0.2899
vn 0.4356 0.8150 -0.3821
vn 0.4159 0.7781 -0.4708
vn 0.3922 0.7337 -0.5549
vn 0.3647 0.6823 -0.6336
vn 0.3337 0.6243 -0.7063
vn 0.2995 0.5603 -0.7723
vn 0.2624 0.4909 -0.8308
vn 0.2228 0.4168 -0.8813
vn 0.1810 0.3386 -0.9233
vn 0.1375 0.2572 -0.9565
vn 0.0927 0.1734 -0.9805
vn 0.0469 0.0878 -0.9950
vn 0.0553 0.0828 0.9950
vn 0.1092 0.1634 0.9805
vn 0.1621 0.2425 0.9565
vn 0.2133 0.3193 0.9233
vn 0.2626 0.3929 0.8813
vn 0.3092 0.4628 0.8308
vn 0.3530 0.5282 0.7723
vn 0.3933 0.5886 0.7063
vn 0.4298 0.6432 0.6336
vn 0.4622 0.6917 0.5549
vn 0.4902 0.7336 0.4708
vn 0.5134 0.7684 0.3821
vn 0.5317 0.7958 0.2899
vn 0.5449 0.8155 0.1948
vn 0.5529 0.8275 0.0979
vn 0.5556 0.8315 -0.0000
vn 0.5529 0.8275 -0.0979
vn 0.5449 0.8155 -0.1948
vn 0.5317 0.7958 -0.2899
vn 0.5134 0.7684 -0.3821
vn 0.4902 0.7336 -0.4708
vn 0.4622 0.6917 -0.5549
vn 0.4298 0.6432 -0.6336
vn 0.3933 0.5886 -0.7063
vn 0.3530 0.5282 -0.7723
vn 0.3092 0.4628 -0.8308
vn 0.2626 0.3929 -0.8813
vn 0.2133 0.3193 -0.9233
vn 0.1621 0.2425 -0.9565
vn 0.1092 0.1634 -0.9805
vn 0.0553 0.0828 -0.9950
vn 0.0631 0.0769 0.9950
vn 0.1247 0.1519 0.9805
vn 0.1850 0.2255 0.9565
vn 0.2436 0.2968 0.9233
vn 0.2998 0.3653 0.8813
vn 0.3531 0.4303 0.8308
vn 0.4030 0.4911 0.7723
vn 0.4491 0.5472 0.7063
vn 0.4908 0.5980 0.6336
vn 0.5278 0.6431 0.5549
vn 0.5597 0.6820 0.4708
vn 0.5862 0.7143 0.3821
vn 0.6072 0.7398 0.2899
vn 0.6222 0.7582 0.1948
vn 0.6313 0.7693 0.0979
vn 0.6344 0.7730 -0.0000
vn 0.6313 0.7693 -0.0979
vn 0.6222 0.7582 -0.1948
vn 0.6072 0.7398 -0.2899
vn 0.5862 0.7143 -0.3821
vn 0.5597 0.6820 -0.4708
vn 0.5278 0.6431 -0.5549
vn 0.4908 0.5980 -0.6336
vn 0.4491 0.5472 -0.7063
vn 0.4030 0.4911 -0.7723
vn 0.3531 0.4303 -0.8308
vn 0.2998 0.3653 -0.8813
vn 0.2436 0.2968 -0.9233
vn 0.1850 0.2255 -0.9565
vn 0.1247 0.1519 -0.9805
vn 0.0631 0.0769 -0.9950
vn 0.0704 0.0704 0.9950
vn 0.1390 0.1390 0.9805
vn 0.2063 0.2063 0.9565
vn 0.2715 0.2715 0.9233
vn 0.3342 0.3342 0.8813
vn 0.3936 0.3936 0.8308
vn 0.4492 0.4492 0.7723
vn 0.5005 0.5005 0.7063
vn 0.5470 0.5470 0.6336
vn 0.5883 0.5883 0.5549
vn 0.6239 0.6239 0.4708
vn 0.6534 0.6534 0.3821
vn 0.6768 0.6767 0.2899
vn 0.6936 0.6936 0.1948
vn 0.7037 0.7037 0.0979
vn 0.7071 0.7071 -0.0000
vn 0.7037 0.7037 -0.0979
vn 0.6936 0.6936 -0.1948
vn 0.6768 0.6767 -0.2899
vn 0.6534 0.6534 -0.3821
vn 0.6239 0.6239 -0.4708
vn 0.5883 0.5883 -0.5549
vn 0.5470 0.5470 -0.6336
vn 0.5005 0.5005 -0.7063
vn 0.4492 0.4492 -0.7723
vn 0.3936 0.3936 -0.8308
vn 0.3342 0.3342 -0.8813
vn 0.2715 0.2715 -0.9233
vn 0.2063 0.2063 -0.9565
vn 0.1390 0.1390 -0.9805
vn 0.0704 0.0704 -0.9950
vn 0.0769 0.0631 0.9950
vn 0.1519 0.1247 0.9805
vn 0.2255 0.1850 0.9565
vn 0.2968 0.2436 0.9233
vn 0.3653 0.2998 0.8813
vn 0.4303 0.3531 0.8308
vn 0.4911 0.4030 0.7723
vn 0.5472 0.4491 0.7063
vn 0.5980 0.4908 0.6336
vn 0.6431 0.5278 0.5549
vn 0.6820 0.5597 0.4708
vn 0.7143 0.5862 0.3821
vn 0.7398 0.6072 0.2899
vn 0.7582 0.6222 0.1948
vn 0.7693 0.6313 0.0979
vn 0.7730 0.6344 -0.0000
vn 0.7693 0.6313 -0.0979
vn 0.7582 0.6222 -0.1948
vn 0.7398 0.6072 -0.2899
vn 0.7143 0.5862 -0.3821
vn 0.6820 0.5597 -0.4708
vn 0.6431 0.5278 -0.5549
vn 0.5980 0.4908 -0.6336
vn 0.5472 0.4491 -0.7063
vn 0.4911 0.4030 -0.7723
vn 0.4303 0.3531 -0.8308
vn 0.3653 0.2998 -0.8813
vn 0.2968 0.2436 -0.9233
vn 0.2255 0.1850 -0.9565
vn 0.1519 0.1247 -0.9805
vn 0.0769 0.0631 -0.9950
vn 0.0828 0.0553 0.9950
vn 0.1634 0.1092 0.9805
vn 0.2425 0.1621 0.9565
vn 0.3193 0.2133 0.9233
vn 0.3929 0.2626 0.8813
vn 0.4628 0.3092 0.8308
vn 0.5282 0.3530 0.7723
vn 0.5886 0.3933 0.7063
vn 0.6432 0.4298 0.6336
vn 0.6917 0.4622 0.5549
vn 0.7336 0.4902 0.4708
vn 0.7684 0.5134 0.3821
vn 0.7958 0.5317 0.2899
vn 0.8155 0.5449 0.1948
vn 0.8275 0.5529 0.0979
vn 0.8315 0.5556 -0.0000
vn 0.8275 0.5529 -0.0979
vn 0.8155 0.5449 -0.1948
vn 0.7958 0.5317 -0.2899
vn 0.7684 0.5134 -0.3821
vn 0.7336 0.4902 -0.4708
vn 0.6917 0.4622 -0.5549
vn 0.6432 0.4298 -0.6336
vn 0.5886 0.3933 -0.7063
vn 0.5282 0.3530 -0.7723
vn 0.4628 0.3092 -0.8308
vn 0.3929 0.2626 -0.8813
vn 0.3193 0.2133 -0.9233
vn 0.2425 0.1621 -0.9565
vn 0.1634 0.1092 -0.9805
vn 0.0828 0.0553 -0.9950
vn 0.0878 0.0469 0.9950
vn 0.1734 0.0927 0.9805
vn 0.2572 0.1375 0.9565
vn 0.3386 0.1810 0.9233
vn 0.4168 0.2228 0.8813
vn 0.4909 0.2624 0.8308
vn 0.5603 0.2995 0.7723
vn 0.6243 0.3337 0.7063
vn 0.6823 0.3647 0.6336
vn 0.7337 0.3922 0.5549
vn 0.7781 0.4159 0.4708
vn 0.8150 0.4356 0.3821
vn 0.8441 0.4512 0.2899
vn 0.8650 0.4624 0.1948
vn 0.8777 0.4691 0.0979
vn 0.8819 0.4714 -0.0000
vn 0.8777 0.4691 -0.0979
vn 0.8650 0.4624 -0.1948
vn 0.8441 0.4512 -0.2899
vn 0.8150 0.4356 -0.3821
vn 0.7781 0.4159 -0.4708
vn 0.7337 0.3922 -0.5549
vn 0.6823 0.3647 -0.6336
vn 0.6243 0.3337 -0.7063
vn 0.5603 0.2995 -0.7723
vn 0.4909 0.2624 -0.8308
vn 0.4168 0.2228 -0.8813
vn 0.3386 0.1810 -0.9233
vn 0.2572 0.1375 -0.9565
vn 0.1734 0.0927 -0.9805
vn 0.0878 0.0469 -0.9950
vn 0.0920 0.0381 0.9950
vn 0.1816 0.0752 0.9805
vn 0.2695 0.1116 0.9565
vn 0.3548 0.1469 0.9233
vn 0.4366 0.1809 0.8813
vn 0.5143 0.2130 0.8308
vn 0.5869 0.2431 0.7723
vn 0.6540 0.2709 0.7063
vn 0.7147 0.2961 0.6336
vn 0.7686 0.3184 0.5549
vn 0.8151 0.3376 0.4708
vn 0.8538 0.3536 0.3821
vn 0.8842 0.3663 0.2899
vn 0.9062 0.3754 0.1948
vn 0.9194 0.3808 0.0979
vn 0.9239 0.3827 -0.0000
vn 0.9194 0.3808 -0.0979
vn 0.9062 0.3754 -0.1948
vn 0.8842 0.3663 -0.2899
vn 0.8538 0.3536 -0.3821
vn 0.8151 0.3376 -0.4708
vn 0.7686 0.3184 -0.5549
vn 0.7147 0.2961 -0.6336
vn 0.6540 0.2709 -0.7063
vn 0.5869 0.2431 -0.7723
vn 0.5143 0.2130 -0.8308
vn 0.4366 0.1809 -0.8813
vn 0.3548 0.1469 -0.9233
vn 0.2695 0.1116 -0.9565
vn 0.1816 0.0752 -0.9805
vn 0.0920 0.0381 -0.9950
vn 0.0952 0.0289 0.9950
vn 0.1881 0.0571 0.9805
vn 0.2791 0.0847 0.9565
vn 0.3675 0.1115 0.9233
vn 0.4522 0.1372 0.8813
vn 0.5327 0.1616 0.8308
vn 0.6080 0.1844 0.7723
vn 0.6774 0.2055 0.7063
vn 0.7403 0.2246 0.6336
vn 0.7961 0.2415 0.5549
vn 0.8443 0.2561 0.4708
vn 0.8843 0.2683 0.3821
vn 0.9159 0.2778 0.2899
vn 0.9386 0.2847 0.1948
vn 0.9523 0.2889 0.0979
vn 0.9569 0.2903 -0.0000
vn 0.9523 0.2889 -0.0979
vn 0.9386 0.2847 -0.1948
vn 0.9159 0.2778 -0.2899
vn 0.8843 0.2683 -0.3821
vn 0.8443 0.2561 -0.4708
vn 0.7961 0.2415 -0.5549
vn 0.7403 0.2246 -0.6336
vn 0.6774 0.2055 -0.7063
vn 0.6080 0.1844 -0.7723
vn 0.5327 0.1616 -0.8308
vn 0.4522 0.1372 -0.8813
vn 0.3675 0.1115 -0.9233
vn 0.2791 0.0847 -0.9565
vn 0.1881 0.0571 -0.9805
vn 0.0952 0.0289 -0.9950
vn 0.0976 0.0194 0.9950
vn 0.1928 0.0383 0.9805
vn 0.2861 0.0569 0.9565
vn 0.3766 0.0749 0.9233
vn 0.4635 0.0922 0.8813
vn 0.5459 0.1086 0.8308
vn 0.6231 0.1239 0.7723
vn 0.6943 0.1381 0.7063
vn 0.7588 0.1509 0.6336
vn 0.8160 0.1623 0.5549
vn 0.8653 0.1721 0.4708
vn 0.9063 0.1803 0.3821
vn 0.9387 0.1867 0.2899
vn 0.9620 0.1914 0.1948
vn 0.9761 0.1942 0.0979
vn 0.9808 0.1951 -0.0000
vn 0.9761 0.1942 -0.0979
vn 0.9620 0.1914 -0.1948
vn 0.9387 0.1867 -0.2899
vn 0.9063 0.1803 -0.3821
vn 0.8653 0.1721 -0.4708
vn 0.8160 0.1623 -0.5549
vn 0.7588 0.1509 -0.6336
vn 0.6943 0.1381 -0.7063
vn 0.6231 0.1239 -0.7723
vn 0.5459 0.1086 -0.8308
vn 0.4635 0.0922 -0.8813
vn 0.3766 0.0749 -0.9233
vn 0.2861 0.0569 -0.9565
vn 0.1928 0.0383 -0.9805
vn 0.0976 0.0194 -0.9950
vn 0.0991 0.0098 0.9950
vn 0.1956 0.0193 0.9805
vn 0.2903 0.0286 0.9565
vn 0.3821 0.0376 0.9233
vn 0.4703 0.0463 0.8813
vn 0.5539 0.0546 0.8308
vn 0.6322 0.0623 0.7723
vn 0.7045 0.0694 0.7063
vn 0.7699 0.0758 0.6336
vn 0.8279 0.0815 0.5549
vn 0.8780 0.0865 0.4708
vn 0.9197 0.0906 0.3821
vn 0.9525 0.0938 0.2899
vn 0.9761 0.0961 0.1948
vn 0.9904 0.0975 0.0979
vn 0.9952 0.0980 -0.0000
vn 0.9904 0.0975 -0.0979
vn 0.9761 0.0961 -0.1948
vn 0.9525 0.0938 -0.2899
vn 0.9197 0.0906 -0.3821
vn 0.8780 0.0865 -0.4708
vn 0.8279 0.0815 -0.5549
vn 0.7699 0.0758 -0.6336
vn 0.7045 0.0694 -0.7063
vn 0.6322 0.0623 -0.7723
vn 0.5539 0.0546 -0.8308
vn 0.4703 0.0463 -0.8813
vn 0.3821 0.0376 -0.9233
vn 0.2903 0.0286 -0.9565
vn 0.1956 0.0193 -0.9805
vn 0.0991 0.0098 -0.9950
vn 0.0995 -0.0000 0.9950
vn 0.1966 -0.0000 0.9805
vn 0.2917 -0.0000 0.9565
vn 0.3840 -0.0000 0.9233
vn 0.4726 -0.0000 0.8813
vn 0.5566 -0.0000 0.8308
vn 0.6353 -0.0000 0.7723
vn 0.7079 -0.0000 0.7063
vn 0.7736 -0.0000 0.6336
vn 0.8319 -0.0000 0.5549
vn 0.8823 -0.0000 0.4708
vn 0.9241 -0.0000 0.3821
vn 0.9571 -0.0000 0.2899
vn 0.9808 -0.0000 0.1948
vn 0.9952 -0.0000 0.0979
vn 1.0000 -0.0000 -0.0000
vn 0.9952 -0.0000 -0.0979
vn 0.9808 -0.0000 -0.1948
vn 0.9571 -0.0000 -0.2899
vn 0.9241 -0.0000 -0.3821
vn 0.8823 -0.0000 -0.4708
vn 0.8319 -0.0000 -0.5549
vn 0.7736 -0.0000 -0.6336
vn 0.7079 -0.0000 -0.7063
vn 0.6353 -0.0000 -0.7723
vn 0.5566 -0.0000 -0.8308
vn 0.4726 -0.0000 -0.8813
vn 0.3840 -0.0000 -0.9233
vn 0.2917 -0.0000 -0.9565
vn 0.1966 -0.0000 -0.9805
vn 0.0995 -0.0000 -0.9950
vn 0.0991 -0.0098 0.9950
vn 0.1956 -0.0193 0.9805
vn 0.2903 -0.0286 0.9565
vn 0.3821 -0.0376 0.9233
vn 0.4703 -0.0463 0.8813
vn 0.5539 -0.0546 0.8308
vn 0.6322 -0.0623 0.7723
vn 0.7045 -0.0694 0.7063
vn 0.7699 -0.0758 0.6336
vn 0.8279 -0.0815 0.5549
vn 0.8780 -0.0865 0.4708
vn 0.9197 -0.0906 0.3821
vn 0.9525 -0.0938 0.2899
vn 0.9761 -0.0961 0.1948
vn 0.9904 -0.0975 0.0979
vn 0.9952 -0.0980 -0.0000
vn 0.9904 -0.0975 -0.0979
vn 0.9761 -0.0961 -0.1948
vn 0.9525 -0.0938 -0.2899
vn 0.9197 -0.0906 -0.3821
vn 0.8780 -0.0865 -0.4708
vn 0.8279 -0.0815 -0.5549
vn 0.7699 -0.0758 -0.6336
vn 0.7045 -0.0694 -0.7063
vn 0.6322 -0.0623 -0.7723
vn 0.5539 -0.0546 -0.8308
vn 0.4703 -0.0463 -0.8813
vn 0.3821 -0.0376 -0.9233
vn 0.2903 -0.0286 -0.9565
vn 0.1956 -0.0193 -0.9805
vn 0.0991 -0.0098 -0.9950
vn 0.0976 -0.0194 0.9950
vn 0.1928 -0.0383 0.9805
vn 0.2861 -0.0569 0.9565
vn 0.3766 -0.0749 0.9233
vn 0.4635 -0.0922 0.8813
vn 0.5459 -0.1086 0.8308
vn 0.6231 -0.1239 0.7723
vn 0.6943 -0.1381 0.7063
vn 0.7588 -0.1509 0.6336
vn 0.8160 -0.1623 0.5549
vn 0.8653 -0.1721 0.4708
vn 0.9063 -0.1803 0.3821
vn 0.9387 -0.1867 0.2899
vn 0.9620 -0.1914 0.1948
vn 0.9761 -0.1942 0.0979
vn 0.9808 -0.1951 -0.0000
vn 0.9761 -0.1942 -0.0979
vn 0.9620 -0.1914 -0.1948
vn 0.9387 -0.1867 -0.2899
vn 0.9063 -0.1803 -0.3821
vn 0.8653 -0.1721 -0.4708
vn 0.8160 -0.1623 -0.5549
vn 0.7588 -0.1509 -0.6336
vn 0.6943 -0.1381 -0.7063
vn 0.6231 -0.1239 -0.7723
vn 0.5459 -0.1086 -0.8308
vn 0.4635 -0.0922 -0.8813
vn 0.3766 -0.0749 -0.9233
vn 0.2861 -0.0569 -0.9565
vn 0.1928 -0.0383 -0.9805
vn 0.0976 -0.0194 -0.9950
vn 0.0952 -0.0289 0.9950
vn 0.1881 -0.0571 0.9805
vn 0.2791 -0.0847 0.9565
vn 0.3675 -0.1115 0.9233
vn 0.4522 -0.1372 0.8813
vn 0.5327 -0.1616 0.8308
vn 0.6080 -0.1844 0.7723
vn 0.6774 -0.2055 0.7063
vn 0.7403 -0.2246 0.6336
vn 0.7961 -0.2415 0.5549
vn 0.8443 -0.2561 0.4708
vn 0.8843 -0.2683 0.3821
vn 0.9159 -0.2778 0.2899
vn 0.9386 -0.2847 0.1948
vn 0.9523 -0.2889 0.0979
vn 0.9569 -0.2903 -0.0000
vn 0.9523 -0.2889 -0.0979
vn 0.9386 -0.2847 -0.1948
vn 0.9159 -0.2778 -0.2899
vn 0.8843 -0.2683 -0.3821
vn 0.8443 -0.2561 -0.4708
vn 0.7961 -0.2415 -0.5549
vn 0.7403 -0.2246 -0.6336
vn 0.6774 -0.2055 -0.7063
vn 0.6080 -0.1844 -0.7723
vn 0.5327 -0.1616 -0.8308
vn 0.4522 -0.1372 -0.8813
vn 0.3675 -0.1115 -0.9233
vn 0.2791 -0.0847 -0.9565
vn 0.1881 -0.0571 -0.9805
vn 0.0952 -0.0289 -0.9950
vn 0.0920 -0.0381 0.9950
vn 0.1816 -0.0752 0.9805
vn 0.2695 -0.1116 0.9565
vn 0.3548 -0.1469 0.9233
vn 0.4366 -0.1809 0.8813
vn 0.5143 -0.2130 0.8308
vn 0.5869 -0.2431 0.7723
vn 0.6540 -0.2709 0.7063
vn 0.7147 -0.2961 0.6336
vn 0.7686 -0.3184 0.5549
vn 0.8151 -0.3376 0.4708
vn 0.8538 -0.3536 0.3821
vn 0.8842 -0.3663 0.2899
vn 0.9062 -0.3754 0.1948
vn 0.9194 -0.3808 0.0979
vn 0.9239 -0.3827 -0.0000
vn 0.9194 -0.3808 -0.0979
vn 0.9062 -0.3754 -0.1948
vn 0.8842 -0.3663 -0.2899
vn 0.8538 -0.3536 -0.3821
vn 0.8151 -0.3376 -0.4708
vn 0.7686 -0.3184 -0.5549
vn 0.7147 -0.2961 -0.6336
vn 0.6540 -0.2709 -0.7063
vn 0.5869 -0.2431 -0.7723
vn 0.5143 -0.2130 -0.8308
vn 0.4366 -0.1809 -0.8813
vn 0.3548 -0.1469 -0.9233
vn 0.2695 -0.1116 -0.9565
vn 0.1816 -0.0752 -0.9805
vn 0.0920 -0.0381 -0.9950
vn 0.0878 -0.0469 0.9950
vn 0.1734 -0.0927 0.9805
vn 0.2572 -0.1375 0.9565
vn 0.3386 -0.1810 0.9233
vn 0.4168 -0.2228 0.8813
vn 0.4909 -0.2624 0.8308
vn 0.5603 -0.2995 0.7723
vn 0.6243 -0.3337 0.7063
vn 0.6823 -0.3647 0.6336
vn 0.7337 -0.3922 0.5549
vn 0.7781 -0.4159 0.4708
vn 0.8150 -0.4356 0.3821
vn 0.8441 -0.4512 0.2899
vn 0.8650 -0.4624 0.1948
vn 0.8777 -0.4691 0.0979
vn 0.8819 -0.4714 -0.0000
vn 0.8777 -0.4691 -0.0979
vn 0.8650 -0.4624 -0.1948
vn 0.8441 -0.4512 -0.2899
vn 0.8150 -0.4356 -0.3821
vn 0.7781 -0.4159 -0.4708
vn 0.7337 -0.3922 -0.5549
vn 0.6823 -0.3647 -0.6336
vn 0.6243 -0.3337 -0.7063
vn 0.5603 -0.2995 -0.7723
vn 0.4909 -0.2624 -0.8308
vn 0.4168 -0.2228 -0.8813
vn 0.3386 -0.1810 -0.9233
vn 0.2572 -0.1375 -0.9565
vn 0.1734 -0.0927 -0.9805
vn 0.0878 -0.0469 -0.9950
vn 0.0828 -0.0553 0.9950
vn 0.1634 -0.1092 0.9805
vn 0.2425 -0.1621 0.9565
vn 0.3193 -0.2133 0.9233
vn 0.3929 -0.2626 0.8813
vn 0.4628 -0.3092 0.8308
vn 0.5282 -0.3530 0.7723
vn 0.5886 -0.3933 0.7063
vn 0.6432 -0.4298 0.6336
vn 0.6917 -0.4622 0.5549
vn 0.7336 -0.4902 0.4708
vn 0.7684 -0.5134 0.3821
vn 0.7958 -0.5317 0.2899
vn 0.8155 -0.5449 0.1948
vn 0.8275 -0.5529 0.0979
vn 0.8315 -0.5556 -0.0000
vn 0.8275 -0.5529 -0.0979
vn 0.8155 -0.5449 -0.1948
vn 0.7958 -0.5317 -0.2899
vn 0.7684 -0.5134 -0.3821
vn 0.7336 -0.4902 -0.4708
vn 0.6917 -0.4622 -0.5549
vn 0.6432 -0.4298 -0.6336
vn 0.5886 -0.3933 -0.7063
vn 0.5282 -0.3530 -0.7723
vn 0.4628 -0.3092 -0.8308
vn 0.3929 -0.2626 -0.8813
vn 0.3193 -0.2133 -0.9233
vn 0.2425 -0.1621 -0.9565
vn 0.1634 -0.1092 -0.9805
vn 0.0828 -0.0553 -0.9950
vn 0.0769 -0.0631 0.9950
vn 0.1519 -0.1247 0.9805
vn 0.2255 -0.1850 0.9565
vn 0.2968 -0.2436 0.9233
vn 0.3653 -0.2998 0.8813
vn 0.4303 -0.3531 0.8308
vn 0.4911 -0.4030 0.7723
vn 0.5472 -0.4491 0.7063
vn 0.5980 -0.4908 0.6336
vn 0.6431 -0.5278 0.5549
vn 0.6820 -0.5597 0.4708
vn 0.7143 -0.5862 0.3821
vn 0.7398 -0.6072 0.2899
vn 0.7582 -0.6222 0.1948
vn 0.7693 -0.6313 0.0979
vn 0.7730 -0.6344 -0.0000
vn 0.7693 -0.6313 -0.0979
vn 0.7582 -0.6222 -0.1948
vn 0.7398 -0.6072 -0.2899
vn 0.7143 -0.5862 -0.3821
vn 0.6820 -0.5597 -0.4708
vn 0.6431 -0.5278 -0.5549
vn 0.5980 -0.4908 -0.6336
vn 0.5472 -0.4491 -0.7063
vn 0.4911 -0.4030 -0.7723
vn 0.4303 -0.3531 -0.8308
vn 0.3653 -0.2998 -0.8813
vn 0.2968 -0.2436 -0.9233
vn 0.2255 -0.1850 -0.9565
vn 0.1519 -0.1247 -0.9805
vn 0.0769 -0.0631 -0.9950
vn 0.0704 -0.0704 0.9950
vn 0.1390 -0.1390 0.9805
vn 0.2063 -0.2063 0.9565
vn 0.2715 -0.2715 0.9233
vn 0.3342 -0.3342 0.8813
vn 0.3936 -0.3936 0.8308
vn 0.4492 -0.4492 0.7723
vn 0.5005 -0.5005 0.7063
vn 0.5470 -0.5470 0.6336
vn 0.5883 -0.5883 0.5549
vn 0.6239 -0.6239 0.4708
vn 0.6534 -0.6534 0.3821
vn 0.6767 -0.6768 0.2899
vn 0.6936 -0.6936 0.1948
vn 0.7037 -0.7037 0.0979
vn 0.7071 -0.7071 -0.0000
vn 0.7037 -0.7037 -0.0979
vn 0.6936 -0.6936 -0.1948
vn 0.6767 -0.6768 -0.2899
vn 0.6534 -0.6534 -0.3821
vn 0.6239 -0.6239 -0.4708
vn 0.5883 -0.5883 -0.5549
vn 0.5470 -0.5470 -0.6336
vn 0.5005 -0.5005 -0.7063
vn 0.4492 -0.4492 -0.7723
vn 0.3936 -0.3936 -0.8308
vn 0.3342 -0.3342 -0.8813
vn 0.2715 -0.2715 -0.9233
vn 0.2063 -0.2063 -0.9565
vn 0.1390 -0.1390 -0.9805
vn 0.0704 -0.0704 -0.9950
vn 0.0631 -0.0769 0.9950
vn 0.1247 -0.1519 0.9805
vn 0.1850 -0.2255 0.9565
vn 0.2436 -0.2968 0.9233
vn 0.2998 -0.3653 0.8813
vn 0.3531 -0.4303 0.8308
vn 0.4030 -0.4911 0.7723
vn 0.4491 -0.5472 0.7063
vn 0.4908 -0.5980 0.6336
vn 0.5278 -0.6431 0.5549
vn 0.5597 -0.6820 0.4708
vn 0.5862 -0.7143 0.3821
vn 0.6072 -0.7398 0.2899
vn 0.6222 -0.7582 0.1948
vn 0.6313 -0.7693 0.0979
vn 0.6344 -0.7730 -0.0000
vn 0.6313 -0.7693 -0.0979
vn 0.6222 -0.7582 -0.1948
vn 0.6072 -0.7398 -0.2899
vn 0.5862 -0.7143 -0.3821
vn 0.5597 -0.6820 -0.4708
vn 0.5278 -0.6431 -0.5549
vn 0.4908 -0.5980 -0.6336
vn 0.4491 -0.5472 -0.7063
vn 0.4030 -0.4911 -0.7723
vn 0.3531 -0.4303 -0.8308
vn 0.2998 -0.3653 -0.8813
vn 0.2436 -0.2968 -0.9233
vn 0.1850 -0.2255 -0.9565
vn 0.1247 -0.1519 -0.9805
vn 0.0631 -0.0769 -0.9950
vn 0.0553 -0.0828 0.9950
vn 0.1092 -0.1634 0.9805
vn 0.1621 -0.2425 0.9565
vn 0.2133 -0.3193 0.9233
vn 0.2626 -0.3929 0.8813
vn 0.3092 -0.4628 0.8308
vn 0.3530 -0.5282 0.7723
vn 0.3933 -0.5886 0.7063
vn 0.4298 -0.6432 0.6336
vn 0.4622 -0.6917 0.5549
vn 0.4902 -0.7336 0.4708
vn 0.5134 -0.7684 0.3821
vn 0.5317 -0.7958 0.2899
vn 0.5449 -0.8155 0.1948
vn 0.5529 -0.8275 0.0979
vn 0.5556 -0.8315 -0.0000
vn 0.5529 -0.8275 -0.0979
vn 0.5449 -0.8155 -0.1948
vn 0.5317 -0.7958 -0.2899
vn 0.5134 -0.7684 -0.3821
vn 0.4902 -0.7336 -0.4708
vn 0.4622 -0.6917 -0.5549
vn 0.4298 -0.6432 -0.6336
vn 0.3933 -0.5886 -0.7063
vn 0.3530 -0.5282 -0.7723
vn 0.3092 -0.4628 -0.8308
vn 0.2626 -0.3929 -0.8813
vn 0.2133 -0.3193 -0.9233
vn 0.1621 -0.2425 -0.9565
vn 0.1092 -0.1634 -0.9805
vn 0.0553 -0.0828 -0.9950
vn 0.0469 -0.0878 0.9950
vn 0.0927 -0.1734 0.9805
vn 0.1375 -0.2572 0.9565
vn 0.1810 -0.3386 0.9233
vn 0.2228 -0.4168 0.8813
vn 0.2624 -0.4909 0.8308
vn 0.2995 -0.5603 0.7723
vn 0.3337 -0.6243 0.7063
vn 0.3647 -0.6823 0.6336
vn 0.3922 -0.7337 0.5549
vn 0.4159 -0.7781 0.4708
vn 0.4356 -0.8150 0.3821
vn 0.4512 -0.8441 0.2899
vn 0.4624 -0.8650 0.1948
vn 0.4691 -0.8777 0.0979
vn 0.4714 -0.8819 -0.0000
vn 0.4691 -0.8777 -0.0979
vn 0.4624 -0.8650 -0.1948
vn 0.4512 -0.8441 -0.2899
vn 0.4356 -0.8150 -0.3821
vn 0.4159 -0.7781 -0.4708
vn 0.3922 -0.7337 -0.5549
vn 0.3647 -0.6823 -0.6336
vn 0.3337 -0.6243 -0.7063
vn 0.2995 -0.5603 -0.7723
vn 0.2624 -0.4909 -0.8308
vn 0.2228 -0.4168 -0.8813
vn 0.1810 -0.3386 -0.9233
vn 0.1375 -0.2572 -0.9565
vn 0.0927 -0.1734 -0.9805
vn 0.0469 -0.0878 -0.9950
vn 0.0381 -0.0920 0.9950
vn 0.0752 -0.1816 0.9805
vn 0.1116 -0.2695 0.9565
vn 0.1469 -0.3548 0.9233
vn 0.1809 -0.4366 0.8813
vn 0.2130 -0.5143 0.8308
vn 0.2431 -0.5869 0.7723
vn 0.2709 -0.6540 0.7063
vn 0.2961 -0.7147 0.6336
vn 0.3184 -0.7686 0.5549
vn 0.3376 -0.8151 0.4708
vn 0.3536 -0.8538 0.3821
vn 0.3663 -0.8842 0.2899
vn 0.3754 -0.9062 0.1948
vn 0.3808 -0.9194 0.0979
vn 0.3827 -0.9239 -0.0000
vn 0.3808 -0.9194 -0.0979
vn 0.3754 -0.9062 -0.1948
vn 0.3663 -0.8842 -0.2899
vn 0.3536 -0.8538 -0.3821
vn 0.3376 -0.8151 -0.4708
vn 0.3184 -0.7686 -0.5549
vn 0.2961 -0.7147 -0.6336
vn 0.2709 -0.6540 -0.7063
vn 0.2431 -0.5869 -0.7723
vn 0.2130 -0.5143 -0.8308
vn 0.1809 -0.4366 -0.8813
vn 0.1469 -0.3548 -0.9233
vn 0.1116 -0.2695 -0.9565
vn 0.0752 -0.1816 -0.9805
vn 0.0381 -0.0920 -0.9950
vn 0.0289 -0.0952 0.9950
vn 0.0571 -0.1881 0.9805
vn 0.0847 -0.2791 0.9565
vn 0.1115 -0.3675 0.9233
vn 0.1372 -0.4522 0.8813
vn 0.1616 -0.5327 0.8308
vn 0.1844 -0.6080 0.7723
vn 0.2055 -0.6774 0.7063
vn 0.2246 -0.7403 0.6336
vn 0.2415 -0.7961 0.5549
vn 0.2561 -0.8443 0.4708
vn 0.2683 -0.8843 0.3821
vn 0.2778 -0.9159 0.2899
vn 0.2847 -0.9386 0.1948
vn 0.2889 -0.9523 0.0979
vn 0.2903 -0.9569 -0.0000
vn 0.2889 -0.9523 -0.0979
vn 0.2847 -0.9386 -0.1948
vn 0.2778 -0.9159 -0.2899
vn 0.2683 -0.8843 -0.3821
vn 0.2561 -0.8443 -0.4708
vn 0.2415 -0.7961 -0.5549
vn 0.2246 -0.7403 -0.6336
vn 0.2055 -0.6774 -0.7063
vn 0.1844 -0.6080 -0.7723
vn 0.1616 -0.5327 -0.8308
vn 0.1372 -0.4522 -0.8813
vn 0.1115 -0.3675 -0.9233
vn 0.0847 -0.2791 -0.9565
vn 0.0571 -0.1881 -0.9805
vn 0.0289 -0.0952 -0.9950
vn 0.0194 -0.0976 0.9950
vn 0.0383 -0.1928 0.9805
vn 0.0569 -0.2861 0.9565
vn 0.0749 -0.3766 0.9233
vn 0.0922 -0.4635 0.8813
vn 0.1086 -0.5459 0.8308
vn 0.1239 -0.6231 0.7723
vn 0.1381 -0.6943 0.7063
vn 0.1509 -0.7588 0.6336
vn 0.1623 -0.8160 0.5549
vn 0.1721 -0.8653 0.4708
vn 0.1803 -0.9063 0.3821
vn 0.1867 -0.9387 0.2899
vn 0.1914 -0.9620 0.1948
vn 0.1942 -0.9761 0.0979
vn 0.1951 -0.9808 -0.0000
vn 0.1942 -0.9761 -0.0979
vn 0.1914 -0.9620 -0.1948
vn 0.1867 -0.9387 -0.2899
vn 0.1803 -0.9063 -0.3821
vn 0.1721 -0.8653 -0.4708
vn 0.1623 -0.8160 -0.5549
vn 0.1509 -0.7588 -0.6336
vn 0.1381 -0.6943 -0.7063
vn 0.1239 -0.6231 -0.7723
vn 0.1086 -0.5459 -0.8308
vn 0.0922 -0.4635 -0.8813
vn 0.0749 -0.3766 -0.9233
vn 0.0569 -0.2861 -0.9565
vn 0.0383 -0.1928 -0.9805
vn 0.0194 -0.0976 -0.9950
vn 0.0098 -0.0991 0.9950
vn 0.0193 -0.1956 0.9805
vn 0.0286 -0.2903 0.9565
vn 0.0376 -0.3821 0.9233
vn 0.0463 -0.4703 0.8813
vn 0.0546 -0.5539 0.8308
vn 0.0623 -0.6322 0.7723
vn 0.0694 -0.7045 0.7063
vn 0.0758 -0.7699 0.6336
vn 0.0815 -0.8279 0.5549
vn 0.0865 -0.8780 0.4708
vn 0.0906 -0.9197 0.3821
vn 0.0938 -0.9525 0.2899
vn 0.0961 -0.9761 0.1948
vn 0.0975 -0.9904 0.0979
vn 0.0980 -0.9952 -0.0000
vn 0.0975 -0.9904 -0.0979
vn 0.0961 -0.9761 -0.1948
vn 0.0938 -0.9525 -0.2899
vn 0.0906 -0.9197 -0.3821
vn 0.0865 -0.8780 -0.4708
vn 0.0815 -0.8279 -0.5549
vn 0.0758 -0.7699 -0.6336
vn 0.0694 -0.7045 -0.7063
vn 0.0623 -0.6322 -0.7723
vn 0.0546 -0.5539 -0.8308
vn 0.0463 -0.4703 -0.8813
vn 0.0376 -0.3821 -0.9233
vn 0.0286 -0.2903 -0.9565
vn 0.0193 -0.1956 -0.9805
vn 0.0098 -0.0991 -0.9950
vn -0.0000 -0.0995 0.9950
vn -0.0000 -0.1966 0.9805
vn -0.0000 -0.2917 0.9565
vn -0.0000 -0.3840 0.9233
vn -0.0000 -0.4726 0.8813
vn -0.0000 -0.5566 0.8308
vn -0.0000 -0.6353 0.7723
vn -0.0000 -0.7079 0.7063
vn -0.0000 -0.7736 0.6336
vn -0.0000 -0.8319 0.5549
vn -0.0000 -0.8823 0.4708
vn -0.0000 -0.9241 0.3821
vn -0.0000 -0.9571 0.2899
vn -0.0000 -0.9808 0.1948
vn -0.0000 -0.9952 0.0979
vn -0.0000 -1.0000 -0.0000
vn -0.0000 -0.9952 -0.0979
vn -0.0000 -0.9808 -0.1948
vn -0.0000 -0.9571 -0.2899
vn -0.0000 -0.9241 -0.3821
vn -0.0000 -0.8823 -0.4708
vn -0.0000 -0.8319 -0.5549
vn -0.0000 -0.7736 -0.6336
vn -0.0000 -0.7079 -0.7063
vn -0.0000 -0.6353 -0.7723
vn -0.0000 -0.5566 -0.8308
vn -0.0000 -0.4726 -0.8813
vn -0.0000 -0.3840 -0.9233
vn -0.0000 -0.2917 -0.9565
vn -0.0000 -0.1966 -0.9805
vn -0.0000 -0.0995 -0.9950
vn -0.0098 -0.0991 0.9950
vn -0.0193 -0.1956 0.9805
vn -0.0286 -0.2903 0.9565
vn -0.0376 -0.3821 0.9233
vn -0.0463 -0.4703 0.8813
vn -0.0546 -0.5539 0.8308
vn -0.0623 -0.6322 0.7723
vn -0.0694 -0.7045 0.7063
vn -0.0758 -0.7699 0.6336
vn -0.0815 -0.8279 0.5549
vn -0.0865 -0.8780 0.4708
vn -0.0906 -0.9197 0.3821
vn -0.0938 -0.9525 0.2899
vn -0.0961 -0.9761 0.1948
vn -0.0975 -0.9904 0.0979
vn -0.0980 -0.9952 -0.0000
vn -0.0975 -0.9904 -0.0979
vn -0.0961 -0.9761 -0.1948
vn -0.0938 -0.9525 -0.2899
vn -0.0906 -0.9197 -0.3821
vn -0.0865 -0.8780 -0.4708
vn -0.0815 -0.8279 -0.5549
vn -0.0758 -0.7699 -0.6336
vn -0.0694 -0.7045 -0.7063
vn -0.0623 -0.6322 -0.7723
vn -0.0546 -0.5539 -0.8308
vn -0.0463 -0.4703 -0.8813
vn -0.0376 -0.3821 -0.9233
vn -0.0286 -0.2903 -0.9565
vn -0.0193 -0.1956 -0.9805
vn -0.0098 -0.0991 -0.9950
vn -0.0194 -0.0976 0.9950
vn -0.0383 -0.1928 0.9805
vn -0.0569 -0.2861 0.9565
vn -0.0749 -0.3766 0.9233
vn -0.0922 -0.4635 0.8813
vn -0.1086 -0.5459 0.8308
vn -0.1239 -0.6231 0.7723
vn -0.1381 -0.6943 0.7063
vn -0.1509 -0.7588 0.6336
vn -0.1623 -0.8160 0.5549
vn -0.1721 -0.8653 0.4708
vn -0.1803 -0.9063 0.3821
vn -0.1867 -0.9387 0.2899
vn -0.1914 -0.9620 0.1948
vn -0.1942 -0.9761 0.0979
vn -0.1951 -0.9808 -0.0000
vn -0.1942 -0.9761 -0.0979
vn -0.1914 -0.9620 -0.1948
vn -0.1867 -0.9387 -0.2899
vn -0.1803 -0.9063 -0.3821
vn -0.1721 -0.8653 -0.4708
vn -0.1623 -0.8160 -0.5549
vn -0.1509 -0.7588 -0.6336
vn -0.1381 -0.6943 -0.7063
vn -0.1239 -0.6231 -0.7723
vn -0.1086 -0.5459 -0.8308
vn -0.0922 -0.4635 -0.8813
vn -0.0749 -0.3766 -0.9233
vn -0.0569 -0.2861 -0.9565
vn -0.0383 -0.1928 -0.9805
vn -0.0194 -0.0976 -0.9950
vn -0.0289 -0.0952 0.9950
vn -0.0571 -0.1881 0.9805
vn -0.0847 -0.2791 0.9565
vn -0.1115 -0.3675 0.9233
vn -0.1372 -0.4522 0.8813
vn -0.1616 -0.5327 0.8308
vn -0.1844 -0.6080 0.7723
vn -0.2055 -0.6774 0.7063
vn -0.2246 -0.7403 0.6336
vn -0.2415 -0.7961 0.5549
vn -0.2561 -0.8443 0.4708
vn -0.2683 -0.8843 0.3821
vn -0.2778 -0.9159 0.2899
vn -0.2847 -0.9386 0.1948
vn -0.2889 -0.9523 0.0979
vn -0.2903 -0.9569 -0.0000
vn -0.2889 -0.9523 -0.0979
vn -0.2847 -0.9386 -0.1948
vn -0.2778 -0.9159 -0.2899
vn -0.2683 -0.8843 -0.3821
vn -0.2561 -0.8443 -0.4708
vn -0.2415 -0.7961 -0.5549
vn -0.2246 -0.7403 -0.6336
vn -0.2055 -0.6774 -0.7063
vn -0.1844 -0.6080 -0.7723
vn -0.1616 -0.5327 -0.8308
vn -0.1372 -0.4522 -0.8813
vn -0.1115 -0.3675 -0.9233
vn -0.0847 -0.2791 -0.9565
vn -0.0571 -0.1881 -0.9805
vn -0.0289 -0.0952 -0.9950
vn -0.0381 -0.0920 0.9950
vn -0.0752 -0.1816 0.9805
vn -0.1116 -0.2695 0.9565
vn -0.1469 -0.3548 0.9233
vn -0.1809 -0.4366 0.8813
vn -0.2130 -0.5143 0.8308
vn -0.2431 -0.5869 0.7723
vn -0.2709 -0.6540 0.7063
vn -0.2961 -0.7147 0.6336
vn -0.3184 -0.7686 0.5549
vn -0.3376 -0.8151 0.4708
vn -0.3536 -0.8538 0.3821
vn -0.3663 -0.8842 0.2899
vn -0.3754 -0.9062 0.1948
vn -0.3808 -0.9194 0.0979
vn -0.3827 -0.9239 -0.0000
vn -0.3808 -0.9194 -0.0979
vn -0.3754 -0.9062 -0.1948
vn -0.3663 -0.8842 -0.2899
vn -0.3536 -0.8538 -0.3821
vn -0.3376 -0.8151 -0.4708
vn -0.3184 -0.7686 -0.5549
vn -0.2961 -0.7147 -0.6336
vn -0.2709 -0.6540 -0.7063
vn -0.2431 -0.5869 -0.7723
vn -0.2130 -0.5143 -0.8308
vn -0.1809 -0.4366 -0.8813
vn -0.1469 -0.3548 -0.9233
vn -0.1116 -0.2695 -0.9565
vn -0.0752 -0.1816 -0.9805
vn -0.0381 -0.0920 -0.9950
vn -0.0469 -0.0878 0.9950
vn -0.0927 -0.1734 0.9805
vn -0.1375 -0.2572 0.9565
vn -0.1810 -0.3386 0.9233
vn -0.2228 -0.4168 0.8813
vn -0.2624 -0.4909 0.8308
vn -0.2995 -0.5603 0.7723
vn -0.3337 -0.6243 0.7063
vn -0.3647 -0.6823 0.6336
vn -0.3922 -0.7337 0.5549
vn -0.4159 -0.7781 0.4708
vn -0.4356 -0.8150 0.3821
vn -0.4512 -0.8441 0.2899
vn -0.4624 -0.8650 0.1948
vn -0.4691 -0.8777 0.0979
vn -0.4714 -0.8819 -0.0000
vn -0.4691 -0.8777 -0.0979
vn -0.4624 -0.8650 -0.1948
vn -0.4512 -0.8441 -0.2899
vn -0.4356 -0.8150 -0.3821
vn -0.4159 -0.7781 -0.4708
vn -0.3922 -0.7337 -0.5549
vn -0.3647 -0.6823 -0.6336
vn -0.3337 -0.6243 -0.7063
vn -0.2995 -0.5603 -0.7723
vn -0.2624 -0.4909 -0.8308
vn -0.2228 -0.4168 -0.8813
vn -0.1810 -0.3386 -0.9233
vn -0.1375 -0.2572 -0.9565
vn -0.0927 -0.1734 -0.9805
vn -0.0469 -0.0878 -0.9950
vn -0.0553 -0.0828 0.9950
vn -0.1092 -0.1634 0.9805
vn -0.1621 -0.2425 0.9565
vn -0.2133 -0.3193 0.9233
vn -0.2626 -0.3929 0.8813
vn -0.3092 -0.4628 0.8308
vn -0.3530 -0.5282 0.7723
vn -0.3933 -0.5886 0.7063
vn -0.4298 -0.6432 0.6336
vn -0.4622 -0.6917 0.5549
vn -0.4902 -0.7336 0.4708
vn -0.5134 -0.7684 0.3821
vn -0.5317 -0.7958 0.2899
vn -0.5449 -0.8155 0.1948
vn -0.5529 -0.8275 0.0979
vn -0.5556 -0.8315 -0.0000
vn -0.5529 -0.8275 -0.0979
vn -0.5449 -0.8155 -0.1948
vn -0.5317 -0.7958 -0.2899
vn -0.5134 -0.7684 -0.3821
vn -0.4902 -0.7336 -0.4708
vn -0.4622 -0.6917 -0.5549
vn -0.4298 -0.6432 -0.6336
vn -0.3933 -0.5886 -0.7063
vn -0.3530 -0.5282 -0.7723
vn -0.3092 -0.4628 -0.8308
vn -0.2626 -0.3929 -0.8813
vn -0.2133 -0.3193 -0.9233
vn -0.1621 -0.2425 -0.9565
vn -0.1092 -0.1634 -0.9805
vn -0.0553 -0.0828 -0.9950
vn -0.0631 -0.0769 0.9950
vn -0.1247 -0.1519 0.9805
vn -0.1850 -0.2255 0.9565
vn -0.2436 -0.2968 0.9233
vn -0.2998 -0.3653 0.8813
vn -0.3531 -0.4303 0.8308
vn -0.4030 -0.4911 0.7723
vn -0.4491 -0.5472 0.7063
vn -0.4908 -0.5980 0.6336
vn -0.5278 -0.6431 0.5549
vn -0.5597 -0.6820 0.4708
vn -0.5862 -0.7143 0.3821
vn -0.6072 -0.7398 0.2899
vn -0.6222 -0.7582 0.1948
vn -0.6313 -0.7693 0.0979
vn -0.6344 -0.7730 -0.0000
vn -0.6313 -0.7693 -0.0979
vn -0.6222 -0.7582 -0.1948
vn -0.6072 -0.7398 -0.2899
vn -0.5862 -0.7143 -0.3821
vn -0.5597 -0.6820 -0.4708
vn -0.5278 -0.6431 -0.5549
vn -0.4908 -0.5980 -0.6336
vn -0.4491 -0.5472 -0.7063
vn -0.4030 -0.4911 -0.7723
vn -0.3531 -0.4303 -0.8308
vn -0.2998 -0.3653 -0.8813
vn -0.2436 -0.2968 -0.9233
vn -0.1850 -0.2255 -0.9565
vn -0.1247 -0.1519 -0.9805
vn -0.0631 -0.0769 -0.9950
vn -0.0704 -0.0704 0.9950
vn -0.1390 -0.1390 0.9805
vn -0.2063 -0.2063 0.9565
vn -0.2715 -0.2715 0.9233
vn -0.3342 -0.3342 0.8813
vn -0.3936 -0.3936 0.8308
vn -0.4492 -0.4492 0.7723
vn -0.5005 -0.5005 0.7063
vn -0.5470 -0.5470 0.6336
vn -0.5883 -0.5883 0.5549
vn -0.6239 -0.6239 0.4708
vn -0.6534 -0.6534 0.3821
vn -0.6768 -0.6767 0.2899
vn -0.6936 -0.6936 0.1948
vn -0.7037 -0.7037 0.0979
vn -0.7071 -0.7071 -0.0000
vn -0.7037 -0.7037 -0.0979
vn -0.6936 -0.6936 -0.1948
vn -0.6768 -0.6767 -0.2899
vn -0.6534 -0.6534 -0.3821
vn -0.6239 -0.6239 -0.4708
vn -0.5883 -0.5883 -0.5549
vn -0.5470 -0.5470 -0.6336
vn -0.5005 -0.5005 -0.7063
vn -0.4492 -0.4492 -0.7723
vn -0.3936 -0.3936 -0.8308
vn -0.3342 -0.3342 -0.8813
vn -0.2715 -0.2715 -0.9233
vn -0.2063 -0.2063 -0.9565
vn -0.1390 -0.1390 -0.9805
vn -0.0704 -0.0704 -0.9950
vn -0.0769 -0.0631 0.9950
vn -0.1519 -0.1247 0.9805
vn -0.2255 -0.1850 0.9565
vn -0.2968 -0.2436 0.9233
vn -0.3653 -0.2998 0.8813
vn -0.4303 -0.3531 0.8308
vn -0.4911 -0.4030 0.7723
vn -0.5472 -0.4491 0.7063
vn -0.5980 -0.4908 0.6336
vn -0.6431 -0.5278 0.5549
vn -0.6820 -0.5597 0.4708
vn -0.7143 -0.5862 0.3821
vn -0.7398 -0.6072 0.2899
vn -0.7582 -0.6222 0.1948
vn -0.7693 -0.6313 0.0979
vn -0.7730 -0.6344 -0.0000
vn -0.7693 -0.6313 -0.0979
vn -0.7582 -0.6222 -0.1948
vn -0.7398 -0.6072 -0.2899
vn -0.7143 -0.5862 -0.3821
vn -0.6820 -0.5597 -0.4708
vn -0.6431 -0.5278 -0.5549
vn -0.5980 -0.4908 -0.6336
vn -0.5472 -0.4491 -0.7063
vn -0.4911 -0.4030 -0.7723
vn -0.4303 -0.3531 -0.8308
vn -0.3653 -0.2998 -0.8813
vn -0.2968 -0.2436 -0.9233
vn -0.2255 -0.1850 -0.9565
vn -0.1519 -0.1247 -0.9805
vn -0.0769 -0.0631 -0.9950
vn -0.0828 -0.0553 0.9950
vn -0.1634 -0.1092 0.9805
vn -0.2425 -0.1621 0.9565
vn -0.3193 -0.2133 0.9233
vn -0.3929 -0.2626 0.8813
vn -0.4628 -0.3092 0.8308
vn -0.5282 -0.3530 0.7723
vn -0.5886 -0.3933 0.7063
vn -0.6432 -0.4298 0.6336
vn -0.6917 -0.4622 0.5549
vn -0.7336 -0.4902 0.4708
vn -0.7684 -0.5134 0.3821
vn -0.7958 -0.5317 0.2899
vn -0.8155 -0.5449 0.1948
vn -0.8275 -0.5529 0.0979
vn -0.8315 -0.5556 -0.0000
vn -0.8275 -0.5529 -0.0979
vn -0.8155 -0.5449 -0.1948
vn -0.7958 -0.5317 -0.2899
vn -0.7684 -0.5134 -0.3821
vn -0.7336 -0.4902 -0.4708
vn -0.6917 -0.4622 -0.5549
vn -0.6432 -0.4298 -0.6336
vn -0.5886 -0.3933 -0.7063
vn -0.5282 -0.3530 -0.7723
vn -0.4628 -0.3092 -0.8308
vn -0.3929 -0.2626 -0.8813
vn -0.3193 -0.2133 -0.9233
vn -0.2425 -0.1621 -0.9565
vn -0.1634 -0.1092 -0.9805
vn -0.0828 -0.0553 -0.9950
vn -0.0878 -0.0469 0.9950
vn -0.1734 -0.0927 0.9805
vn -0.2572 -0.1375 0.9565
vn -0.3386 -0.1810 0.9233
vn -0.4168 -0.2228 0.8813
vn -0.4909 -0.2624 0.8308
vn -0.5603 -0.2995 0.7723
vn -0.6243 -0.3337 0.7063
vn -0.6823 -0.3647 0.6336
vn -0.7337 -0.3922 0.5549
vn -0.7781 -0.4159 0.4708
vn -0.8150 -0.4356 0.3821
vn -0.8441 -0.4512 0.2899
vn -0.8650 -0.4624 0.1948
vn -0.8777 -0.4691 0.0979
vn -0.8819 -0.4714 -0.0000
vn -0.8777 -0.4691 -0.0979
vn -0.8650 -0.4624 -0.1948
vn -0.8441 -0.4512 -0.2899
vn -0.8150 -0.4356 -0.3821
vn -0.7781 -0.4159 -0.4708
vn -0.7337 -0.3922 -0.5549
vn -0.6823 -0.3647 -0.6336
vn -0.6243 -0.3337 -0.7063
vn -0.5603 -0.2995 -0.7723
vn -0.4909 -0.2624 -0.8308
vn -0.4168 -0.2228 -0.8813
vn -0.3386 -0.1810 -0.9233
vn -0.2572 -0.1375 -0.9565
vn -0.1734 -0.0927 -0.9805
vn -0.0878 -0.0469 -0.9950
vn -0.0920 -0.0381 0.9950
vn -0.1816 -0.0752 0.9805
vn -0.2695 -0.1116 0.9565
vn -0.3548 -0.1469 0.9233
vn -0.4366 -0.1809 0.8813
vn -0.5143 -0.2130 0.8308
vn -0.5869 -0.2431 0.7723
vn -0.6540 -0.2709 0.7063
vn -0.7147 -0.2961 0.6336
vn -0.7686 -0.3184 0.5549
vn -0.8151 -0.3376 0.4708
vn -0.8538 -0.3536 0.3821
vn -0.8842 -0.3663 0.2899
vn -0.9062 -0.3754 0.1948
vn -0.9194 -0.3808 0.0979
vn -0.9239 -0.3827 -0.0000
vn -0.9194 -0.3808 -0.0979
vn -0.9062 -0.3754 -0.1948
vn -0.8842 -0.3663 -0.2899
vn -0.8538 -0.3536 -0.3821
vn -0.8151 -0.3376 -0.4708
vn -0.7686 -0.3184 -0.5549
vn -0.7147 -0.2961 -0.6336
vn -0.6540 -0.2709 -0.7063
vn -0.5869 -0.2431 -0.7723
vn -0.5143 -0.2130 -0.8308
vn -0.4366 -0.1809 -0.8813
vn -0.3548 -0.1469 -0.9233
vn -0.2695 -0.1116 -0.9565
vn -0.1816 -0.0752 -0.9805
vn -0.0920 -0.0381 -0.9950
vn -0.0952 -0.0289 0.9950
vn -0.1881 -0.0571 0.9805
vn -0.2791 -0.0847 0.9565
vn -0.3675 -0.1115 0.9233
vn -0.4522 -0.1372 0.8813
vn -0.5327 -0.1616 0.8308
vn -0.6080 -0.1844 0.7723
vn -0.6774 -0.2055 0.7063
vn -0.7403 -0.2246 0.6336
vn -0.7961 -0.2415 0.5549
vn -0.8443 -0.2561 0.4708
vn -0.8843 -0.2683 0.3821
vn -0.9159 -0.2778 0.2899
vn -0.9386 -0.2847 0.1948
vn -0.9523 -0.2889 0.0979
vn -0.9569 -0.2903 -0.0000
vn -0.9523 -0.2889 -0.0979
vn -0.9386 -0.2847 -0.1948
vn -0.9159 -0.2778 -0.2899
vn -0.8843 -0.2683 -0.3821
vn -0.8443 -0.2561 -0.4708
vn -0.7961 -0.2415 -0.5549
vn -0.7403 -0.2246 -0.6336
vn -0.6774 -0.2055 -0.7063
vn -0.6080 -0.1844 -0.7723
vn -0.5327 -0.1616 -0.8308
vn -0.4522 -0.1372 -0.8813
vn -0.3675 -0.1115 -0.9233
vn -0.2791 -0.0847 -0.9565
vn -0.1881 -0.0571 -0.9805
vn -0.0952 -0.0289 -0.9950
vn -0.0976 -0.0194 0.9950
vn -0.1928 -0.0383 0.9805
vn -0.2861 -0.0569 0.9565
vn -0.3766 -0.0749 0.9233
vn -0.4635 -0.0922 0.8813
vn -0.5459 -0.1086 0.8308
vn -0.6231 -0.1239 0.7723
vn -0.6943 -0.1381 0.7063
vn -0.7588 -0.1509 0.6336
vn -0.8160 -0.1623 0.5549
vn -0.8653 -0.1721 0.4708
vn -0.9063 -0.1803 0.3821
vn -0.9387 -0.1867 0.2899
vn -0.9620 -0.1914 0.1948
vn -0.9761 -0.1942 0.0979
vn -0.9808 -0.1951 -0.0000
vn -0.9761 -0.1942 -0.0979
vn -0.9620 -0.1914 -0.1948
vn -0.9387 -0.1867 -0.2899
vn -0.9063 -0.1803 -0.3821
vn -0.8653 -0.1721 -0.4708
vn -0.8160 -0.1623 -0.5549
vn -0.7588 -0.1509 -0.6336
vn -0.6943 -0.1381 -0.7063
vn -0.6231 -0.1239 -0.7723
vn -0.5459 -0.1086 -0.8308
vn -0.4635 -0.0922 -0.8813
vn -0.3766 -0.0749 -0.9233
vn -0.2861 -0.0569 -0.9565
vn -0.1928 -0.0383 -0.9805
vn -0.0976 -0.0194 -0.9950
vn -0.0000 -0.0000 1.0000
vn -0.0991 -0.0098 0.9950
vn -0.1956 -0.0193 0.9805
vn -0.2903 -0.0286 0.9565
vn -0.3821 -0.0376 0.9233
vn -0.4703 -0.0463 0.8813
vn -0.5539 -0.0546 0.8308
vn -0.6322 -0.0623 0.7723
vn -0.7045 -0.0694 0.7063
vn -0.7699 -0.0758 0.6336
vn -0.8279 -0.0815 0.5549
vn -0.8780 -0.0865 0.4708
vn -0.9197 -0.0906 0.3821
vn -0.9525 -0.0938 0.2899
vn -0.9761 -0.0961 0.1948
vn -0.9904 -0.0975 0.0979
vn -0.9952 -0.0980 -0.0000
vn -0.9904 -0.0975 -0.0979
vn -0.9761 -0.0961 -0.1948
vn -0.9525 -0.0938 -0.2899
vn -0.9197 -0.0906 -0.3821
vn -0.8780 -0.0865 -0.4708
vn -0.8279 -0.0815 -0.5549
vn -0.7699 -0.0758 -0.6336
vn -0.7045 -0.0694 -0.7063
vn -0.6322 -0.0623 -0.7723
vn -0.5539 -0.0546 -0.8308
vn -0.4703 -0.0463 -0.8813
vn -0.3821 -0.0376 -0.9233
vn -0.2903 -0.0286 -0.9565
vn -0.1956 -0.0193 -0.9805
vn -0.0991 -0.0098 -0.9950
vn -0.0995 -0.0000 0.9950
vn -0.1966 -0.0000 0.9805
vn -0.2917 -0.0000 0.9565
vn -0.3840 -0.0000 0.9233
vn -0.4726 -0.0000 0.8813
vn -0.5566 -0.0000 0.8308
vn -0.6353 -0.0000 0.7723
vn -0.7079 -0.0000 0.7063
vn -0.7736 -0.0000 0.6336
vn -0.8319 -0.0000 0.5549
vn -0.8823 -0.0000 0.4708
vn -0.9241 -0.0000 0.3821
vn -0.9571 -0.0000 0.2899
vn -0.9808 -0.0000 0.1948
vn -0.9952 -0.0000 0.0979
vn -1.0000 -0.0000 -0.0000
vn -0.9952 -0.0000 -0.0979
vn -0.9808 -0.0000 -0.1948
vn -0.9571 -0.0000 -0.2899
vn -0.9241 -0.0000 -0.3821
vn -0.8823 -0.0000 -0.4708
vn -0.8319 -0.0000 -0.5549
vn -0.7736 -0.0000 -0.6336
vn -0.7079 -0.0000 -0.7063
vn -0.6353 -0.0000 -0.7723
vn -0.5566 -0.0000 -0.8308
vn -0.4726 -0.0000 -0.8813
vn -0.3840 -0.0000 -0.9233
vn -0.2917 -0.0000 -0.9565
vn -0.1966 -0.0000 -0.9805
vn -0.0995 -0.0000 -0.9950
vn -0.0991 0.0098 0.9950
vn -0.1956 0.0193 0.9805
vn -0.2903 0.0286 0.9565
vn -0.3821 0.0376 0.9233
vn -0.4703 0.0463 0.8813
vn -0.5539 0.0546 0.8308
vn -0.6322 0.0623 0.7723
vn -0.7045 0.0694 0.7063
vn -0.7699 0.0758 0.6336
vn -0.8279 0.0815 0.5549
vn -0.8780 0.0865 0.4708
vn -0.9197 0.0906 0.3821
vn -0.9525 0.0938 0.2899
vn -0.9761 0.0961 0.1948
vn -0.9904 0.0975 0.0979
vn -0.9952 0.0980 -0.0000
vn -0.9904 0.0975 -0.0979
vn -0.9761 0.0961 -0.1948
vn -0.9525 0.0938 -0.2899
vn -0.9197 0.0906 -0.3821
vn -0.8780 0.0865 -0.4708
vn -0.8279 0.0815 -0.5549
vn -0.7699 0.0758 -0.6336
vn -0.7045 0.0694 -0.7063
vn -0.6322 0.0623 -0.7723
vn -0.5539 0.0546 -0.8308
vn -0.4703 0.0463 -0.8813
vn -0.3821 0.0376 -0.9233
vn -0.2903 0.0286 -0.9565
vn -0.1956 0.0193 -0.9805
vn -0.0991 0.0098 -0.9950
vn -0.0976 0.0194 0.9950
vn -0.1928 0.0383 0.9805
vn -0.2861 0.0569 0.9565
vn -0.3766 0.0749 0.9233
vn -0.4635 0.0922 0.8813
vn -0.5459 0.1086 0.8308
vn -0.6231 0.1239 0.7723
vn -0.6943 0.1381 0.7063
vn -0.7588 0.1509 0.6336
vn -0.8160 0.1623 0.5549
vn -0.8653 0.1721 0.4708
vn -0.9063 0.1803 0.3821
vn -0.9387 0.1867 0.2899
vn -0.9620 0.1914 0.1948
vn -0.9761 0.1942 0.0979
vn -0.9808 0.1951 -0.0000
vn -0.9761 0.1942 -0.0979
vn -0.9620 0.1914 -0.1948
vn -0.9387 0.1867 -0.2899
vn -0.9063 0.1803 -0.3821
vn -0.8653 0.1721 -0.4708
vn -0.8160 0.1623 -0.5549
vn -0.7588 0.1509 -0.6336
vn -0.6943 0.1381 -0.7063
vn -0.6231 0.1239 -0.7723
vn -0.5459 0.1086 -0.8308
vn -0.4635 0.0922 -0.8813
vn -0.3766 0.0749 -0.9233
vn -0.2861 0.0569 -0.9565
vn -0.1928 0.0383 -0.9805
vn -0.0976 0.0194 -0.9950
vn -0.0952 0.0289 0.9950
vn -0.1881 0.0571 0.9805
vn -0.2791 0.0847 0.9565
vn -0.3675 0.1115 0.9233
vn -0.4522 0.1372 0.8813
vn -0.5327 0.1616 0.8308
vn -0.6080 0.1844 0.7723
vn -0.6774 0.2055 0.7063
vn -0.7403 0.2246 0.6336
vn -0.7961 0.2415 0.5549
vn -0.8443 0.2561 0.4708
vn -0.8843 0.2683 0.3821
vn -0.9159 0.2778 0.2899
vn -0.9386 0.2847 0.1948
vn -0.9523 0.2889 0.0979
vn -0.9569 0.2903 -0.0000
vn -0.9523 0.2889 -0.0979
vn -0.9386 0.2847 -0.1948
vn -0.9159 0.2778 -0.2899
vn -0.8843 0.2683 -0.3821
vn -0.8443 0.2561 -0.4708
vn -0.7961 0.2415 -0.5549
vn -0.7403 0.2246 -0.6336
vn -0.6774 0.2055 -0.7063
vn -0.6080 0.1844 -0.7723
vn -0.5327 0.1616 -0.8308
vn -0.4522 0.1372 -0.8813
vn -0.3675 0.1115 -0.9233
vn -0.2791 0.0847 -0.9565
vn -0.1881 0.0571 -0.9805
vn -0.0952 0.0289 -0.9950
vn -0.0920 0.0381 0.9950
vn -0.1816 0.0752 0.9805
vn -0.2695 0.1116 0.9565
vn -0.3548 0.1469 0.9233
vn -0.4366 0.1809 0.8813
vn -0.5143 0.2130 0.8308
vn -0.5869 0.2431 0.7723
vn -0.6540 0.2709 0.7063
vn -0.7147 0.2961 0.6336
vn -0.7686 0.3184 0.5549
vn -0.8151 0.3376 0.4708
vn -0.8538 0.3536 0.3821
vn -0.8842 0.3663 0.2899
vn -0.9062 0.3754 0.1948
vn -0.9194 0.3808 0.0979
vn -0.9239 0.3827 -0.0000
vn -0.9194 0.3808 -0.0979
vn -0.9062 0.3754 -0.1948
vn -0.8842 0.3663 -0.2899
vn -0.8538 0.3536 -0.3821
vn -0.8151 0.3376 -0.4708
vn -0.7686 0.3184 -0.5549
vn -0.7147 0.2961 -0.6336
vn -0.6540 0.2709 -0.7063
vn -0.5869 0.2431 -0.7723
vn -0.5143 0.2130 -0.8308
vn -0.4366 0.1809 -0.8813
vn -0.3548 0.1469 -0.9233
vn -0.2695 0.1116 -0.9565
vn -0.1816 0.0752 -0.9805
vn -0.0920 0.0381 -0.9950
vn -0.0878 0.0469 0.9950
vn -0.1734 0.0927 0.9805
vn -0.2572 0.1375 0.9565
vn -0.3386 0.1810 0.9233
vn -0.4168 0.2228 0.8813
vn -0.4909 0.2624 0.8308
vn -0.5603 0.2995 0.7723
vn -0.6243 0.3337 0.7063
vn -0.6823 0.3647 0.6336
vn -0.7337 0.3922 0.5549
vn -0.7781 0.4159 0.4708
vn -0.8150 0.4356 0.3821
vn -0.8441 0.4512 0.2899
vn -0.8650 0.4624 0.1948
vn -0.8777 0.4691 0.0979
vn -0.8819 0.4714 -0.0000
vn -0.8777 0.4691 -0.0979
vn -0.8650 0.4624 -0.1948
vn -0.8441 0.4512 -0.2899
vn -0.8150 0.4356 -0.3821
vn -0.7781 0.4159 -0.4708
vn -0.7337 0.3922 -0.5549
vn -0.6823 0.3647 -0.6336
vn -0.6243 0.3337 -0.7063
vn -0.5603 0.2995 -0.7723
vn -0.4909 0.2624 -0.8308
vn -0.4168 0.2228 -0.8813
vn -0.3386 0.1810 -0.9233
vn -0.2572 0.1375 -0.9565
vn -0.1734 0.0927 -0.9805
vn -0.0878 0.0469 -0.9950
vn -0.0828 0.0553 0.9950
vn -0.1634 0.1092 0.9805
vn -0.2425 0.1621 0.9565
vn -0.3193 0.2133 0.9233
vn -0.3929 0.2626 0.8813
vn -0.4628 0.3092 0.8308
vn -0.5282 0.3530 0.7723
vn -0.5886 0.3933 0.7063
vn -0.6432 0.4298 0.6336
vn -0.6917 0.4622 0.5549
vn -0.7336 0.4902 0.4708
vn -0.7684 0.5134 0.3821
vn -0.7958 0.5317 0.2899
vn -0.8155 0.5449 0.1948
vn -0.8275 0.5529 0.0979
vn -0.8315 0.5556 -0.0000
vn -0.8275 0.5529 -0.0979
vn -0.8155 0.5449 -0.1948
vn -0.7958 0.5317 -0.2899
vn -0.7684 0.5134 -0.3821
vn -0.7336 0.4902 -0.4708
vn -0.6917 0.4622 -0.5549
vn -0.6432 0.4298 -0.6336
vn -0.5886 0.3933 -0.7063
vn -0.5282 0.3530 -0.7723
vn -0.4628 0.3092 -0.8308
vn -0.3929 0.2626 -0.8813
vn -0.3193 0.2133 -0.9233
vn -0.2425 0.1621 -0.9565
vn -0.1634 0.1092 -0.9805
vn -0.0828 0.0553 -0.9950
vn -0.0769 0.0631 0.9950
vn -0.1519 0.1247 0.9805
vn -0.2255 0.1850 0.9565
vn -0.2968 0.2436 0.9233
vn -0.3653 0.2998 0.8813
vn -0.4303 0.3531 0.8308
vn -0.4911 0.4030 0.7723
vn -0.5472 0.4491 0.7063
vn -0.5980 0.4908 0.6336
vn -0.6431 0.5278 0.5549
vn -0.6820 0.5597 0.4708
vn -0.7143 0.5862 0.3821
vn -0.7398 0.6072 0.2899
vn -0.7582 0.6222 0.1948
vn -0.7693 0.6313 0.0979
vn -0.7730 0.6344 -0.0000
vn -0.7693 0.6313 -0.0979
vn -0.7582 0.6222 -0.1948
vn -0.7398 0.6072 -0.2899
vn -0.7143 0.5862 -0.3821
vn -0.6820 0.5597 -0.4708
vn -0.6431 0.5278 -0.5549
vn -0.5980 0.4908 -0.6336
vn -0.5472 0.4491 -0.7063
vn -0.4911 0.4030 -0.7723
vn -0.4303 0.3531 -0.8308
vn -0.3653 0.2998 -0.8813
vn -0.2968 0.2436 -0.9233
vn -0.2255 0.1850 -0.9565
vn -0.1519 0.1247 -0.9805
vn -0.0769 0.0631 -0.9950
vn -0.0704 0.0704 0.9950
vn -0.1390 0.1390 0.9805
vn -0.2063 0.2063 0.9565
vn -0.2715 0.2715 0.9233
vn -0.3342 0.3342 0.8813
vn -0.3936 0.3936 0.8308
vn -0.4492 0.4492 0.7723
vn -0.5005 0.5005 0.7063
vn -0.5470 0.5470 0.6336
vn -0.5883 0.5883 0.5549
vn -0.6239 0.6239 0.4708
vn -0.6534 0.6534 0.3821
vn -0.6767 0.6768 0.2899
vn -0.6936 0.6936 0.1948
vn -0.7037 0.7037 0.0979
vn -0.7071 0.7071 -0.0000
vn -0.7037 0.7037 -0.0979
vn -0.6936 0.6936 -0.1948
vn -0.6767 0.6768 -0.2899
vn -0.6534 0.6534 -0.3821
vn -0.6239 0.6239 -0.4708
vn -0.5883 0.5883 -0.5549
vn -0.5470 0.5470 -0.6336
vn -0.5005 0.5005 -0.7063
vn -0.4492 0.4492 -0.7723
vn -0.3936 0.3936 -0.8308
vn -0.3342 0.3342 -0.8813
vn -0.2715 0.2715 -0.9233
vn -0.2063 0.2063 -0.9565
vn -0.1390 0.1390 -0.9805
vn -0.0704 0.0704 -0.9950
vn -0.0631 0.0769 0.9950
vn -0.1247 0.1519 0.9805
vn -0.1850 0.2255 0.9565
vn -0.2436 0.2968 0.9233
vn -0.2998 0.3653 0.8813
vn -0.3531 0.4303 0.8308
vn -0.4030 0.4911 0.7723
vn -0.4491 0.5472 0.7063
vn -0.4908 0.5980 0.6336
vn -0.5278 0.6431 0.5549
vn -0.5597 0.6820 0.4708
vn -0.5862 0.7143 0.3821
vn -0.6072 0.7398 0.2899
vn -0.6222 0.7582 0.1948
vn -0.6313 0.7693 0.0979
vn -0.6344 0.7730 -0.0000
vn -0.6313 0.7693 -0.0979
vn -0.6222 0.7582 -0.1948
vn -0.6072 0.7398 -0.2899
vn -0.5862 0.7143 -0.3821
vn -0.5597 0.6820 -0.4708
vn -0.5278 0.6431 -0.5549
vn -0.4908 0.5980 -0.6336
vn -0.4491 0.5472 -0.7063
vn -0.4030 0.4911 -0.7723
vn -0.3531 0.4303 -0.8308
vn -0.2998 0.3653 -0.8813
vn -0.2436 0.2968 -0.9233
vn -0.1850 0.2255 -0.9565
vn -0.1247 0.1519 -0.9805
vn -0.0631 0.0769 -0.9950
vn -0.0553 0.0828 0.9950
vn -0.1092 0.1634 0.9805
vn -0.1621 0.2425 0.9565
vn -0.2133 0.3193 0.9233
vn -0.2626 0.3929 0.8813
vn -0.3092 0.4628 0.8308
vn -0.3530 0.5282 0.7723
vn -0.3933 0.5886 0.7063
vn -0.4298 0.6432 0.6336
vn -0.4622 0.6917 0.5549
vn -0.4902 0.7336 0.4708
vn -0.5134 0.7684 0.3821
vn -0.5317 0.7958 0.2899
vn -0.5449 0.8155 0.1948
vn -0.5529 0.8275 0.0979
vn -0.5556 0.8315 -0.0000
vn -0.5529 0.8275 -0.0979
vn -0.5449 0.8155 -0.1948
vn -0.5317 0.7958 -0.2899
vn -0.5134 0.7684 -0.3821
vn -0.4902 0.7336 -0.4708
vn -0.4622 0.6917 -0.5549
vn -0.4298 0.6432 -0.6336
vn -0.3933 0.5886 -0.7063
vn -0.3530 0.5282 -0.7723
vn -0.3092 0.4628 -0.8308
vn -0.2626 0.3929 -0.8813
vn -0.2133 0.3193 -0.9233
vn -0.1621 0.2425 -0.9565
vn -0.1092 0.1634 -0.9805
vn -0.0553 0.0828 -0.9950
vn -0.0469 0.0878 0.9950
vn -0.0927 0.1734 0.9805
vn -0.1375 0.2572 0.9565
vn -0.1810 0.3387 0.9233
vn -0.2228 0.4168 0.8813
vn -0.2624 0.4909 0.8308
vn -0.2995 0.5603 0.7723
vn -0.3337 0.6243 0.7063
vn -0.3647 0.6823 0.6336
vn -0.3922 0.7337 0.5549
vn -0.4159 0.7781 0.4708
vn -0.4356 0.8150 0.3821
vn -0.4512 0.8441 0.2899
vn -0.4624 0.8650 0.1948
vn -0.4691 0.8777 0.0979
vn -0.4714 0.8819 -0.0000
vn -0.4691 0.8777 -0.0979
vn -0.4624 0.8650 -0.1948
vn -0.4512 0.8441 -0.2899
vn -0.4356 0.8150 -0.3821
vn -0.4159 0.7781 -0.4708
vn -0.3922 0.7337 -0.5549
vn -0.3647 0.6823 -0.6336
vn -0.3337 0.6243 -0.7063
vn -0.2995 0.5603 -0.7723
vn -0.2624 0.4909 -0.8308
vn -0.2228 0.4168 -0.8813
vn -0.1810 0.3386 -0.9233
vn -0.1375 0.2572 -0.9565
vn -0.0927 0.1734 -0.9805
vn -0.0469 0.0878 -0.9950
vn -0.0381 0.0920 0.9950
vn -0.0752 0.1816 0.9805
vn -0.1116 0.2695 0.9565
vn -0.1469 0.3548 0.9233
vn -0.1809 0.4366 0.8813
vn -0.2130 0.5143 0.8308
vn -0.2431 0.5869 0.7723
vn -0.2709 0.6540 0.7063
vn -0.2961 0.7147 0.6336
vn -0.3184 0.7686 0.5549
vn -0.3376 0.8151 0.4708
vn -0.3536 0.8538 0.3821
vn -0.3663 0.8842 0.2899
vn -0.3754 0.9062 0.1948
vn -0.3808 0.9194 0.0979
vn -0.3827 0.9239 -0.0000
vn -0.3808 0.9194 -0.0979
vn -0.3754 0.9062 -0.1948
vn -0.3663 0.8842 -0.2899
vn -0.3536 0.8538 -0.3821
vn -0.3376 0.8151 -0.4708
vn -0.3184 0.7686 -0.5549
vn -0.2961 0.7147 -0.6336
vn -0.2709 0.6540 -0.7063
vn -0.2431 0.5869 -0.7723
vn -0.2130 0.5143 -0.8308
vn -0.1809 0.4366 -0.8813
vn -0.1469 0.3548 -0.9233
vn -0.1116 0.2695 -0.9565
vn -0.0752 0.1816 -0.9805
vn -0.0381 0.0920 -0.9950
vn -0.0289 0.0952 0.9950
vn -0.0571 0.1881 0.9805
vn -0.0847 0.2791 0.9565
vn -0.1115 0.3675 0.9233
vn -0.1372 0.4522 0.8813
vn -0.1616 0.5327 0.8308
vn -0.1844 0.6080 0.7723
vn -0.2055 0.6774 0.7063
vn -0.2246 0.7403 0.6336
vn -0.2415 0.7961 0.5549
vn -0.2561 0.8443 0.4708
vn -0.2683 0.8843 0.3821
vn -0.2778 0.9159 0.2899
vn -0.2847 0.9386 0.1948
vn -0.2889 0.9523 0.0979
vn -0.2903 0.9569 -0.0000
vn -0.2889 0.9523 -0.0979
vn -0.2847 0.9386 -0.1948
vn -0.2778 0.9159 -0.2899
vn -0.2683 0.8843 -0.3821
vn -0.2561 0.8443 -0.4708
vn -0.2415 0.7961 -0.5549
vn -0.2246 0.7403 -0.6336
vn -0.2055 0.6774 -0.7063
vn -0.1844 0.6080 -0.7723
vn -0.1616 0.5327 -0.8308
vn -0.1372 0.4522 -0.8813
vn -0.1115 0.3675 -0.9233
vn -0.0847 0.2791 -0.9565
vn -0.0571 0.1881 -0.9805
vn -0.0289 0.0952 -0.9950
vn -0.0194 0.0976 0.9950
vn -0.0383 0.1928 0.9805
vn -0.0569 0.2861 0.9565
vn -0.0749 0.3766 0.9233
vn -0.0922 0.4635 0.8813
vn -0.1086 0.5459 0.8308
vn -0.1239 0.6231 0.7723
vn -0.1381 0.6943 0.7063
vn -0.1509 0.7588 0.6336
vn -0.1623 0.8160 0.5549
vn -0.1721 0.8653 0.4708
vn -0.1803 0.9063 0.3821
vn -0.1867 0.9387 0.2899
vn -0.1914 0.9620 0.1948
vn -0.1942 0.9761 0.0979
vn -0.1951 0.9808 -0.0000
vn -0.1942 0.9761 -0.0979
vn -0.1914 0.9620 -0.1948
vn -0.1867 0.9387 -0.2899
vn -0.1803 0.9063 -0.3821
vn -0.1721 0.8653 -0.4708
vn -0.1623 0.8160 -0.5549
vn -0.1509 0.7588 -0.6336
vn -0.1381 0.6943 -0.7063
vn -0.1239 0.6231 -0.7723
vn -0.1086 0.5459 -0.8308
vn -0.0922 0.4635 -0.8813
vn -0.0749 0.3766 -0.9233
vn -0.0569 0.2861 -0.9565
vn -0.0383 0.1928 -0.9805
vn -0.0194 0.0976 -0.9950
vn -0.0098 0.0991 0.9950
vn -0.0193 0.1956 0.9805
vn -0.0286 0.2903 0.9565
vn -0.0376 0.3821 0.9233
vn -0.0463 0.4703 0.8813
vn -0.0546 0.5539 0.8308
vn -0.0623 0.6322 0.7723
vn -0.0694 0.7045 0.7063
vn -0.0758 0.7699 0.6336
vn -0.0815 0.8279 0.5549
vn -0.0865 0.8780 0.4708
vn -0.0906 0.9197 0.3821
vn -0.0938 0.9525 0.2899
vn -0.0961 0.9761 0.1948
vn -0.0976 0.9904 0.0979
vn -0.0980 0.9952 -0.0000
vn -0.0975 0.9904 -0.0979
vn -0.0961 0.9761 -0.1948
vn -0.0938 0.9525 -0.2899
vn -0.0906 0.9197 -0.3821
vn -0.0865 0.8780 -0.4708
vn -0.0815 0.8279 -0.5549
vn -0.0758 0.7699 -0.6336
vn -0.0694 0.7045 -0.7063
vn -0.0623 0.6322 -0.7723
vn -0.0546 0.5539 -0.8308
vn -0.0463 0.4703 -0.8813
vn -0.0376 0.3821 -0.9233
vn -0.0286 0.2903 -0.9565
vn -0.0193 0.1956 -0.9805
vn -0.0098 0.0991 -0.9950
vn -0.0000 0.2917 0.9565
vn -0.0000 0.3840 0.9233
vn -0.0000 0.4726 0.8813
vn -0.0000 0.5566 0.8308
vn -0.0000 0.6353 0.7723
vn -0.0000 0.7736 0.6336
vn -0.0000 0.8319 0.5549
vn -0.0000 0.9241 0.3821
vn -0.0000 0.9952 -0.0979
vn -0.0000 0.9571 -0.2899
vn -0.0000 0.8319 -0.5549
vn -0.0000 0.7736 -0.6336
vn -0.0000 0.7079 -0.7063
vn -0.0000 0.6353 -0.7723
vn -0.0000 0.4726 -0.8813
vn -0.0000 0.3840 -0.9233
vn -0.0000 0.2917 -0.9565
vn -0.0000 0.1966 -0.9805
vn -0.0000 0.0995 -0.9950
vn -0.0000 -0.0000 -1.0000
vt 0.125232 0.022788
vt 0.143716 0.035481
vt 0.130007 0.038913
vt 0.087179 0.583537
vt 0.066900 0.561528
vt 0.087485 0.563842
vt 0.147192 0.053322
vt 0.135187 0.056328
vt 0.108805 0.565665
vt 0.108488 0.586066
vt 0.150908 0.072314
vt 0.140721 0.074865
vt 0.130655 0.566981
vt 0.130331 0.587889
vt 0.514484 0.141655
vt 0.508024 0.162918
vt 0.512366 0.141125
vt 0.154826 0.092273
vt 0.146556 0.094344
vt 0.152825 0.567775
vt 0.152495 0.588990
vt 0.516669 0.119590
vt 0.520885 0.120646
vt 0.158910 0.113008
vt 0.152637 0.114578
vt 0.175100 0.568041
vt 0.174770 0.589359
vt 0.527164 0.100092
vt 0.520891 0.098521
vt 0.158904 0.135373
vt 0.163120 0.134318
vt 0.196938 0.588990
vt 0.197267 0.567775
vt 0.533261 0.080192
vt 0.524991 0.078122
vt 0.167415 0.155998
vt 0.165297 0.156529
vt 0.219113 0.566981
vt 0.218788 0.587889
vt 0.539117 0.061138
vt 0.528930 0.058588
vt 0.171755 0.177840
vt 0.240426 0.565666
vt 0.240109 0.586066
vt 0.544676 0.043113
vt 0.532670 0.040107
vt 0.261001 0.563842
vt 0.260695 0.583537
vt 0.549885 0.026291
vt 0.536176 0.022858
vt 0.280641 0.561528
vt 0.280349 0.580329
vt 0.554693 0.010832
vt 0.539413 0.007006
vt 0.299155 0.558745
vt 0.298880 0.576470
vt 0.011260 0.566959
vt 0.028721 0.555520
vt 0.028465 0.571999
vt 0.316367 0.555520
vt 0.316111 0.571999
vt 0.047249 0.558745
vt 0.046974 0.576470
vt 0.137612 0.003924
vt 0.140512 0.018961
vt 0.066609 0.580329
vt 0.520428 0.038292
vt 0.240638 0.544757
vt 0.261206 0.543656
vt 0.522196 0.020785
vt 0.280837 0.542258
vt 0.523831 0.004696
vt 0.299340 0.540578
vt 0.011651 0.536435
vt 0.028893 0.538631
vt 0.316539 0.538631
vt 0.047434 0.540578
vt 0.332267 0.536435
vt 0.332110 0.551885
vt 0.067096 0.542258
vt 0.157696 0.033408
vt 0.087690 0.543656
vt 0.159435 0.051507
vt 0.109018 0.544757
vt 0.161296 0.070773
vt 0.130873 0.545551
vt 0.510206 0.140804
vt 0.163259 0.091023
vt 0.153046 0.546031
vt 0.512370 0.118952
vt 0.165307 0.112059
vt 0.175323 0.546191
vt 0.514494 0.097573
vt 0.167419 0.133680
vt 0.197489 0.546031
vt 0.516558 0.076871
vt 0.169575 0.155678
vt 0.219331 0.545551
vt 0.518542 0.057047
vt 0.508097 0.003923
vt 0.299433 0.522144
vt 0.011730 0.520759
vt 0.028979 0.521493
vt 0.316625 0.521493
vt 0.047527 0.522144
vt 0.332346 0.520759
vt 0.067195 0.522706
vt 0.156094 0.016651
vt 0.171811 0.032715
vt 0.087793 0.523173
vt 0.171797 0.050900
vt 0.109125 0.523542
vt 0.171784 0.070259
vt 0.130983 0.523807
vt 0.508025 0.140697
vt 0.171774 0.090605
vt 0.153157 0.523968
vt 0.508029 0.118739
vt 0.171766 0.111742
vt 0.175434 0.524021
vt 0.508035 0.097256
vt 0.171760 0.133467
vt 0.197600 0.523968
vt 0.508043 0.076453
vt 0.171756 0.155571
vt 0.219440 0.523807
vt 0.508054 0.056532
vt 0.240745 0.523542
vt 0.508066 0.037685
vt 0.261310 0.523173
vt 0.508081 0.020092
vt 0.280935 0.522706
vt 0.047527 0.503621
vt 0.332346 0.505006
vt 0.067195 0.503059
vt 0.187561 0.016652
vt 0.185927 0.033408
vt 0.087793 0.502592
vt 0.184159 0.051507
vt 0.109125 0.502223
vt 0.182273 0.070774
vt 0.130983 0.501958
vt 0.505844 0.140804
vt 0.180289 0.091023
vt 0.153157 0.501797
vt 0.503688 0.118953
vt 0.178225 0.112059
vt 0.175434 0.501744
vt 0.501576 0.097573
vt 0.176101 0.133680
vt 0.197600 0.501797
vt 0.499528 0.076872
vt 0.173937 0.155678
vt 0.219440 0.501958
vt 0.497565 0.057048
vt 0.240745 0.502223
vt 0.495704 0.038292
vt 0.261310 0.502592
vt 0.493965 0.020786
vt 0.280935 0.503059
vt 0.492364 0.004697
vt 0.299433 0.503621
vt 0.011730 0.505006
vt 0.028979 0.504272
vt 0.316625 0.504272
vt 0.087690 0.482109
vt 0.199907 0.035482
vt 0.196401 0.053323
vt 0.109018 0.481008
vt 0.192661 0.072315
vt 0.130873 0.480214
vt 0.503684 0.141125
vt 0.188722 0.092274
vt 0.153046 0.479734
vt 0.499389 0.119590
vt 0.184621 0.113008
vt 0.175323 0.479574
vt 0.495179 0.098522
vt 0.180400 0.134318
vt 0.197489 0.479734
vt 0.491095 0.078123
vt 0.176097 0.155998
vt 0.219331 0.480214
vt 0.487177 0.058589
vt 0.240638 0.481008
vt 0.483462 0.040108
vt 0.261206 0.482109
vt 0.479985 0.022859
vt 0.280837 0.483507
vt 0.476782 0.007008
vt 0.299340 0.485187
vt 0.028893 0.487134
vt 0.316539 0.487134
vt 0.047434 0.485187
vt 0.332267 0.489330
vt 0.067096 0.483507
vt 0.203143 0.018963
vt 0.130655 0.458784
vt 0.501566 0.141655
vt 0.202848 0.074866
vt 0.196991 0.094345
vt 0.152825 0.457990
vt 0.495173 0.120646
vt 0.190894 0.114579
vt 0.175100 0.457724
vt 0.488906 0.100093
vt 0.184616 0.135374
vt 0.197267 0.457990
vt 0.482826 0.080194
vt 0.178215 0.156529
vt 0.219113 0.458784
vt 0.476990 0.061140
vt 0.240426 0.460099
vt 0.471456 0.043115
vt 0.261001 0.461923
vt 0.466276 0.026293
vt 0.280641 0.464237
vt 0.461501 0.010835
vt 0.299155 0.467020
vt 0.011494 0.473880
vt 0.028721 0.470245
vt 0.316367 0.470245
vt 0.047249 0.467020
vt 0.332110 0.473880
vt 0.066900 0.464237
vt 0.218424 0.022790
vt 0.213616 0.038915
vt 0.087485 0.461923
vt 0.208407 0.056330
vt 0.108805 0.460099
vt 0.152495 0.436774
vt 0.174770 0.436406
vt 0.482817 0.102271
vt 0.188708 0.136838
vt 0.196938 0.436774
vt 0.474799 0.083065
vt 0.180271 0.157264
vt 0.218788 0.437876
vt 0.467103 0.064677
vt 0.240109 0.439699
vt 0.459803 0.047284
vt 0.260695 0.442228
vt 0.452970 0.031053
vt 0.280349 0.445436
vt 0.446670 0.016141
vt 0.298880 0.449295
vt 0.011260 0.458806
vt 0.028465 0.453766
vt 0.316111 0.453766
vt 0.046974 0.449295
vt 0.222785 0.008109
vt 0.233255 0.028096
vt 0.066609 0.445436
vt 0.226922 0.043676
vt 0.087179 0.442228
vt 0.220060 0.060499
vt 0.108489 0.439699
vt 0.212735 0.078403
vt 0.130331 0.437876
vt 0.499510 0.142391
vt 0.205018 0.097216
vt 0.491081 0.122110
vt 0.196983 0.116757
vt 0.218361 0.417690
vt 0.457609 0.069166
vt 0.182245 0.158198
vt 0.239692 0.420004
vt 0.448614 0.052574
vt 0.260293 0.423213
vt 0.440194 0.037094
vt 0.279964 0.427285
vt 0.432429 0.022874
vt 0.298518 0.432182
vt 0.010952 0.444252
vt 0.028128 0.437856
vt 0.315774 0.437856
vt 0.046612 0.432182
vt 0.238999 0.013909
vt 0.247495 0.034829
vt 0.066224 0.427285
vt 0.239698 0.049717
vt 0.086777 0.423213
vt 0.231249 0.065789
vt 0.108071 0.420004
vt 0.222229 0.082892
vt 0.129903 0.417690
vt 0.497537 0.143324
vt 0.212725 0.100861
vt 0.152062 0.416292
vt 0.487152 0.123968
vt 0.202829 0.119522
vt 0.174334 0.415825
vt 0.476971 0.105036
vt 0.192636 0.138696
vt 0.196504 0.416292
vt 0.467092 0.086709
vt 0.259796 0.405061
vt 0.428072 0.044358
vt 0.279491 0.409958
vt 0.418918 0.030971
vt 0.298071 0.415846
vt 0.027713 0.422668
vt 0.315359 0.422668
vt 0.046165 0.415846
vt 0.269337 0.030122
vt 0.261007 0.042926
vt 0.065750 0.409958
vt 0.251820 0.056981
vt 0.086280 0.405061
vt 0.241864 0.072151
vt 0.107557 0.401203
vt 0.231236 0.088290
vt 0.129376 0.398420
vt 0.495664 0.144446
vt 0.220037 0.105243
vt 0.151527 0.396740
vt 0.483425 0.126202
vt 0.208376 0.122846
vt 0.173796 0.396178
vt 0.471425 0.108359
vt 0.196364 0.140930
vt 0.195970 0.396740
vt 0.459780 0.091091
vt 0.184118 0.159320
vt 0.217834 0.398420
vt 0.448602 0.074564
vt 0.239178 0.401203
vt 0.437999 0.058936
vt 0.297545 0.400445
vt 0.396793 0.029160
vt 0.410625 0.018903
vt 0.314870 0.408350
vt 0.027224 0.408350
vt 0.045639 0.400445
vt 0.283168 0.040378
vt 0.273659 0.052308
vt 0.065192 0.393622
vt 0.263171 0.065398
vt 0.085696 0.387948
vt 0.251805 0.079522
vt 0.106952 0.383478
vt 0.239671 0.094544
vt 0.128755 0.380253
vt 0.493910 0.145747
vt 0.226885 0.110320
vt 0.150897 0.378306
vt 0.479934 0.128790
vt 0.213570 0.126697
vt 0.173163 0.377655
vt 0.466231 0.112211
vt 0.199855 0.143518
vt 0.195340 0.378306
vt 0.452932 0.096169
vt 0.185872 0.160621
vt 0.217213 0.380253
vt 0.440167 0.080818
vt 0.238572 0.383478
vt 0.428058 0.066307
vt 0.259212 0.387948
vt 0.416721 0.052775
vt 0.278933 0.393622
vt 0.406266 0.040353
vt 0.285331 0.062884
vt 0.045038 0.386126
vt 0.064555 0.378435
vt 0.273643 0.074887
vt 0.085028 0.372039
vt 0.260976 0.087832
vt 0.106260 0.366998
vt 0.247452 0.101595
vt 0.128047 0.363363
vt 0.492292 0.147213
vt 0.233201 0.116044
vt 0.150178 0.361168
vt 0.476713 0.131708
vt 0.218362 0.131039
vt 0.172441 0.360434
vt 0.461439 0.116553
vt 0.203075 0.146436
vt 0.194621 0.361168
vt 0.446616 0.101893
vt 0.187490 0.162087
vt 0.216504 0.363363
vt 0.432386 0.087869
vt 0.237881 0.366998
vt 0.418887 0.074617
vt 0.258544 0.372039
vt 0.406249 0.062264
vt 0.278295 0.378435
vt 0.394594 0.050929
vt 0.296944 0.386126
vt 0.384033 0.040722
vt 0.305331 0.042160
vt 0.295928 0.051940
vt 0.283134 0.085356
vt 0.269288 0.097000
vt 0.084284 0.357485
vt 0.105489 0.351924
vt 0.254504 0.109375
vt 0.127256 0.347914
vt 0.490825 0.148831
vt 0.238927 0.122359
vt 0.149376 0.345492
vt 0.473795 0.134928
vt 0.222704 0.135829
vt 0.171635 0.344682
vt 0.457096 0.121343
vt 0.205994 0.149656
vt 0.523163 0.680273
vt 0.500098 0.665331
vt 0.522361 0.664597
vt 0.440890 0.108208
vt 0.188956 0.163704
vt 0.544492 0.662402
vt 0.545282 0.677851
vt 0.425334 0.095648
vt 0.567050 0.673841
vt 0.566279 0.658766
vt 0.410575 0.083785
vt 0.587511 0.653726
vt 0.588255 0.668280
vt 0.396758 0.072733
vt 0.608694 0.661222
vt 0.607984 0.647330
vt 0.384015 0.062598
vt 0.627501 0.639639
vt 0.628171 0.652736
vt 0.372468 0.053478
vt 0.307493 0.064697
vt 0.026665 0.395038
vt 0.044368 0.373029
vt 0.295910 0.074553
vt 0.063844 0.364543
vt 0.260760 0.117807
vt 0.244005 0.129205
vt 0.477918 0.664597
vt 0.455325 0.645512
vt 0.477199 0.647459
vt 0.489525 0.150584
vt 0.471206 0.138418
vt 0.226557 0.141022
vt 0.499375 0.648110
vt 0.453244 0.126536
vt 0.208583 0.153146
vt 0.521641 0.647459
vt 0.435812 0.115054
vt 0.190257 0.165458
vt 0.543783 0.645512
vt 0.419078 0.104081
vt 0.565587 0.642287
vt 0.403203 0.093724
vt 0.586843 0.637817
vt 0.388340 0.084082
vt 0.607346 0.632143
vt 0.374631 0.075248
vt 0.626900 0.625320
vt 0.362210 0.067307
vt 0.645874 0.630727
vt 0.645315 0.617415
vt 0.358227 0.630727
vt 0.374994 0.625320
vt 0.375595 0.639639
vt 0.305294 0.087203
vt 0.394243 0.647330
vt 0.393606 0.632143
vt 0.291553 0.096705
vt 0.413327 0.637816
vt 0.413995 0.653726
vt 0.276660 0.106939
vt 0.434658 0.658766
vt 0.433966 0.642287
vt 0.456034 0.662402
vt 0.210817 0.156872
vt 0.498742 0.629587
vt 0.521012 0.629025
vt 0.449919 0.132082
vt 0.431429 0.122364
vt 0.191379 0.167330
vt 0.543162 0.627345
vt 0.413679 0.113087
vt 0.564981 0.624562
vt 0.396840 0.104337
vt 0.586258 0.620704
vt 0.381074 0.096201
vt 0.606788 0.615807
vt 0.366533 0.088756
vt 0.626374 0.609919
vt 0.353357 0.082074
vt 0.644826 0.603096
vt 0.357669 0.617415
vt 0.374467 0.609919
vt 0.317751 0.078525
vt 0.313392 0.100711
vt 0.393048 0.615807
vt 0.298818 0.108824
vt 0.412742 0.620704
vt 0.283023 0.117552
vt 0.433361 0.624562
vt 0.266159 0.126813
vt 0.454705 0.627345
vt 0.488402 0.152456
vt 0.248388 0.136516
vt 0.476569 0.629025
vt 0.468971 0.142145
vt 0.229881 0.146568
vt 0.192313 0.169304
vt 0.542636 0.608075
vt 0.564467 0.605761
vt 0.391548 0.115523
vt 0.585762 0.602552
vt 0.375031 0.108974
vt 0.606315 0.598480
vt 0.359798 0.102993
vt 0.625927 0.593583
vt 0.345994 0.097638
vt 0.644410 0.587909
vt 0.357179 0.603096
vt 0.374021 0.593583
vt 0.661587 0.581513
vt 0.661967 0.595405
vt 0.392574 0.598480
vt 0.320127 0.114948
vt 0.304861 0.121597
vt 0.412246 0.602552
vt 0.288315 0.128738
vt 0.432847 0.605761
vt 0.270649 0.136304
vt 0.454178 0.608075
vt 0.487469 0.154430
vt 0.252033 0.144221
vt 0.476034 0.609473
vt 0.467113 0.146073
vt 0.232646 0.152412
vt 0.498205 0.609940
vt 0.447154 0.137926
vt 0.212675 0.160800
vt 0.520477 0.609473
vt 0.427784 0.130069
vt 0.409189 0.122578
vt 0.585359 0.583537
vt 0.605930 0.580328
vt 0.370270 0.122277
vt 0.354491 0.117821
vt 0.625564 0.576470
vt 0.340193 0.113848
vt 0.644073 0.571999
vt 0.356764 0.587909
vt 0.373658 0.576470
vt 0.661279 0.566959
vt 0.392190 0.580328
vt 0.309622 0.134900
vt 0.411843 0.583537
vt 0.292484 0.140388
vt 0.432429 0.586066
vt 0.274187 0.146189
vt 0.453750 0.587889
vt 0.486733 0.156485
vt 0.254905 0.152245
vt 0.475600 0.588990
vt 0.465649 0.150164
vt 0.234825 0.158500
vt 0.497769 0.589359
vt 0.444976 0.144013
vt 0.214140 0.164891
vt 0.520043 0.588990
vt 0.424912 0.138094
vt 0.193049 0.171359
vt 0.542208 0.587889
vt 0.405651 0.132463
vt 0.564050 0.586066
vt 0.387379 0.127173
vt 0.625289 0.558745
vt 0.643818 0.555520
vt 0.356427 0.571999
vt 0.373383 0.558745
vt 0.661045 0.551885
vt 0.391898 0.561527
vt 0.329261 0.145053
vt 0.313056 0.148606
vt 0.411538 0.563842
vt 0.295492 0.152391
vt 0.432113 0.565665
vt 0.276738 0.156373
vt 0.453426 0.566981
vt 0.486202 0.158603
vt 0.256976 0.160513
vt 0.475271 0.567775
vt 0.464593 0.154378
vt 0.236396 0.164771
vt 0.497438 0.568040
vt 0.443405 0.150285
vt 0.215196 0.169106
vt 0.519714 0.567775
vt 0.422841 0.146362
vt 0.193579 0.173477
vt 0.541884 0.566981
vt 0.403100 0.142647
vt 0.563734 0.565665
vt 0.384371 0.139176
vt 0.585054 0.563842
vt 0.366836 0.135983
vt 0.605638 0.561528
vt 0.350663 0.133098
vt 0.340429 0.551885
vt 0.356172 0.555520
vt 0.315129 0.162582
vt 0.411332 0.543656
vt 0.297308 0.164631
vt 0.431900 0.544757
vt 0.278279 0.166759
vt 0.453208 0.545551
vt 0.485882 0.160762
vt 0.258227 0.168944
vt 0.475050 0.546031
vt 0.463955 0.158676
vt 0.237345 0.171166
vt 0.497216 0.546191
vt 0.442456 0.156680
vt 0.215833 0.173404
vt 0.519493 0.546031
vt 0.421590 0.154793
vt 0.193900 0.175636
vt 0.541666 0.545551
vt 0.401559 0.153032
vt 0.563521 0.544757
vt 0.382555 0.151416
vt 0.584848 0.543656
vt 0.364763 0.149959
vt 0.605442 0.542258
vt 0.348352 0.148676
vt 0.625105 0.540578
vt 0.340272 0.536435
vt 0.356000 0.538630
vt 0.643646 0.538630
vt 0.373198 0.540578
vt 0.660888 0.536435
vt 0.391702 0.542258
vt 0.278794 0.177245
vt 0.453098 0.523807
vt 0.485775 0.162943
vt 0.258646 0.177457
vt 0.474939 0.523967
vt 0.463742 0.163016
vt 0.237662 0.177624
vt 0.497104 0.524021
vt 0.442138 0.163138
vt 0.216047 0.177744
vt 0.519382 0.523967
vt 0.421171 0.163306
vt 0.194007 0.177816
vt 0.541556 0.523807
vt 0.401043 0.163519
vt 0.563414 0.523541
vt 0.381948 0.163775
vt 0.584745 0.523173
vt 0.364069 0.164071
vt 0.605344 0.522706
vt 0.347579 0.164405
vt 0.625012 0.522144
vt 0.340193 0.520759
vt 0.355913 0.521493
vt 0.643560 0.521493
vt 0.373106 0.522144
vt 0.660809 0.520759
vt 0.391603 0.522706
vt 0.331573 0.160631
vt 0.315823 0.176694
vt 0.411229 0.523173
vt 0.297915 0.176990
vt 0.431793 0.523541
vt 0.463955 0.167356
vt 0.237345 0.184081
vt 0.497104 0.501744
vt 0.442456 0.169595
vt 0.215833 0.182084
vt 0.519382 0.501797
vt 0.421590 0.171818
vt 0.193900 0.179997
vt 0.541556 0.501958
vt 0.401559 0.174005
vt 0.563414 0.502223
vt 0.382555 0.176133
vt 0.584745 0.502592
vt 0.364763 0.178183
vt 0.605344 0.503059
vt 0.348352 0.180135
vt 0.625012 0.503621
vt 0.340193 0.505006
vt 0.355913 0.504272
vt 0.643560 0.504272
vt 0.373106 0.503621
vt 0.660809 0.505006
vt 0.391603 0.503059
vt 0.332346 0.176361
vt 0.315129 0.190806
vt 0.411229 0.502592
vt 0.297308 0.189348
vt 0.431793 0.502223
vt 0.278279 0.187731
vt 0.453098 0.501958
vt 0.485882 0.165123
vt 0.258227 0.185970
vt 0.474939 0.501797
vt 0.443405 0.175990
vt 0.422841 0.180249
vt 0.193579 0.182156
vt 0.541666 0.480214
vt 0.403100 0.184390
vt 0.563521 0.481008
vt 0.384371 0.188373
vt 0.584848 0.482109
vt 0.366836 0.192159
vt 0.605442 0.483507
vt 0.350663 0.195713
vt 0.625105 0.485187
vt 0.340272 0.489329
vt 0.356000 0.487134
vt 0.643646 0.487134
vt 0.373198 0.485187
vt 0.660888 0.489330
vt 0.391702 0.483507
vt 0.329261 0.207668
vt 0.313056 0.204782
vt 0.411332 0.482109
vt 0.295492 0.201588
vt 0.431900 0.481008
vt 0.276738 0.198116
vt 0.453208 0.480214
vt 0.486202 0.167283
vt 0.256976 0.194400
vt 0.475050 0.479734
vt 0.464593 0.171654
vt 0.236396 0.190476
vt 0.497216 0.479574
vt 0.215196 0.186382
vt 0.519493 0.479734
vt 0.405651 0.194574
vt 0.387379 0.200376
vt 0.585054 0.461923
vt 0.370270 0.205865
vt 0.605638 0.464237
vt 0.354491 0.210990
vt 0.625289 0.467020
vt 0.340429 0.473880
vt 0.356172 0.470245
vt 0.643818 0.470245
vt 0.373383 0.467020
vt 0.661045 0.473880
vt 0.391898 0.464237
vt 0.309622 0.218488
vt 0.411538 0.461923
vt 0.292484 0.213591
vt 0.432113 0.460099
vt 0.274187 0.208300
vt 0.453426 0.458784
vt 0.486733 0.169400
vt 0.254905 0.202668
vt 0.475271 0.457990
vt 0.465649 0.175869
vt 0.234825 0.196748
vt 0.497438 0.457724
vt 0.444976 0.182261
vt 0.214140 0.190597
vt 0.519714 0.457990
vt 0.424912 0.188517
vt 0.193049 0.184274
vt 0.541884 0.458784
vt 0.563734 0.460099
vt 0.375031 0.219168
vt 0.359798 0.225817
vt 0.625564 0.449295
vt 0.340193 0.215700
vt 0.345994 0.231910
vt 0.644073 0.453765
vt 0.373658 0.449295
vt 0.661279 0.458806
vt 0.392190 0.445436
vt 0.325434 0.222945
vt 0.304861 0.231791
vt 0.411843 0.442228
vt 0.288315 0.225241
vt 0.432429 0.439699
vt 0.270649 0.218185
vt 0.453750 0.437876
vt 0.487469 0.171455
vt 0.252033 0.210693
vt 0.475600 0.436774
vt 0.467113 0.179960
vt 0.232646 0.202835
vt 0.497769 0.436406
vt 0.447154 0.188349
vt 0.212675 0.194688
vt 0.520043 0.436774
vt 0.427784 0.196541
vt 0.192313 0.186329
vt 0.542208 0.437876
vt 0.409189 0.204459
vt 0.564050 0.439699
vt 0.391548 0.212026
vt 0.585359 0.442228
vt 0.605930 0.445436
vt 0.356427 0.453765
vt 0.374021 0.432182
vt 0.661587 0.444252
vt 0.392574 0.427285
vt 0.320127 0.237773
vt 0.298818 0.244563
vt 0.412246 0.423213
vt 0.283023 0.236426
vt 0.432847 0.420004
vt 0.266159 0.227676
vt 0.454178 0.417689
vt 0.488402 0.173429
vt 0.248388 0.218397
vt 0.476034 0.416292
vt 0.468971 0.183888
vt 0.229881 0.208679
vt 0.498205 0.415825
vt 0.449919 0.194193
vt 0.210817 0.198615
vt 0.520477 0.416292
vt 0.431429 0.204246
vt 0.191379 0.188303
vt 0.542636 0.417689
vt 0.413679 0.213950
vt 0.564467 0.420004
vt 0.396840 0.223211
vt 0.585762 0.423213
vt 0.381074 0.231940
vt 0.606315 0.427285
vt 0.366533 0.240054
vt 0.625927 0.432182
vt 0.353357 0.247473
vt 0.644410 0.437856
vt 0.412742 0.405061
vt 0.291553 0.256682
vt 0.276660 0.247039
vt 0.433361 0.401203
vt 0.260760 0.236681
vt 0.454705 0.398420
vt 0.489525 0.175301
vt 0.244005 0.225708
vt 0.476569 0.396740
vt 0.471206 0.187614
vt 0.226557 0.214225
vt 0.498742 0.396178
vt 0.453244 0.199738
vt 0.208583 0.202342
vt 0.521012 0.396740
vt 0.435812 0.211556
vt 0.190257 0.190175
vt 0.543162 0.398420
vt 0.419078 0.222955
vt 0.564981 0.401203
vt 0.403203 0.233824
vt 0.586258 0.405061
vt 0.388340 0.244059
vt 0.606788 0.409958
vt 0.374631 0.253562
vt 0.626374 0.415846
vt 0.362210 0.262240
vt 0.644826 0.422668
vt 0.356764 0.437856
vt 0.374467 0.415846
vt 0.661967 0.430360
vt 0.393048 0.409958
vt 0.313392 0.252009
vt 0.455325 0.380253
vt 0.490825 0.177055
vt 0.254504 0.245114
vt 0.238927 0.232553
vt 0.477199 0.378306
vt 0.473795 0.191104
vt 0.222704 0.219417
vt 0.499375 0.377655
vt 0.457096 0.204931
vt 0.205994 0.205832
vt 0.521641 0.378306
vt 0.440890 0.218402
vt 0.188956 0.191928
vt 0.543783 0.380253
vt 0.425334 0.231388
vt 0.565587 0.383478
vt 0.410576 0.243762
vt 0.586843 0.387948
vt 0.396758 0.255408
vt 0.607346 0.393622
vt 0.384015 0.266211
vt 0.626900 0.400445
vt 0.372468 0.276068
vt 0.645315 0.408350
vt 0.357669 0.408350
vt 0.374994 0.400445
vt 0.305294 0.265517
vt 0.307493 0.287286
vt 0.295910 0.278166
vt 0.393606 0.393622
vt 0.283134 0.268030
vt 0.413327 0.387948
vt 0.269287 0.256978
vt 0.433966 0.383478
vt 0.627501 0.386126
vt 0.645874 0.395038
vt 0.362230 0.284884
vt 0.384033 0.288824
vt 0.374669 0.298605
vt 0.295928 0.300042
vt 0.285331 0.289834
vt 0.375595 0.386126
vt 0.394244 0.378435
vt 0.273643 0.278499
vt 0.413995 0.372038
vt 0.260976 0.266146
vt 0.434658 0.366998
vt 0.247452 0.252893
vt 0.456034 0.363363
vt 0.492292 0.178672
vt 0.233201 0.238868
vt 0.477918 0.361168
vt 0.476713 0.194324
vt 0.218362 0.224208
vt 0.500098 0.360434
vt 0.461439 0.209721
vt 0.203075 0.209051
vt 0.522361 0.361168
vt 0.446616 0.224717
vt 0.187490 0.193546
vt 0.544492 0.363363
vt 0.432386 0.239167
vt 0.566279 0.366998
vt 0.418887 0.252930
vt 0.587511 0.372038
vt 0.406249 0.265876
vt 0.607984 0.378435
vt 0.394594 0.277879
vt 0.273659 0.300410
vt 0.263171 0.287987
vt 0.414739 0.357485
vt 0.251805 0.274455
vt 0.435429 0.351924
vt 0.239671 0.259943
vt 0.456825 0.347913
vt 0.493910 0.180138
vt 0.226885 0.244592
vt 0.478720 0.345491
vt 0.479934 0.197241
vt 0.213570 0.228549
vt 0.500904 0.344682
vt 0.466231 0.214063
vt 0.199855 0.211969
vt 0.523163 0.345491
vt 0.452932 0.230441
vt 0.185872 0.195012
vt 0.545282 0.347913
vt 0.440167 0.246217
vt 0.567050 0.351924
vt 0.428058 0.261240
vt 0.588255 0.357485
vt 0.416721 0.275365
vt 0.608694 0.364542
vt 0.406266 0.288455
vt 0.628171 0.373028
vt 0.396793 0.300386
vt 0.646496 0.382861
vt 0.388394 0.311041
vt 0.283168 0.311604
vt 0.376264 0.373028
vt 0.394954 0.364542
vt 0.241864 0.281826
vt 0.231236 0.266197
vt 0.676378 0.439147
vt 0.689633 0.459814
vt 0.672743 0.460523
vt 0.495664 0.181439
vt 0.220037 0.249669
vt 0.670548 0.482407
vt 0.687686 0.481687
vt 0.483425 0.199830
vt 0.208376 0.232400
vt 0.687034 0.503864
vt 0.669814 0.504587
vt 0.471425 0.217914
vt 0.196364 0.214558
vt 0.670548 0.526850
vt 0.687686 0.526130
vt 0.459780 0.235518
vt 0.184118 0.196312
vt 0.689633 0.548272
vt 0.672743 0.548981
vt 0.448602 0.252471
vt 0.676378 0.570768
vt 0.692857 0.570076
vt 0.437999 0.268610
vt 0.697328 0.591332
vt 0.681418 0.592000
vt 0.428072 0.283781
vt 0.687815 0.612473
vt 0.703002 0.611835
vt 0.418918 0.297836
vt 0.709824 0.631389
vt 0.695506 0.631990
vt 0.410625 0.310641
vt 0.704418 0.650362
vt 0.717730 0.649804
vt 0.403271 0.322072
vt 0.261007 0.309791
vt 0.687815 0.398732
vt 0.709824 0.379482
vt 0.703002 0.398095
vt 0.251820 0.296404
vt 0.697328 0.417816
vt 0.681418 0.418484
vt 0.692857 0.438455
vt 0.487152 0.202063
vt 0.202829 0.235724
vt 0.705557 0.503231
vt 0.476971 0.221238
vt 0.192636 0.216791
vt 0.706119 0.525500
vt 0.467092 0.239899
vt 0.182245 0.197434
vt 0.707800 0.547651
vt 0.457609 0.257868
vt 0.710583 0.569470
vt 0.448614 0.274972
vt 0.714441 0.590747
vt 0.440194 0.291044
vt 0.719338 0.611277
vt 0.432429 0.305932
vt 0.725226 0.630862
vt 0.425395 0.319492
vt 0.732048 0.649314
vt 0.732048 0.361668
vt 0.725226 0.378956
vt 0.254566 0.330710
vt 0.247495 0.317887
vt 0.719338 0.397537
vt 0.239698 0.303667
vt 0.714441 0.417231
vt 0.231249 0.288187
vt 0.710583 0.437849
vt 0.222229 0.271594
vt 0.707800 0.459193
vt 0.497537 0.182561
vt 0.212725 0.254051
vt 0.706119 0.481058
vt 0.482817 0.224002
vt 0.474799 0.243543
vt 0.180271 0.198368
vt 0.727069 0.547124
vt 0.467103 0.262357
vt 0.729383 0.568956
vt 0.459803 0.280262
vt 0.732592 0.590251
vt 0.452970 0.297085
vt 0.736665 0.610803
vt 0.446670 0.312665
vt 0.741561 0.630416
vt 0.440962 0.326852
vt 0.747235 0.648899
vt 0.747235 0.361253
vt 0.741561 0.378510
vt 0.739739 0.666456
vt 0.753632 0.666076
vt 0.736665 0.397063
vt 0.226922 0.309708
vt 0.732592 0.416735
vt 0.220060 0.293477
vt 0.729383 0.437335
vt 0.212735 0.276083
vt 0.727069 0.458667
vt 0.499510 0.183494
vt 0.205018 0.257695
vt 0.725672 0.480523
vt 0.491081 0.203921
vt 0.196983 0.238488
vt 0.725204 0.502694
vt 0.188708 0.218649
vt 0.725672 0.524966
vt 0.471456 0.284430
vt 0.751607 0.589848
vt 0.466276 0.301845
vt 0.754816 0.610419
vt 0.461501 0.317970
vt 0.758674 0.630053
vt 0.457176 0.332652
vt 0.763145 0.648562
vt 0.763145 0.360916
vt 0.758674 0.378147
vt 0.768185 0.665767
vt 0.754816 0.396678
vt 0.233255 0.324620
vt 0.213616 0.314468
vt 0.751607 0.416332
vt 0.208407 0.297645
vt 0.749079 0.436918
vt 0.202848 0.279620
vt 0.747255 0.458239
vt 0.501566 0.184229
vt 0.196991 0.260566
vt 0.746154 0.480089
vt 0.495173 0.205385
vt 0.190894 0.240666
vt 0.745786 0.502258
vt 0.488906 0.226180
vt 0.184616 0.220113
vt 0.746154 0.524532
vt 0.482826 0.246414
vt 0.178215 0.199103
vt 0.747255 0.546697
vt 0.476990 0.265894
vt 0.749079 0.568539
vt 0.479985 0.305277
vt 0.476782 0.321797
vt 0.776400 0.629778
vt 0.473881 0.336835
vt 0.779624 0.648307
vt 0.776400 0.377872
vt 0.783259 0.665534
vt 0.773617 0.396387
vt 0.218424 0.329926
vt 0.199907 0.317900
vt 0.771303 0.416026
vt 0.196401 0.300651
vt 0.769479 0.436602
vt 0.192661 0.282171
vt 0.768164 0.457915
vt 0.503684 0.184760
vt 0.188722 0.262636
vt 0.767370 0.479760
vt 0.499389 0.206440
vt 0.184621 0.242237
vt 0.767104 0.501927
vt 0.495179 0.227751
vt 0.180400 0.221168
vt 0.767370 0.524203
vt 0.491095 0.248485
vt 0.176097 0.199634
vt 0.768164 0.546372
vt 0.487177 0.268444
vt 0.769479 0.568222
vt 0.483462 0.287436
vt 0.771303 0.589542
vt 0.773617 0.610127
vt 0.779624 0.360660
vt 0.794567 0.377687
vt 0.798709 0.665376
vt 0.792886 0.396191
vt 0.203143 0.333752
vt 0.185927 0.319973
vt 0.791489 0.415821
vt 0.184159 0.302466
vt 0.790388 0.436389
vt 0.182273 0.283711
vt 0.789593 0.457697
vt 0.505844 0.185080
vt 0.180289 0.263887
vt 0.789114 0.479539
vt 0.503688 0.207078
vt 0.178225 0.243185
vt 0.788953 0.501705
vt 0.501576 0.228699
vt 0.176101 0.221806
vt 0.789114 0.523982
vt 0.499528 0.249735
vt 0.173937 0.199954
vt 0.789593 0.546154
vt 0.497565 0.269985
vt 0.790388 0.568010
vt 0.495704 0.289251
vt 0.791489 0.589337
vt 0.493965 0.307350
vt 0.792886 0.609931
vt 0.492364 0.324107
vt 0.794567 0.629593
vt 0.798709 0.344761
vt 0.796514 0.360489
vt 0.796514 0.648135
vt 0.811971 0.415718
vt 0.171797 0.303073
vt 0.811603 0.436282
vt 0.171784 0.284226
vt 0.811337 0.457587
vt 0.508025 0.185187
vt 0.171774 0.264305
vt 0.811177 0.479428
vt 0.508029 0.207291
vt 0.171766 0.243502
vt 0.811123 0.501593
vt 0.508035 0.229016
vt 0.171760 0.222019
vt 0.811177 0.523870
vt 0.508043 0.250153
vt 0.171756 0.200061
vt 0.811337 0.546045
vt 0.508054 0.270499
vt 0.811603 0.567903
vt 0.508066 0.289858
vt 0.811971 0.589234
vt 0.508081 0.308043
vt 0.812439 0.609833
vt 0.508097 0.324879
vt 0.813001 0.629501
vt 0.813652 0.360402
vt 0.813652 0.648048
vt 0.813001 0.377594
vt 0.814386 0.665298
vt 0.812439 0.396092
vt 0.187561 0.336062
vt 0.171811 0.320666
vt 0.833187 0.457587
vt 0.510206 0.185080
vt 0.163259 0.263886
vt 0.833347 0.479428
vt 0.512370 0.207078
vt 0.165307 0.243185
vt 0.833401 0.501593
vt 0.514494 0.228699
vt 0.167419 0.221805
vt 0.833347 0.523870
vt 0.516558 0.249735
vt 0.169575 0.199954
vt 0.833187 0.546045
vt 0.518542 0.269984
vt 0.832921 0.567903
vt 0.520428 0.289251
vt 0.832553 0.589234
vt 0.522196 0.307350
vt 0.832085 0.609833
vt 0.523831 0.324106
vt 0.831523 0.629501
vt 0.814386 0.344682
vt 0.830872 0.360402
vt 0.830872 0.648048
vt 0.831523 0.377594
vt 0.830138 0.665298
vt 0.832085 0.396092
vt 0.171828 0.336835
vt 0.157696 0.319972
vt 0.832553 0.415718
vt 0.159435 0.302466
vt 0.832921 0.436282
vt 0.161296 0.283710
vt 0.855571 0.501705
vt 0.520891 0.227750
vt 0.158910 0.242236
vt 0.163120 0.221168
vt 0.855410 0.523982
vt 0.524991 0.248484
vt 0.167415 0.199633
vt 0.854931 0.546154
vt 0.528930 0.268443
vt 0.854137 0.568010
vt 0.532670 0.287435
vt 0.853035 0.589337
vt 0.536176 0.305276
vt 0.851638 0.609931
vt 0.539413 0.321795
vt 0.849957 0.629593
vt 0.830138 0.344682
vt 0.848010 0.360489
vt 0.848010 0.648135
vt 0.849957 0.377687
vt 0.845815 0.665376
vt 0.851638 0.396191
vt 0.156094 0.336061
vt 0.143716 0.317899
vt 0.853035 0.415821
vt 0.147192 0.300650
vt 0.854137 0.436389
vt 0.150908 0.282169
vt 0.854931 0.457697
vt 0.512366 0.184760
vt 0.154826 0.262636
vt 0.855410 0.479539
vt 0.516669 0.206440
vt 0.876360 0.546372
vt 0.539117 0.265892
vt 0.165297 0.199103
vt 0.875045 0.568222
vt 0.544676 0.284428
vt 0.873221 0.589542
vt 0.549885 0.301843
vt 0.870907 0.610127
vt 0.554693 0.317968
vt 0.868124 0.629778
vt 0.845815 0.344761
vt 0.864900 0.360660
vt 0.864900 0.648307
vt 0.868124 0.377872
vt 0.861265 0.665534
vt 0.870907 0.396387
vt 0.140512 0.333750
vt 0.130007 0.314465
vt 0.873221 0.416026
vt 0.135187 0.297643
vt 0.875045 0.436602
vt 0.140721 0.279618
vt 0.876360 0.457915
vt 0.514484 0.184229
vt 0.146556 0.260564
vt 0.877154 0.479760
vt 0.520885 0.205384
vt 0.152637 0.240665
vt 0.877420 0.501927
vt 0.527164 0.226179
vt 0.158904 0.220112
vt 0.877154 0.524203
vt 0.533261 0.246413
vt 0.892917 0.589848
vt 0.563191 0.297082
vt 0.889708 0.610419
vt 0.569525 0.312662
vt 0.885850 0.630053
vt 0.575268 0.326849
vt 0.559054 0.332649
vt 0.881379 0.648562
vt 0.885850 0.378147
vt 0.876339 0.665767
vt 0.889708 0.396678
vt 0.125232 0.329923
vt 0.116701 0.309705
vt 0.892917 0.416332
vt 0.123534 0.293474
vt 0.895445 0.436918
vt 0.130833 0.276081
vt 0.897269 0.458239
vt 0.516540 0.183494
vt 0.138530 0.257693
vt 0.898370 0.480089
vt 0.524977 0.203920
vt 0.146548 0.238487
vt 0.898738 0.502258
vt 0.533252 0.224001
vt 0.154812 0.218648
vt 0.898370 0.524532
vt 0.541287 0.243542
vt 0.163241 0.198367
vt 0.897269 0.546697
vt 0.549005 0.262355
vt 0.895445 0.568539
vt 0.556329 0.280259
vt 0.902963 0.630416
vt 0.590835 0.319488
vt 0.897289 0.648899
vt 0.881379 0.360916
vt 0.902963 0.378510
vt 0.890892 0.666076
vt 0.907859 0.397063
vt 0.110400 0.324617
vt 0.103925 0.303664
vt 0.911932 0.416735
vt 0.112345 0.288184
vt 0.915141 0.437335
vt 0.121340 0.271592
vt 0.917455 0.458667
vt 0.518514 0.182560
vt 0.130823 0.254049
vt 0.918852 0.480523
vt 0.528906 0.202062
vt 0.140702 0.235723
vt 0.919320 0.502694
vt 0.539098 0.221236
vt 0.150883 0.216790
vt 0.918852 0.524966
vt 0.548994 0.239897
vt 0.161267 0.197434
vt 0.917455 0.547124
vt 0.558498 0.257866
vt 0.915141 0.568956
vt 0.567518 0.274969
vt 0.911932 0.590251
vt 0.575967 0.291041
vt 0.907859 0.610803
vt 0.583765 0.305929
vt 0.912476 0.649314
vt 0.904785 0.666456
vt 0.919298 0.378956
vt 0.925186 0.397537
vt 0.096160 0.317884
vt 0.091803 0.296400
vt 0.930083 0.417231
vt 0.101729 0.281822
vt 0.933941 0.437849
vt 0.112333 0.266194
vt 0.936724 0.459193
vt 0.520387 0.181438
vt 0.123511 0.249667
vt 0.938405 0.481058
vt 0.532633 0.199828
vt 0.135156 0.232399
vt 0.938967 0.503231
vt 0.544645 0.217912
vt 0.147155 0.214556
vt 0.938405 0.525500
vt 0.556306 0.235515
vt 0.159394 0.196312
vt 0.936724 0.547651
vt 0.567505 0.252468
vt 0.933941 0.569470
vt 0.578134 0.268607
vt 0.930083 0.590747
vt 0.588089 0.283777
vt 0.925186 0.611277
vt 0.597276 0.297832
vt 0.919298 0.630862
vt 0.605606 0.310636
vt 0.912476 0.361668
vt 0.080452 0.287983
vt 0.091788 0.274451
vt 0.951667 0.438455
vt 0.103898 0.259940
vt 0.954891 0.459814
vt 0.522141 0.180137
vt 0.116663 0.244589
vt 0.956838 0.481687
vt 0.536124 0.197240
vt 0.129961 0.228547
vt 0.957490 0.503864
vt 0.549839 0.214061
vt 0.143664 0.211968
vt 0.956838 0.526130
vt 0.563154 0.230438
vt 0.157641 0.195011
vt 0.954891 0.548272
vt 0.575940 0.246214
vt 0.951667 0.570076
vt 0.588075 0.261236
vt 0.947196 0.591332
vt 0.599441 0.275360
vt 0.941522 0.611835
vt 0.609929 0.288450
vt 0.934700 0.631389
vt 0.619438 0.300380
vt 0.926794 0.649804
vt 0.926794 0.362158
vt 0.934700 0.379482
vt 0.082649 0.309787
vt 0.060524 0.311599
vt 0.069996 0.300405
vt 0.941522 0.398095
vt 0.947196 0.417816
vt 0.523759 0.178671
vt 0.110346 0.238865
vt 0.971781 0.460523
vt 0.973976 0.482407
vt 0.539344 0.194322
vt 0.125170 0.224205
vt 0.974710 0.504587
vt 0.554631 0.209719
vt 0.140444 0.209050
vt 0.973976 0.526850
vt 0.569471 0.224714
vt 0.156023 0.193545
vt 0.971781 0.548981
vt 0.583721 0.239163
vt 0.968146 0.570768
vt 0.597245 0.252926
vt 0.963106 0.592000
vt 0.609912 0.265871
vt 0.956710 0.612473
vt 0.621600 0.277874
vt 0.949018 0.631990
vt 0.632197 0.288818
vt 0.940106 0.650362
vt 0.627876 0.311035
vt 0.641600 0.298598
vt 0.047764 0.300036
vt 0.058325 0.289829
vt 0.949018 0.380083
vt 0.956710 0.398732
vt 0.069980 0.278494
vt 0.963106 0.418484
vt 0.082618 0.266141
vt 0.968146 0.439147
vt 0.096117 0.252889
vt 0.558974 0.204929
vt 0.120827 0.219415
vt 0.137526 0.205830
vt 0.989653 0.527651
vt 0.575196 0.218399
vt 0.154556 0.191928
vt 0.987231 0.549771
vt 0.590773 0.231384
vt 0.983220 0.571538
vt 0.605557 0.243758
vt 0.977659 0.592744
vt 0.619403 0.255402
vt 0.970602 0.613183
vt 0.632179 0.266205
vt 0.962116 0.632659
vt 0.643762 0.276061
vt 0.952283 0.650985
vt 0.654040 0.284877
vt 0.036199 0.287280
vt 0.047746 0.278160
vt 0.689674 0.727575
vt 0.711258 0.708768
vt 0.703567 0.728285
vt 0.060489 0.268025
vt 0.697170 0.748758
vt 0.682617 0.748014
vt 0.074306 0.256973
vt 0.692130 0.769991
vt 0.677056 0.769220
vt 0.089064 0.245110
vt 0.688495 0.791777
vt 0.673046 0.790987
vt 0.525225 0.177054
vt 0.104621 0.232550
vt 0.670624 0.813107
vt 0.686300 0.813908
vt 0.542263 0.191103
vt 0.669814 0.835366
vt 0.685566 0.836171
vt 0.597029 0.222951
vt 0.153256 0.190174
vt 0.692130 0.901611
vt 0.705385 0.880944
vt 0.708610 0.902303
vt 0.612929 0.233819
vt 0.697170 0.922275
vt 0.713080 0.922942
vt 0.627822 0.244053
vt 0.703567 0.942026
vt 0.718754 0.942663
vt 0.641563 0.253555
vt 0.725577 0.961276
vt 0.711258 0.960675
vt 0.654020 0.262233
vt 0.733482 0.978601
vt 0.720170 0.978042
vt 0.733482 0.690954
vt 0.725577 0.709369
vt 0.025941 0.273451
vt 0.038362 0.265510
vt 0.718754 0.728923
vt 0.052070 0.256676
vt 0.713080 0.749426
vt 0.066934 0.247034
vt 0.708610 0.770682
vt 0.082809 0.236677
vt 0.705385 0.792486
vt 0.526526 0.175300
vt 0.099543 0.225704
vt 0.703438 0.814628
vt 0.544852 0.187613
vt 0.116975 0.214222
vt 0.702787 0.836894
vt 0.562826 0.199736
vt 0.134937 0.202340
vt 0.703438 0.859071
vt 0.686300 0.858351
vt 0.580274 0.211553
vt 0.688495 0.880235
vt 0.635087 0.231934
vt 0.730193 0.923527
vt 0.735090 0.943221
vt 0.649661 0.240047
vt 0.740978 0.961802
vt 0.662873 0.247465
vt 0.747800 0.979090
vt 0.747800 0.691444
vt 0.740978 0.709896
vt 0.017088 0.258684
vt 0.030264 0.252002
vt 0.735090 0.729481
vt 0.044805 0.244557
vt 0.730193 0.750011
vt 0.060571 0.236421
vt 0.726335 0.771288
vt 0.077410 0.227671
vt 0.723552 0.793107
vt 0.527649 0.173428
vt 0.095160 0.218394
vt 0.721872 0.815258
vt 0.547086 0.183886
vt 0.113650 0.208676
vt 0.721310 0.837527
vt 0.566150 0.194190
vt 0.132702 0.198613
vt 0.721872 0.859701
vt 0.584657 0.204242
vt 0.152133 0.188302
vt 0.723552 0.881565
vt 0.602428 0.213945
vt 0.726335 0.902909
vt 0.619292 0.223206
vt 0.755492 0.674303
vt 0.762988 0.691859
vt 0.757314 0.962249
vt 0.762988 0.979505
vt 0.757314 0.710342
vt 0.009725 0.243120
vt 0.023529 0.237765
vt 0.752417 0.729955
vt 0.038762 0.231784
vt 0.748345 0.750507
vt 0.055279 0.225235
vt 0.745136 0.771802
vt 0.072920 0.218181
vt 0.742822 0.793634
vt 0.528582 0.171454
vt 0.091515 0.210689
vt 0.741424 0.815792
vt 0.548945 0.179958
vt 0.110885 0.202832
vt 0.740957 0.838064
vt 0.568915 0.188346
vt 0.130844 0.194686
vt 0.741424 0.860235
vt 0.588302 0.196537
vt 0.151199 0.186328
vt 0.742822 0.882091
vt 0.606918 0.204454
vt 0.745136 0.903423
vt 0.624584 0.212020
vt 0.748345 0.924023
vt 0.641130 0.219161
vt 0.752417 0.943695
vt 0.656396 0.225810
vt 0.774427 0.710705
vt 0.770568 0.730339
vt 0.034001 0.218481
vt 0.767360 0.750910
vt 0.051109 0.213585
vt 0.764831 0.772219
vt 0.069382 0.208295
vt 0.763008 0.794061
vt 0.529318 0.169399
vt 0.088643 0.202664
vt 0.761907 0.816226
vt 0.550409 0.175867
vt 0.108707 0.196745
vt 0.761538 0.838500
vt 0.571094 0.182258
vt 0.129380 0.190594
vt 0.761907 0.860669
vt 0.591174 0.188513
vt 0.150464 0.184273
vt 0.763008 0.882519
vt 0.610456 0.194569
vt 0.764831 0.903840
vt 0.628753 0.200370
vt 0.767360 0.924426
vt 0.645891 0.205858
vt 0.770568 0.944080
vt 0.661703 0.210982
vt 0.774427 0.962611
vt 0.769384 0.674682
vt 0.778897 0.692196
vt 0.778897 0.979842
vt 0.003923 0.226910
vt 0.018222 0.222937
vt 0.787055 0.751216
vt 0.785231 0.772536
vt 0.048102 0.201582
vt 0.066830 0.198111
vt 0.783916 0.794386
vt 0.529848 0.167281
vt 0.086571 0.194396
vt 0.783122 0.816555
vt 0.551465 0.171652
vt 0.107135 0.190473
vt 0.782856 0.838831
vt 0.572665 0.175987
vt 0.128324 0.186380
vt 0.783122 0.860998
vt 0.593246 0.180245
vt 0.149933 0.182155
vt 0.783916 0.882843
vt 0.613007 0.184385
vt 0.785231 0.904156
vt 0.631761 0.188367
vt 0.787055 0.924732
vt 0.649325 0.192152
vt 0.789369 0.944371
vt 0.665531 0.195705
vt 0.792152 0.962886
vt 0.783938 0.674991
vt 0.795377 0.692451
vt 0.795377 0.980098
vt 0.792152 0.710980
vt 0.783938 0.995606
vt 0.799012 0.995840
vt 0.789369 0.730631
vt 0.030567 0.204775
vt 0.805346 0.794604
vt 0.804866 0.816776
vt 0.530169 0.165122
vt 0.552102 0.167354
vt 0.106186 0.184078
vt 0.804706 0.839053
vt 0.573614 0.169592
vt 0.127686 0.182082
vt 0.804866 0.861219
vt 0.594496 0.171814
vt 0.149613 0.179996
vt 0.805346 0.883061
vt 0.614548 0.174000
vt 0.806140 0.904369
vt 0.633577 0.176127
vt 0.807241 0.924937
vt 0.651399 0.178176
vt 0.808639 0.944567
vt 0.667842 0.180127
vt 0.810319 0.963071
vt 0.799012 0.675224
vt 0.812266 0.692623
vt 0.812266 0.980269
vt 0.810319 0.711165
vt 0.814462 0.995997
vt 0.808639 0.730827
vt 0.014394 0.207660
vt 0.028494 0.190799
vt 0.807241 0.751421
vt 0.046286 0.189342
vt 0.806140 0.772748
vt 0.065290 0.187726
vt 0.085321 0.185965
vt 0.826876 0.839165
vt 0.826929 0.861330
vt 0.573931 0.163134
vt 0.594915 0.163301
vt 0.149506 0.177815
vt 0.827090 0.883171
vt 0.615064 0.163513
vt 0.827355 0.904476
vt 0.634184 0.163768
vt 0.827724 0.925040
vt 0.652092 0.164064
vt 0.828191 0.944666
vt 0.668615 0.164398
vt 0.828753 0.963164
vt 0.814462 0.675382
vt 0.829404 0.692710
vt 0.829404 0.980356
vt 0.828753 0.711257
vt 0.830138 0.996076
vt 0.828191 0.730925
vt 0.012083 0.192082
vt 0.027800 0.176687
vt 0.827724 0.751524
vt 0.045679 0.176983
vt 0.827355 0.772855
vt 0.064774 0.177240
vt 0.827090 0.794713
vt 0.530276 0.162942
vt 0.084902 0.177453
vt 0.826929 0.816888
vt 0.552316 0.163014
vt 0.105869 0.177621
vt 0.127473 0.177742
vt 0.573614 0.156677
vt 0.106186 0.171163
vt 0.127686 0.173402
vt 0.849153 0.839165
vt 0.849099 0.861330
vt 0.594496 0.154788
vt 0.149613 0.175635
vt 0.848939 0.883171
vt 0.614548 0.153027
vt 0.848673 0.904476
vt 0.633577 0.151410
vt 0.848305 0.925040
vt 0.651399 0.149952
vt 0.847838 0.944666
vt 0.667842 0.148668
vt 0.847276 0.963164
vt 0.830138 0.675461
vt 0.846625 0.692710
vt 0.846625 0.980356
vt 0.847276 0.711257
vt 0.845891 0.996076
vt 0.847838 0.730925
vt 0.011310 0.176353
vt 0.028494 0.162575
vt 0.848305 0.751524
vt 0.046286 0.164625
vt 0.848673 0.772855
vt 0.065290 0.166753
vt 0.848939 0.794713
vt 0.530169 0.160761
vt 0.085321 0.168940
vt 0.849099 0.816888
vt 0.552102 0.158674
vt 0.613007 0.142642
vt 0.149933 0.173476
vt 0.870683 0.883061
vt 0.869889 0.904369
vt 0.631761 0.139170
vt 0.868788 0.924937
vt 0.649325 0.135976
vt 0.867390 0.944567
vt 0.665531 0.133090
vt 0.865710 0.963071
vt 0.845891 0.675461
vt 0.863762 0.692623
vt 0.863762 0.980269
vt 0.865710 0.711165
vt 0.861567 0.995997
vt 0.867390 0.730827
vt 0.012083 0.160623
vt 0.030567 0.148599
vt 0.868788 0.751421
vt 0.048102 0.152385
vt 0.869889 0.772748
vt 0.066830 0.156368
vt 0.870683 0.794604
vt 0.529848 0.158602
vt 0.086571 0.160509
vt 0.871163 0.816776
vt 0.551465 0.154376
vt 0.107135 0.164768
vt 0.871323 0.839053
vt 0.572665 0.150282
vt 0.128324 0.169104
vt 0.871163 0.861219
vt 0.593246 0.146358
vt 0.645891 0.122270
vt 0.888974 0.924732
vt 0.886660 0.944371
vt 0.661703 0.117813
vt 0.883877 0.962886
vt 0.861567 0.675382
vt 0.880652 0.692451
vt 0.880652 0.980098
vt 0.883877 0.710980
vt 0.877017 0.995840
vt 0.886660 0.730631
vt 0.014394 0.145045
vt 0.034001 0.134893
vt 0.888974 0.751216
vt 0.051110 0.140383
vt 0.890797 0.772536
vt 0.069382 0.146184
vt 0.892113 0.794386
vt 0.529318 0.156484
vt 0.088643 0.152241
vt 0.892907 0.816555
vt 0.550409 0.150162
vt 0.108707 0.158497
vt 0.893173 0.838831
vt 0.571094 0.144010
vt 0.129380 0.164889
vt 0.892907 0.860998
vt 0.591174 0.138090
vt 0.150464 0.171358
vt 0.892113 0.882843
vt 0.610456 0.132458
vt 0.890797 0.904156
vt 0.628753 0.127168
vt 0.877017 0.675224
vt 0.897131 0.692196
vt 0.897131 0.979842
vt 0.901602 0.710705
vt 0.018222 0.129769
vt 0.009725 0.108848
vt 0.023529 0.114941
vt 0.905460 0.730339
vt 0.038762 0.121590
vt 0.908669 0.750910
vt 0.055279 0.128732
vt 0.911198 0.772219
vt 0.072920 0.136299
vt 0.913021 0.794061
vt 0.528582 0.154429
vt 0.091515 0.144217
vt 0.914122 0.816226
vt 0.548945 0.146071
vt 0.110885 0.152409
vt 0.914491 0.838500
vt 0.568915 0.137923
vt 0.130844 0.160798
vt 0.914122 0.860669
vt 0.588302 0.130065
vt 0.151199 0.169303
vt 0.913021 0.882519
vt 0.606918 0.122573
vt 0.911198 0.903840
vt 0.624584 0.115517
vt 0.908669 0.924426
vt 0.641130 0.108967
vt 0.905460 0.944080
vt 0.656396 0.102986
vt 0.901602 0.962611
vt 0.918715 0.710342
vt 0.923612 0.729955
vt 0.044805 0.108818
vt 0.927684 0.750507
vt 0.060571 0.117547
vt 0.930893 0.771802
vt 0.077410 0.126808
vt 0.933207 0.793634
vt 0.527649 0.152455
vt 0.095160 0.136512
vt 0.934605 0.815792
vt 0.547086 0.142143
vt 0.113650 0.146565
vt 0.935072 0.838064
vt 0.566150 0.132079
vt 0.132702 0.156871
vt 0.934605 0.860235
vt 0.584657 0.122361
vt 0.152133 0.167329
vt 0.933207 0.882091
vt 0.602428 0.113082
vt 0.930893 0.903423
vt 0.619292 0.104332
vt 0.927684 0.924023
vt 0.635087 0.096195
vt 0.923612 0.943695
vt 0.649661 0.088749
vt 0.918715 0.962249
vt 0.892091 0.674991
vt 0.913041 0.691859
vt 0.913041 0.979505
vt 0.017088 0.093285
vt 0.030264 0.100704
vt 0.945836 0.750011
vt 0.949694 0.771288
vt 0.066934 0.106934
vt 0.082809 0.117803
vt 0.952477 0.793107
vt 0.526526 0.150583
vt 0.099543 0.129202
vt 0.954157 0.815258
vt 0.544852 0.138416
vt 0.116975 0.141020
vt 0.954719 0.837527
vt 0.562826 0.126534
vt 0.134937 0.153144
vt 0.954157 0.859701
vt 0.580274 0.115050
vt 0.153256 0.165457
vt 0.952477 0.881565
vt 0.597029 0.104077
vt 0.949694 0.902909
vt 0.612929 0.093719
vt 0.945836 0.923527
vt 0.627822 0.084076
vt 0.940939 0.943221
vt 0.641563 0.075241
vt 0.935051 0.961802
vt 0.906645 0.674682
vt 0.928228 0.691444
vt 0.928228 0.979090
vt 0.935051 0.709896
vt 0.025941 0.078518
vt 0.038362 0.087197
vt 0.940939 0.729481
vt 0.052070 0.096699
vt 0.970644 0.792486
vt 0.972591 0.814628
vt 0.542263 0.134926
vt 0.120827 0.135827
vt 0.973242 0.836894
vt 0.558974 0.121341
vt 0.137526 0.149654
vt 0.972591 0.859071
vt 0.575196 0.108205
vt 0.154556 0.163703
vt 0.970644 0.880944
vt 0.590773 0.095644
vt 0.967419 0.902303
vt 0.605557 0.083781
vt 0.962949 0.922942
vt 0.619403 0.072728
vt 0.957275 0.942663
vt 0.632179 0.062592
vt 0.950452 0.961276
vt 0.643762 0.053472
vt 0.654020 0.067300
vt 0.942547 0.978601
vt 0.942547 0.690954
vt 0.950452 0.709369
vt 0.036199 0.064690
vt 0.047746 0.074547
vt 0.957275 0.728923
vt 0.060489 0.085351
vt 0.962949 0.749426
vt 0.074306 0.096996
vt 0.967419 0.770682
vt 0.089064 0.109370
vt 0.525225 0.148830
vt 0.104621 0.122356
vt 0.989729 0.858351
vt 0.569471 0.101890
vt 0.156023 0.162086
vt 0.987534 0.880235
vt 0.583721 0.087865
vt 0.983898 0.901611
vt 0.597245 0.074613
vt 0.978858 0.922275
vt 0.609912 0.062259
vt 0.972462 0.942026
vt 0.621600 0.050924
vt 0.964771 0.960675
vt 0.632197 0.040716
vt 0.025961 0.055874
vt 0.047764 0.051934
vt 0.955859 0.690396
vt 0.964771 0.708768
vt 0.058325 0.062879
vt 0.972462 0.728285
vt 0.069980 0.074882
vt 0.978858 0.748758
vt 0.082618 0.087828
vt 0.983898 0.769991
vt 0.096117 0.101592
vt 0.987534 0.791777
vt 0.523759 0.147212
vt 0.110346 0.116041
vt 0.989729 0.813908
vt 0.539344 0.131707
vt 0.125170 0.131037
vt 0.990463 0.836171
vt 0.554631 0.116550
vt 0.140444 0.146434
vt 0.215714 0.677851
vt 0.237881 0.658766
vt 0.237110 0.673841
vt 0.575940 0.080815
vt 0.588075 0.066303
vt 0.257800 0.668280
vt 0.258544 0.653726
vt 0.599441 0.052771
vt 0.277585 0.661222
vt 0.278295 0.647330
vt 0.609928 0.040348
vt 0.296944 0.639639
vt 0.296274 0.652736
vt 0.619438 0.029154
vt 0.038400 0.042153
vt 0.060524 0.040373
vt 0.044368 0.652736
vt 0.026665 0.630727
vt 0.045038 0.639639
vt 0.069996 0.052303
vt 0.063844 0.661222
vt 0.064555 0.647330
vt 0.080452 0.065394
vt 0.085028 0.653726
vt 0.084284 0.668280
vt 0.091789 0.079518
vt 0.106260 0.658766
vt 0.105489 0.673841
vt 0.103898 0.094541
vt 0.127256 0.677851
vt 0.128047 0.662402
vt 0.522141 0.145746
vt 0.116663 0.110317
vt 0.149376 0.680273
vt 0.150178 0.664597
vt 0.536124 0.128789
vt 0.129961 0.126695
vt 0.171635 0.681083
vt 0.172441 0.665331
vt 0.549839 0.112209
vt 0.143665 0.143517
vt 0.193819 0.680273
vt 0.194621 0.664597
vt 0.563154 0.096166
vt 0.157641 0.160620
vt 0.216504 0.662402
vt 0.259212 0.637817
vt 0.278933 0.632143
vt 0.588089 0.044354
vt 0.597276 0.030967
vt 0.297545 0.625320
vt 0.605606 0.018899
vt 0.052124 0.029717
vt 0.074355 0.030117
vt 0.027224 0.617415
vt 0.045639 0.625320
vt 0.082649 0.042922
vt 0.065192 0.632143
vt 0.091803 0.056977
vt 0.085696 0.637817
vt 0.101730 0.072148
vt 0.106952 0.642287
vt 0.112333 0.088287
vt 0.128755 0.645512
vt 0.520387 0.144446
vt 0.123511 0.105240
vt 0.150897 0.647459
vt 0.532633 0.126201
vt 0.135156 0.122844
vt 0.173163 0.648110
vt 0.544645 0.108358
vt 0.147155 0.140928
vt 0.195340 0.647459
vt 0.556306 0.091089
vt 0.159394 0.159320
vt 0.217213 0.645512
vt 0.567505 0.074561
vt 0.238572 0.642287
vt 0.578133 0.058933
vt 0.315359 0.603097
vt 0.314870 0.617415
vt 0.027713 0.603097
vt 0.046165 0.609919
vt 0.089126 0.021266
vt 0.096160 0.034826
vt 0.065750 0.615807
vt 0.103925 0.049714
vt 0.086280 0.620704
vt 0.112345 0.065787
vt 0.107557 0.624562
vt 0.121340 0.082890
vt 0.129376 0.627345
vt 0.518514 0.143324
vt 0.130823 0.100859
vt 0.151527 0.629025
vt 0.528906 0.123967
vt 0.140702 0.119520
vt 0.173796 0.629587
vt 0.539098 0.105034
vt 0.150883 0.138695
vt 0.195970 0.629025
vt 0.548994 0.086708
vt 0.161267 0.158197
vt 0.217834 0.627345
vt 0.558498 0.069164
vt 0.239178 0.624562
vt 0.567518 0.052572
vt 0.259796 0.620704
vt 0.575967 0.037091
vt 0.279491 0.615807
vt 0.583765 0.022871
vt 0.298071 0.609919
vt 0.590835 0.010048
vt 0.116701 0.043673
vt 0.086777 0.602552
vt 0.123534 0.060496
vt 0.108071 0.605761
vt 0.130833 0.078401
vt 0.129903 0.608075
vt 0.516540 0.142390
vt 0.138530 0.097215
vt 0.152062 0.609473
vt 0.524977 0.122109
vt 0.146548 0.116756
vt 0.174334 0.609940
vt 0.533252 0.102270
vt 0.154812 0.136837
vt 0.196504 0.609473
vt 0.541287 0.083064
vt 0.163241 0.157264
vt 0.218361 0.608075
vt 0.549004 0.064675
vt 0.239692 0.605761
vt 0.556329 0.047281
vt 0.260293 0.602552
vt 0.563191 0.031050
vt 0.279964 0.598480
vt 0.569525 0.016138
vt 0.298518 0.593583
vt 0.010572 0.595405
vt 0.028128 0.587909
vt 0.315774 0.587909
vt 0.046612 0.593583
vt 0.104693 0.013906
vt 0.110400 0.028093
vt 0.066224 0.598480
vt 0.010952 0.581513
vt 0.120907 0.008106
vt 0.011494 0.551885
vt 0.171828 0.015879
vt 0.011651 0.489330
vt 0.254566 0.021271
vt 0.010572 0.430360
vt 0.291607 0.029723
vt 0.500904 0.681083
vt 0.317771 0.055881
vt 0.026042 0.382861
vt 0.326604 0.093293
vt 0.325434 0.129776
vt 0.340663 0.566959
vt 0.331573 0.192090
vt 0.357179 0.422668
vt 0.317751 0.273458
vt 0.269337 0.321859
vt 0.695506 0.380083
vt 0.717730 0.362158
vt 0.783259 0.344918
vt 0.861265 0.344918
vt 0.897289 0.361253
vt 0.074355 0.321855
vt 0.990463 0.505392
vt 0.698161 0.708099
vt 0.720170 0.690396
vt 0.003923 0.125058
vt 0.920537 0.674303
vt 0.026042 0.642904
vt 0.067002 0.018686
s 1
usemtl ARAT_turquoise_marble
f 1979/1/1979 37/2/37 1980/3/1980
f 1974/4/1974 23/5/23 24/6/24
f 1980/3/1980 38/7/38 12/8/12
f 1974/4/1974 25/9/25 5/10/5
f 12/8/12 39/11/39 1981/12/1981
f 5/10/5 26/13/26 6/14/6
f 1/15/1 1439/16/1439 13/17/13
f 1981/12/1981 40/18/40 1982/19/1982
f 6/14/6 27/20/27 7/21/7
f 1/15/1 14/22/14 2/23/2
f 1982/19/1982 41/24/41 1983/25/1983
f 7/21/7 28/26/28 8/27/8
f 1967/28/1967 14/22/14 15/29/15
f 1984/30/1984 41/24/41 42/31/42
f 1975/32/1975 28/26/28 29/33/29
f 1968/34/1968 15/29/15 16/35/16
f 1984/30/1984 43/36/43 1985/37/1985
f 1975/32/1975 30/38/30 9/39/9
f 1969/40/1969 16/35/16 17/41/17
f 1986/42/1986 1985/37/1985 43/36/43
f 9/39/9 31/43/31 1976/44/1976
f 1970/45/1970 17/41/17 18/46/18
f 1976/44/1976 32/47/32 10/48/10
f 1971/49/1971 18/46/18 19/50/19
f 10/48/10 33/51/33 11/52/11
f 3/53/3 19/50/19 20/54/20
f 11/52/11 34/55/34 1977/56/1977
f 3/57/3 21/58/21 1972/59/1972
f 1977/56/1977 35/60/35 1978/61/1978
f 1972/59/1972 22/62/22 1973/63/1973
f 1979/1/1979 35/64/35 36/65/36
f 1973/63/1973 23/5/23 4/66/4
f 17/41/17 49/67/49 18/46/18
f 32/47/32 62/68/62 63/69/63
f 18/46/18 50/70/50 19/50/19
f 33/51/33 63/69/63 64/71/64
f 19/50/19 51/72/51 20/54/20
f 33/51/33 65/73/65 34/55/34
f 21/58/21 51/74/51 52/75/52
f 35/60/35 65/73/65 66/76/66
f 22/62/22 52/75/52 53/77/53
f 35/60/35 67/78/67 36/79/36
f 23/5/23 53/77/53 54/80/54
f 36/65/36 68/81/68 37/2/37
f 23/5/23 55/82/55 24/6/24
f 38/7/38 68/81/68 69/83/69
f 24/6/24 56/84/56 25/9/25
f 39/11/39 69/83/69 70/85/70
f 25/9/25 57/86/57 26/13/26
f 13/17/13 1439/16/1439 44/87/44
f 40/18/40 70/85/70 71/88/71
f 26/13/26 58/89/58 27/20/27
f 13/17/13 45/90/45 14/22/14
f 41/24/41 71/88/71 72/91/72
f 27/20/27 59/92/59 28/26/28
f 14/22/14 46/93/46 15/29/15
f 41/24/41 73/94/73 42/31/42
f 28/26/28 60/95/60 29/33/29
f 15/29/15 47/96/47 16/35/16
f 42/31/42 74/97/74 43/36/43
f 30/38/30 60/95/60 61/98/61
f 16/35/16 48/99/48 17/41/17
f 1986/42/1986 43/36/43 74/97/74
f 31/43/31 61/98/61 62/68/62
f 50/70/50 82/100/82 51/72/51
f 64/71/64 96/101/96 65/73/65
f 52/75/52 82/102/82 83/103/83
f 66/76/66 96/101/96 97/104/97
f 52/75/52 84/105/84 53/77/53
f 66/76/66 98/106/98 67/78/67
f 53/77/53 85/107/85 54/80/54
f 67/108/67 99/109/99 68/81/68
f 55/82/55 85/107/85 86/110/86
f 68/81/68 100/111/100 69/83/69
f 56/84/56 86/110/86 87/112/87
f 70/85/70 100/111/100 101/113/101
f 56/84/56 88/114/88 57/86/57
f 44/87/44 1439/16/1439 75/115/75
f 71/88/71 101/113/101 102/116/102
f 58/89/58 88/114/88 89/117/89
f 44/87/44 76/118/76 45/90/45
f 71/88/71 103/119/103 72/91/72
f 58/89/58 90/120/90 59/92/59
f 46/93/46 76/118/76 77/121/77
f 73/94/73 103/119/103 104/122/104
f 59/92/59 91/123/91 60/95/60
f 47/96/47 77/121/77 78/124/78
f 73/94/73 105/125/105 74/97/74
f 60/95/60 92/126/92 61/98/61
f 47/96/47 79/127/79 48/99/48
f 1986/42/1986 74/97/74 105/125/105
f 62/68/62 92/126/92 93/128/93
f 48/99/48 80/129/80 49/67/49
f 62/68/62 94/130/94 63/69/63
f 49/67/49 81/131/81 50/70/50
f 63/69/63 95/132/95 64/71/64
f 83/103/83 115/133/115 84/105/84
f 97/104/97 129/134/129 98/106/98
f 85/107/85 115/133/115 116/135/116
f 99/109/99 129/136/129 130/137/130
f 85/107/85 117/138/117 86/110/86
f 99/109/99 131/139/131 100/111/100
f 86/110/86 118/140/118 87/112/87
f 100/111/100 132/141/132 101/113/101
f 87/112/87 119/142/119 88/114/88
f 75/115/75 1439/16/1439 106/143/106
f 102/116/102 132/141/132 133/144/133
f 89/117/89 119/142/119 120/145/120
f 76/118/76 106/143/106 107/146/107
f 102/116/102 134/147/134 103/119/103
f 89/117/89 121/148/121 90/120/90
f 76/118/76 108/149/108 77/121/77
f 103/119/103 135/150/135 104/122/104
f 90/120/90 122/151/122 91/123/91
f 78/124/78 108/149/108 109/152/109
f 104/122/104 136/153/136 105/125/105
f 91/123/91 123/154/123 92/126/92
f 78/124/78 110/155/110 79/127/79
f 1986/42/1986 105/125/105 136/153/136
f 92/126/92 124/156/124 93/128/93
f 79/127/79 111/157/111 80/129/80
f 94/130/94 124/156/124 125/158/125
f 80/129/80 112/159/112 81/131/81
f 95/132/95 125/158/125 126/160/126
f 81/131/81 113/161/113 82/100/82
f 95/132/95 127/162/127 96/101/96
f 83/103/83 113/163/113 114/164/114
f 96/101/96 128/165/128 97/104/97
f 116/135/116 148/166/148 117/138/117
f 131/139/131 161/167/161 162/168/162
f 117/138/117 149/169/149 118/140/118
f 132/141/132 162/168/162 163/170/163
f 118/140/118 150/171/150 119/142/119
f 106/143/106 1439/16/1439 137/172/137
f 133/144/133 163/170/163 164/173/164
f 120/145/120 150/171/150 151/174/151
f 106/143/106 138/175/138 107/146/107
f 133/144/133 165/176/165 134/147/134
f 121/148/121 151/174/151 152/177/152
f 107/146/107 139/178/139 108/149/108
f 134/147/134 166/179/166 135/150/135
f 121/148/121 153/180/153 122/151/122
f 108/149/108 140/181/140 109/152/109
f 135/150/135 167/182/167 136/153/136
f 122/151/122 154/183/154 123/154/123
f 109/152/109 141/184/141 110/155/110
f 1986/42/1986 136/153/136 167/182/167
f 123/154/123 155/185/155 124/156/124
f 110/155/110 142/186/142 111/157/111
f 125/158/125 155/185/155 156/187/156
f 111/157/111 143/188/143 112/159/112
f 126/160/126 156/187/156 157/189/157
f 112/159/112 144/190/144 113/161/113
f 126/160/126 158/191/158 127/162/127
f 113/163/113 145/192/145 114/164/114
f 127/162/127 159/193/159 128/165/128
f 114/164/114 146/194/146 115/133/115
f 128/165/128 160/195/160 129/134/129
f 116/135/116 146/194/146 147/196/147
f 130/137/130 160/197/160 161/167/161
f 149/169/149 181/198/181 150/171/150
f 137/172/137 1439/16/1439 168/199/168
f 164/173/164 194/200/194 195/201/195
f 151/174/151 181/198/181 182/202/182
f 137/172/137 169/203/169 138/175/138
f 164/173/164 196/204/196 165/176/165
f 151/174/151 183/205/183 152/177/152
f 138/175/138 170/206/170 139/178/139
f 165/176/165 197/207/197 166/179/166
f 152/177/152 184/208/184 153/180/153
f 139/178/139 171/209/171 140/181/140
f 166/179/166 198/210/198 167/182/167
f 153/180/153 185/211/185 154/183/154
f 140/181/140 172/212/172 141/184/141
f 1986/42/1986 167/182/167 198/210/198
f 155/185/155 185/211/185 186/213/186
f 141/184/141 173/214/173 142/186/142
f 155/185/155 187/215/187 156/187/156
f 143/188/143 173/214/173 174/216/174
f 157/189/157 187/215/187 188/217/188
f 143/188/143 175/218/175 144/190/144
f 157/189/157 189/219/189 158/191/158
f 145/192/145 175/220/175 176/221/176
f 159/193/159 189/219/189 190/222/190
f 145/192/145 177/223/177 146/194/146
f 159/193/159 191/224/191 160/195/160
f 147/196/147 177/223/177 178/225/178
f 161/167/161 191/226/191 192/227/192
f 147/196/147 179/228/179 148/166/148
f 162/168/162 192/227/192 193/229/193
f 149/169/149 179/228/179 180/230/180
f 162/168/162 194/200/194 163/170/163
f 183/205/183 213/231/213 214/232/214
f 169/203/169 201/233/201 170/206/170
f 196/204/196 228/234/228 197/207/197
f 183/205/183 215/235/215 184/208/184
f 170/206/170 202/236/202 171/209/171
f 197/207/197 229/237/229 198/210/198
f 184/208/184 216/238/216 185/211/185
f 171/209/171 203/239/203 172/212/172
f 1986/42/1986 198/210/198 229/237/229
f 186/213/186 216/238/216 217/240/217
f 172/212/172 204/241/204 173/214/173
f 186/213/186 218/242/218 187/215/187
f 173/214/173 205/243/205 174/216/174
f 188/217/188 218/242/218 219/244/219
f 175/218/175 205/243/205 206/245/206
f 188/217/188 220/246/220 189/219/189
f 176/221/176 206/247/206 207/248/207
f 189/219/189 221/249/221 190/222/190
f 177/223/177 207/248/207 208/250/208
f 190/251/190 222/252/222 191/226/191
f 178/225/178 208/250/208 209/253/209
f 191/226/191 223/254/223 192/227/192
f 178/225/178 210/255/210 179/228/179
f 192/227/192 224/256/224 193/229/193
f 180/230/180 210/255/210 211/257/211
f 193/229/193 225/258/225 194/200/194
f 180/230/180 212/259/212 181/198/181
f 168/199/168 1439/16/1439 199/260/199
f 194/200/194 226/261/226 195/201/195
f 182/202/182 212/259/212 213/231/213
f 168/199/168 200/262/200 169/203/169
f 195/201/195 227/263/227 196/204/196
f 215/235/215 247/264/247 216/238/216
f 202/236/202 234/265/234 203/239/203
f 1986/42/1986 229/237/229 260/266/260
f 217/240/217 247/264/247 248/267/248
f 203/239/203 235/268/235 204/241/204
f 217/240/217 249/269/249 218/242/218
f 204/241/204 236/270/236 205/243/205
f 219/244/219 249/269/249 250/271/250
f 205/243/205 237/272/237 206/245/206
f 219/244/219 251/273/251 220/246/220
f 207/248/207 237/274/237 238/275/238
f 221/249/221 251/273/251 252/276/252
f 207/248/207 239/277/239 208/250/208
f 221/278/221 253/279/253 222/252/222
f 209/253/209 239/277/239 240/280/240
f 222/252/222 254/281/254 223/254/223
f 209/253/209 241/282/241 210/255/210
f 223/254/223 255/283/255 224/256/224
f 211/257/211 241/282/241 242/284/242
f 224/256/224 256/285/256 225/258/225
f 211/257/211 243/286/243 212/259/212
f 199/260/199 1439/16/1439 230/287/230
f 226/261/226 256/285/256 257/288/257
f 213/231/213 243/286/243 244/289/244
f 199/260/199 231/290/231 200/262/200
f 226/261/226 258/291/258 227/263/227
f 214/232/214 244/289/244 245/292/245
f 200/262/200 232/293/232 201/233/201
f 227/263/227 259/294/259 228/234/228
f 214/232/214 246/295/246 215/235/215
f 201/233/201 233/296/233 202/236/202
f 229/237/229 259/294/259 260/266/260
f 248/267/248 280/297/280 249/269/249
f 235/268/235 267/298/267 236/270/236
f 250/271/250 280/297/280 281/299/281
f 236/270/236 268/300/268 237/272/237
f 250/271/250 282/301/282 251/273/251
f 237/274/237 269/302/269 238/275/238
f 252/276/252 282/301/282 283/303/283
f 238/275/238 270/304/270 239/277/239
f 253/279/253 283/305/283 284/306/284
f 240/280/240 270/304/270 271/307/271
f 253/279/253 285/308/285 254/281/254
f 240/280/240 272/309/272 241/282/241
f 255/283/255 285/308/285 286/310/286
f 242/284/242 272/309/272 273/311/273
f 255/283/255 287/312/287 256/285/256
f 242/284/242 274/313/274 243/286/243
f 230/287/230 1439/16/1439 261/314/261
f 257/288/257 287/312/287 288/315/288
f 244/289/244 274/313/274 275/316/275
f 231/290/231 261/314/261 262/317/262
f 257/288/257 289/318/289 258/291/258
f 245/292/245 275/316/275 276/319/276
f 231/290/231 263/320/263 232/293/232
f 259/294/259 289/318/289 290/321/290
f 245/292/245 277/322/277 246/295/246
f 232/293/232 264/323/264 233/296/233
f 259/294/259 291/324/291 260/266/260
f 246/295/246 278/325/278 247/264/247
f 233/296/233 265/326/265 234/265/234
f 1986/42/1986 260/266/260 291/324/291
f 248/267/248 278/325/278 279/327/279
f 234/265/234 266/328/266 235/268/235
f 281/299/281 313/329/313 282/301/282
f 268/300/268 300/330/300 269/331/269
f 282/301/282 314/332/314 283/303/283
f 270/304/270 300/333/300 301/334/301
f 284/306/284 314/335/314 315/336/315
f 271/307/271 301/334/301 302/337/302
f 284/306/284 316/338/316 285/308/285
f 271/307/271 303/339/303 272/309/272
f 286/310/286 316/338/316 317/340/317
f 273/311/273 303/339/303 304/341/304
f 286/310/286 318/342/318 287/312/287
f 273/311/273 305/343/305 274/313/274
f 261/314/261 1439/16/1439 292/344/292
f 288/315/288 318/342/318 319/345/319
f 275/316/275 305/343/305 306/346/306
f 261/314/261 293/347/293 262/317/262
f 288/315/288 320/348/320 289/318/289
f 276/319/276 306/346/306 307/349/307
f 262/317/262 294/350/294 263/320/263
f 290/321/290 320/348/320 321/351/321
f 276/319/276 308/352/308 277/322/277
f 264/323/264 294/350/294 295/353/295
f 291/324/291 321/351/321 322/354/322
f 277/322/277 309/355/309 278/325/278
f 264/323/264 296/356/296 265/326/265
f 1986/42/1986 291/324/291 322/354/322
f 279/327/279 309/355/309 310/357/310
f 265/326/265 297/358/297 266/328/266
f 279/327/279 311/359/311 280/297/280
f 267/298/267 297/358/297 298/360/298
f 281/299/281 311/359/311 312/361/312
f 267/298/267 299/362/299 268/300/268
f 314/335/314 346/363/346 315/336/315
f 302/337/302 332/364/332 333/365/333
f 315/336/315 347/366/347 316/338/316
f 302/337/302 334/367/334 303/339/303
f 317/340/317 347/366/347 348/368/348
f 304/341/304 334/367/334 335/369/335
f 317/340/317 349/370/349 318/342/318
f 304/341/304 336/371/336 305/343/305
f 292/344/292 1439/16/1439 323/372/323
f 318/342/318 350/373/350 319/345/319
f 306/346/306 336/371/336 337/374/337
f 293/347/293 323/372/323 324/375/324
f 319/345/319 351/376/351 320/348/320
f 307/349/307 337/374/337 338/377/338
f 294/350/294 324/375/324 325/378/325
f 321/351/321 351/376/351 352/379/352
f 307/349/307 339/380/339 308/352/308
f 295/353/295 325/378/325 326/381/326
f 321/351/321 353/382/353 322/354/322
f 308/352/308 340/383/340 309/355/309
f 295/353/295 327/384/327 296/356/296
f 1986/42/1986 322/354/322 353/382/353
f 310/357/310 340/383/340 341/385/341
f 296/356/296 328/386/328 297/358/297
f 310/357/310 342/387/342 311/359/311
f 298/360/298 328/386/328 329/388/329
f 312/361/312 342/387/342 343/389/343
f 298/360/298 330/390/330 299/362/299
f 312/361/312 344/391/344 313/329/313
f 299/362/299 331/392/331 300/330/300
f 314/335/314 344/393/344 345/394/345
f 300/333/300 332/364/332 301/334/301
f 348/368/348 378/395/378 379/396/379
f 335/369/335 365/397/365 366/398/366
f 348/368/348 380/399/380 349/370/349
f 335/369/335 367/400/367 336/371/336
f 323/372/323 1439/16/1439 354/401/354
f 349/370/349 381/402/381 350/373/350
f 337/374/337 367/400/367 368/403/368
f 324/375/324 354/401/354 355/404/355
f 351/376/351 381/402/381 382/405/382
f 337/374/337 369/406/369 338/377/338
f 325/378/325 355/404/355 356/407/356
f 352/379/352 382/405/382 383/408/383
f 339/409/339 369/410/369 370/411/370
f 326/381/326 356/407/356 357/412/357
f 352/379/352 384/413/384 353/382/353
f 339/409/339 371/414/371 340/415/340
f 326/381/326 358/416/358 327/384/327
f 1986/42/1986 353/382/353 384/413/384
f 341/417/341 371/414/371 372/418/372
f 328/386/328 358/416/358 359/419/359
f 341/417/341 373/420/373 342/421/342
f 328/386/328 360/422/360 329/388/329
f 343/423/343 373/420/373 374/424/374
f 329/388/329 361/425/361 330/390/330
f 343/423/343 375/426/375 344/427/344
f 331/392/331 361/425/361 362/428/362
f 344/393/344 376/429/376 345/394/345
f 331/430/331 363/431/363 332/364/332
f 345/394/345 377/432/377 346/363/346
f 333/365/333 363/431/363 364/433/364
f 346/363/346 378/395/378 347/366/347
f 333/365/333 365/397/365 334/367/334
f 381/402/381 411/434/411 412/435/412
f 368/436/368 398/437/398 399/438/399
f 355/404/355 385/439/385 386/440/386
f 381/402/381 413/441/413 382/405/382
f 368/436/368 400/442/400 369/410/369
f 355/404/355 387/443/387 356/407/356
f 383/408/383 413/441/413 414/444/414
f 370/411/370 400/442/400 401/445/401
f 356/407/356 388/446/388 357/412/357
f 383/408/383 415/447/415 384/413/384
f 370/411/370 402/448/402 371/414/371
f 357/412/357 389/449/389 358/416/358
f 1986/42/1986 384/413/384 415/447/415
f 371/414/371 403/450/403 372/418/372
f 358/416/358 390/451/390 359/419/359
f 372/418/372 404/452/404 373/420/373
f 359/419/359 391/453/391 360/422/360
f 374/424/374 404/452/404 405/454/405
f 360/422/360 392/455/392 361/425/361
f 374/424/374 406/456/406 375/426/375
f 362/428/362 392/455/392 393/457/393
f 376/458/376 406/456/406 407/459/407
f 362/460/362 394/461/394 363/462/363
f 376/429/376 408/463/408 377/432/377
f 364/464/364 394/461/394 395/465/395
f 377/432/377 409/466/409 378/395/378
f 364/464/364 396/467/396 365/468/365
f 379/396/379 409/466/409 410/469/410
f 366/470/366 396/467/396 397/471/397
f 380/399/380 410/469/410 411/434/411
f 366/470/366 398/437/398 367/472/367
f 354/401/354 1439/16/1439 385/439/385
f 413/441/413 445/473/445 414/444/414
f 401/445/401 431/474/431 432/475/432
f 388/446/388 418/476/418 419/477/419
f 414/444/414 446/478/446 415/447/415
f 401/445/401 433/479/433 402/448/402
f 388/446/388 420/480/420 389/449/389
f 1986/42/1986 415/447/415 446/478/446
f 403/450/403 433/479/433 434/481/434
f 389/449/389 421/482/421 390/451/390
f 403/450/403 435/483/435 404/452/404
f 390/451/390 422/484/422 391/453/391
f 405/454/405 435/483/435 436/485/436
f 391/453/391 423/486/423 392/455/392
f 405/454/405 437/487/437 406/456/406
f 393/457/393 423/486/423 424/488/424
f 407/459/407 437/487/437 438/489/438
f 393/490/393 425/491/425 394/461/394
f 407/492/407 439/493/439 408/463/408
f 394/461/394 426/494/426 395/465/395
f 408/463/408 440/495/440 409/466/409
f 395/465/395 427/496/427 396/467/396
f 410/469/410 440/495/440 441/497/441
f 397/471/397 427/496/427 428/498/428
f 411/434/411 441/497/441 442/499/442
f 397/471/397 429/500/429 398/437/398
f 385/439/385 1439/16/1439 416/501/416
f 412/435/412 442/499/442 443/502/443
f 399/438/399 429/500/429 430/503/430
f 385/439/385 417/504/417 386/440/386
f 412/435/412 444/505/444 413/441/413
f 399/438/399 431/474/431 400/442/400
f 386/440/386 418/476/418 387/443/387
f 1986/42/1986 446/478/446 477/506/477
f 434/481/434 464/507/464 465/508/465
f 420/480/420 452/509/452 421/482/421
f 434/481/434 466/510/466 435/483/435
f 421/482/421 453/511/453 422/484/422
f 436/485/436 466/510/466 467/512/467
f 422/484/422 454/513/454 423/486/423
f 436/485/436 468/514/468 437/487/437
f 424/488/424 454/513/454 455/515/455
f 438/489/438 468/514/468 469/516/469
f 424/517/424 456/518/456 425/491/425
f 438/489/438 470/519/470 439/520/439
f 426/494/426 456/518/456 457/521/457
f 440/495/440 470/522/470 471/523/471
f 426/494/426 458/524/458 427/496/427
f 440/495/440 472/525/472 441/497/441
f 428/498/428 458/524/458 459/526/459
f 442/499/442 472/525/472 473/527/473
f 428/498/428 460/528/460 429/500/429
f 416/501/416 1439/16/1439 447/529/447
f 443/502/443 473/527/473 474/530/474
f 430/503/430 460/528/460 461/531/461
f 416/501/416 448/532/448 417/504/417
f 443/502/443 475/533/475 444/505/444
f 430/503/430 462/534/462 431/474/431
f 417/504/417 449/535/449 418/476/418
f 444/505/444 476/536/476 445/473/445
f 432/475/432 462/534/462 463/537/463
f 419/477/419 449/535/449 450/538/450
f 445/473/445 477/506/477 446/478/446
f 432/475/432 464/507/464 433/479/433
f 419/477/419 451/539/451 420/480/420
f 467/512/467 497/540/497 498/541/498
f 454/513/454 484/542/484 485/543/485
f 467/512/467 499/544/499 468/514/468
f 454/513/454 486/545/486 455/515/455
f 469/516/469 499/544/499 500/546/500
f 455/547/455 487/548/487 456/518/456
f 469/516/469 501/549/501 470/519/470
f 457/521/457 487/548/487 488/550/488
f 470/522/470 502/551/502 471/523/471
f 457/521/457 489/552/489 458/524/458
f 471/523/471 503/553/503 472/525/472
f 459/526/459 489/552/489 490/554/490
f 472/525/472 504/555/504 473/527/473
f 459/526/459 491/556/491 460/528/460
f 447/529/447 1439/16/1439 478/557/478
f 474/530/474 504/555/504 505/558/505
f 461/531/461 491/556/491 492/559/492
f 447/529/447 479/560/479 448/532/448
f 474/530/474 506/561/506 475/533/475
f 461/531/461 493/562/493 462/534/462
f 448/532/448 480/563/480 449/535/449
f 476/536/476 506/561/506 507/564/507
f 463/537/463 493/562/493 494/565/494
f 449/535/449 481/566/481 450/538/450
f 476/536/476 508/567/508 477/506/477
f 463/537/463 495/568/495 464/507/464
f 450/538/450 482/569/482 451/539/451
f 1986/42/1986 477/506/477 508/567/508
f 465/508/465 495/568/495 496/570/496
f 451/539/451 483/571/483 452/509/452
f 465/508/465 497/540/497 466/510/466
f 452/509/452 484/542/484 453/511/453
f 500/546/500 530/572/530 531/573/531
f 486/574/486 518/575/518 487/548/487
f 500/546/500 532/576/532 501/549/501
f 488/550/488 518/575/518 519/577/519
f 502/551/502 532/578/532 533/579/533
f 488/550/488 520/580/520 489/552/489
f 503/553/503 533/579/533 534/581/534
f 490/554/490 520/580/520 521/582/521
f 503/553/503 535/583/535 504/555/504
f 490/554/490 522/584/522 491/556/491
f 478/557/478 1439/16/1439 509/585/509
f 505/558/505 535/583/535 536/586/536
f 492/559/492 522/584/522 523/587/523
f 478/557/478 510/588/510 479/560/479
f 505/558/505 537/589/537 506/561/506
f 492/559/492 524/590/524 493/562/493
f 480/563/480 510/588/510 511/591/511
f 506/561/506 538/592/538 507/564/507
f 494/565/494 524/590/524 525/593/525
f 480/563/480 512/594/512 481/566/481
f 507/564/507 539/595/539 508/567/508
f 494/565/494 526/596/526 495/568/495
f 481/566/481 513/597/513 482/569/482
f 1986/42/1986 508/567/508 539/595/539
f 496/570/496 526/596/526 527/598/527
f 482/569/482 514/599/514 483/571/483
f 496/570/496 528/600/528 497/540/497
f 484/542/484 514/599/514 515/601/515
f 498/541/498 528/600/528 529/602/529
f 484/542/484 516/603/516 485/543/485
f 498/541/498 530/572/530 499/544/499
f 486/574/486 516/604/516 517/605/517
f 532/578/532 564/606/564 533/579/533
f 519/577/519 551/607/551 520/580/520
f 534/581/534 564/606/564 565/608/565
f 521/582/521 551/607/551 552/609/552
f 534/581/534 566/610/566 535/583/535
f 521/582/521 553/611/553 522/584/522
f 509/585/509 1439/16/1439 540/612/540
f 536/586/536 566/610/566 567/613/567
f 523/587/523 553/611/553 554/614/554
f 510/588/510 540/612/540 541/615/541
f 536/586/536 568/616/568 537/589/537
f 523/587/523 555/617/555 524/590/524
f 510/588/510 542/618/542 511/591/511
f 537/589/537 569/619/569 538/592/538
f 525/593/525 555/617/555 556/620/556
f 511/591/511 543/621/543 512/594/512
f 538/592/538 570/622/570 539/595/539
f 525/593/525 557/623/557 526/596/526
f 512/594/512 544/624/544 513/597/513
f 1986/42/1986 539/595/539 570/622/570
f 527/598/527 557/623/557 558/625/558
f 513/597/513 545/626/545 514/599/514
f 527/598/527 559/627/559 528/600/528
f 514/599/514 546/628/546 515/601/515
f 529/602/529 559/627/559 560/629/560
f 515/601/515 547/630/547 516/603/516
f 529/602/529 561/631/561 530/572/530
f 517/605/517 547/632/547 548/633/548
f 531/573/531 561/631/561 562/634/562
f 517/605/517 549/635/549 518/575/518
f 531/573/531 563/636/563 532/576/532
f 519/577/519 549/635/549 550/637/550
f 565/608/565 597/638/597 566/610/566
f 552/609/552 584/639/584 553/611/553
f 540/612/540 1439/16/1439 571/640/571
f 567/613/567 597/638/597 598/641/598
f 554/614/554 584/639/584 585/642/585
f 540/612/540 572/643/572 541/615/541
f 567/613/567 599/644/599 568/616/568
f 554/614/554 586/645/586 555/617/555
f 541/615/541 573/646/573 542/618/542
f 569/619/569 599/644/599 600/647/600
f 556/620/556 586/645/586 587/648/587
f 542/618/542 574/649/574 543/621/543
f 569/619/569 601/650/601 570/622/570
f 556/620/556 588/651/588 557/623/557
f 543/621/543 575/652/575 544/624/544
f 1986/42/1986 570/622/570 601/650/601
f 558/625/558 588/651/588 589/653/589
f 544/624/544 576/654/576 545/626/545
f 558/625/558 590/655/590 559/627/559
f 545/626/545 577/656/577 546/628/546
f 560/629/560 590/655/590 591/657/591
f 546/628/546 578/658/578 547/630/547
f 560/629/560 592/659/592 561/631/561
f 548/633/548 578/660/578 579/661/579
f 562/634/562 592/659/592 593/662/593
f 548/633/548 580/663/580 549/635/549
f 562/634/562 594/664/594 563/636/563
f 550/637/550 580/663/580 581/665/581
f 563/666/563 595/667/595 564/606/564
f 550/637/550 582/668/582 551/607/551
f 565/608/565 595/667/595 596/669/596
f 552/609/552 582/668/582 583/670/583
f 571/640/571 603/671/603 572/643/572
f 598/641/598 630/672/630 599/644/599
f 585/642/585 617/673/617 586/645/586
f 572/643/572 604/674/604 573/646/573
f 599/644/599 631/675/631 600/647/600
f 587/648/587 617/673/617 618/676/618
f 574/649/574 604/674/604 605/677/605
f 600/647/600 632/678/632 601/650/601
f 587/648/587 619/679/619 588/651/588
f 575/652/575 605/677/605 606/680/606
f 1986/42/1986 601/650/601 632/678/632
f 589/653/589 619/679/619 620/681/620
f 575/652/575 607/682/607 576/654/576
f 589/653/589 621/683/621 590/655/590
f 576/654/576 608/684/608 577/656/577
f 591/657/591 621/683/621 622/685/622
f 577/656/577 609/686/609 578/658/578
f 591/657/591 623/687/623 592/659/592
f 579/661/579 609/688/609 610/689/610
f 593/662/593 623/687/623 624/690/624
f 579/661/579 611/691/611 580/663/580
f 593/662/593 625/692/625 594/664/594
f 581/665/581 611/691/611 612/693/612
f 594/694/594 626/695/626 595/667/595
f 581/665/581 613/696/613 582/668/582
f 596/669/596 626/695/626 627/697/627
f 583/670/583 613/696/613 614/698/614
f 596/669/596 628/699/628 597/638/597
f 583/670/583 615/700/615 584/639/584
f 571/640/571 1439/16/1439 602/701/602
f 598/641/598 628/699/628 629/702/629
f 585/642/585 615/700/615 616/703/616
f 605/677/605 635/704/635 636/705/636
f 631/675/631 663/706/663 632/678/632
f 618/676/618 650/707/650 619/679/619
f 605/677/605 637/708/637 606/680/606
f 1986/42/1986 632/678/632 663/706/663
f 620/681/620 650/707/650 651/709/651
f 607/682/607 637/708/637 638/710/638
f 620/681/620 652/711/652 621/683/621
f 607/682/607 639/712/639 608/684/608
f 622/685/622 652/711/652 653/713/653
f 608/684/608 640/714/640 609/686/609
f 622/685/622 654/715/654 623/687/623
f 610/689/610 640/716/640 641/717/641
f 624/690/624 654/715/654 655/718/655
f 610/689/610 642/719/642 611/691/611
f 624/690/624 656/720/656 625/692/625
f 612/693/612 642/719/642 643/721/643
f 626/695/626 656/722/656 657/723/657
f 612/693/612 644/724/644 613/696/613
f 627/697/627 657/723/657 658/725/658
f 614/698/614 644/724/644 645/726/645
f 627/697/627 659/727/659 628/699/628
f 614/698/614 646/728/646 615/700/615
f 602/701/602 1439/16/1439 633/729/633
f 629/702/629 659/727/659 660/730/660
f 616/703/616 646/728/646 647/731/647
f 603/671/603 633/729/633 634/732/634
f 629/702/629 661/733/661 630/672/630
f 616/703/616 648/734/648 617/673/617
f 603/671/603 635/704/635 604/674/604
f 631/675/631 661/733/661 662/735/662
f 618/676/618 648/734/648 649/736/649
f 638/710/638 668/737/668 669/738/669
f 651/709/651 683/739/683 652/711/652
f 638/710/638 670/740/670 639/712/639
f 653/713/653 683/739/683 684/741/684
f 639/712/639 671/742/671 640/714/640
f 653/713/653 685/743/685 654/715/654
f 641/717/641 671/744/671 672/745/672
f 655/718/655 685/743/685 686/746/686
f 641/717/641 673/747/673 642/719/642
f 655/718/655 687/748/687 656/720/656
f 643/721/643 673/747/673 674/749/674
f 656/722/656 688/750/688 657/723/657
f 643/721/643 675/751/675 644/724/644
f 658/725/658 688/750/688 689/752/689
f 645/726/645 675/751/675 676/753/676
f 658/725/658 690/754/690 659/727/659
f 645/726/645 677/755/677 646/728/646
f 633/729/633 1439/16/1439 664/756/664
f 660/730/660 690/754/690 691/757/691
f 647/731/647 677/755/677 678/758/678
f 634/732/634 664/756/664 665/759/665
f 660/730/660 692/760/692 661/733/661
f 647/731/647 679/761/679 648/734/648
f 634/732/634 666/762/666 635/704/635
f 662/735/662 692/760/692 693/763/693
f 649/736/649 679/761/679 680/764/680
f 636/705/636 666/762/666 667/765/667
f 663/706/663 693/763/693 694/766/694
f 649/736/649 681/767/681 650/707/650
f 636/705/636 668/737/668 637/708/637
f 1986/42/1986 663/706/663 694/766/694
f 651/709/651 681/767/681 682/768/682
f 671/742/671 701/769/701 702/770/702
f 684/741/684 716/771/716 685/743/685
f 672/772/672 702/770/702 703/773/703
f 686/746/686 716/771/716 717/774/717
f 672/745/672 704/775/704 673/747/673
f 686/746/686 718/776/718 687/748/687
f 674/749/674 704/775/704 705/777/705
f 687/778/687 719/779/719 688/750/688
f 674/749/674 706/780/706 675/751/675
f 689/752/689 719/779/719 720/781/720
f 676/753/676 706/780/706 707/782/707
f 689/752/689 721/783/721 690/754/690
f 676/753/676 708/784/708 677/755/677
f 664/756/664 1439/16/1439 695/785/695
f 690/754/690 722/786/722 691/757/691
f 678/758/678 708/784/708 709/787/709
f 665/759/665 695/785/695 696/788/696
f 691/757/691 723/789/723 692/760/692
f 678/758/678 710/790/710 679/761/679
f 665/759/665 697/791/697 666/762/666
f 692/760/692 724/792/724 693/763/693
f 679/761/679 711/793/711 680/764/680
f 667/765/667 697/791/697 698/794/698
f 693/763/693 725/795/725 694/766/694
f 680/764/680 712/796/712 681/767/681
f 668/737/668 698/794/698 699/797/699
f 1986/42/1986 694/766/694 725/795/725
f 682/768/682 712/796/712 713/798/713
f 668/737/668 700/799/700 669/738/669
f 682/768/682 714/800/714 683/739/683
f 669/738/669 701/769/701 670/740/670
f 684/741/684 714/800/714 715/801/715
f 703/802/703 735/803/735 704/775/704
f 717/774/717 749/804/749 718/776/718
f 705/777/705 735/803/735 736/805/736
f 718/806/718 750/807/750 719/779/719
f 705/777/705 737/808/737 706/780/706
f 720/781/720 750/807/750 751/809/751
f 707/782/707 737/808/737 738/810/738
f 720/781/720 752/811/752 721/783/721
f 707/782/707 739/812/739 708/784/708
f 695/785/695 1439/16/1439 726/813/726
f 721/783/721 753/814/753 722/786/722
f 709/787/709 739/812/739 740/815/740
f 695/785/695 727/816/727 696/788/696
f 722/786/722 754/817/754 723/789/723
f 709/787/709 741/818/741 710/790/710
f 696/788/696 728/819/728 697/791/697
f 724/792/724 754/817/754 755/820/755
f 710/790/710 742/821/742 711/793/711
f 698/794/698 728/819/728 729/822/729
f 724/792/724 756/823/756 725/795/725
f 711/793/711 743/824/743 712/796/712
f 698/794/698 730/825/730 699/797/699
f 1986/42/1986 725/795/725 756/823/756
f 713/798/713 743/824/743 744/826/744
f 699/797/699 731/827/731 700/799/700
f 713/798/713 745/828/745 714/800/714
f 700/799/700 732/829/732 701/769/701
f 715/801/715 745/828/745 746/830/746
f 702/770/702 732/829/732 733/831/733
f 715/801/715 747/832/747 716/771/716
f 703/773/703 733/831/733 734/833/734
f 717/774/717 747/832/747 748/834/748
f 736/805/736 768/835/768 737/808/737
f 751/809/751 781/836/781 782/837/782
f 738/810/738 768/835/768 769/838/769
f 751/809/751 783/839/783 752/811/752
f 738/810/738 770/840/770 739/812/739
f 726/813/726 1439/16/1439 757/841/757
f 752/811/752 784/842/784 753/814/753
f 740/815/740 770/840/770 771/843/771
f 726/813/726 758/844/758 727/816/727
f 753/814/753 785/845/785 754/817/754
f 740/815/740 772/846/772 741/818/741
f 727/816/727 759/847/759 728/819/728
f 755/820/755 785/845/785 786/848/786
f 741/818/741 773/849/773 742/821/742
f 729/822/729 759/847/759 760/850/760
f 755/820/755 787/851/787 756/823/756
f 742/821/742 774/852/774 743/824/743
f 729/822/729 761/853/761 730/825/730
f 1986/42/1986 756/823/756 787/851/787
f 744/826/744 774/852/774 775/854/775
f 730/825/730 762/855/762 731/827/731
f 744/826/744 776/856/776 745/828/745
f 731/827/731 763/857/763 732/829/732
f 746/830/746 776/856/776 777/858/777
f 733/831/733 763/857/763 764/859/764
f 746/830/746 778/860/778 747/832/747
f 733/831/733 765/861/765 734/833/734
f 748/834/748 778/860/778 779/862/779
f 734/863/734 766/864/766 735/803/735
f 749/804/749 779/862/779 780/865/780
f 736/805/736 766/864/766 767/866/767
f 749/867/749 781/836/781 750/807/750
f 769/838/769 801/868/801 770/840/770
f 757/841/757 1439/16/1439 788/869/788
f 784/842/784 814/870/814 815/871/815
f 771/843/771 801/868/801 802/872/802
f 757/841/757 789/873/789 758/844/758
f 784/842/784 816/874/816 785/845/785
f 772/846/772 802/872/802 803/875/803
f 758/844/758 790/876/790 759/847/759
f 786/848/786 816/874/816 817/877/817
f 772/846/772 804/878/804 773/849/773
f 760/850/760 790/876/790 791/879/791
f 786/848/786 818/880/818 787/851/787
f 773/849/773 805/881/805 774/852/774
f 760/850/760 792/882/792 761/853/761
f 1986/42/1986 787/851/787 818/880/818
f 775/854/775 805/881/805 806/883/806
f 761/853/761 793/884/793 762/855/762
f 775/854/775 807/885/807 776/856/776
f 762/855/762 794/886/794 763/857/763
f 777/858/777 807/885/807 808/887/808
f 763/857/763 795/888/795 764/859/764
f 777/858/777 809/889/809 778/860/778
f 764/859/764 796/890/796 765/861/765
f 779/862/779 809/889/809 810/891/810
f 766/864/766 796/892/796 797/893/797
f 780/894/780 810/895/810 811/896/811
f 767/866/767 797/893/797 798/897/798
f 780/894/780 812/898/812 781/836/781
f 767/866/767 799/899/799 768/835/768
f 782/837/782 812/898/812 813/900/813
f 769/838/769 799/899/799 800/901/800
f 783/839/783 813/900/813 814/870/814
f 810/891/810 840/902/840 841/903/841
f 797/904/797 827/905/827 828/906/828
f 811/896/811 841/907/841 842/908/842
f 798/897/798 828/909/828 829/910/829
f 811/896/811 843/911/843 812/898/812
f 798/897/798 830/912/830 799/899/799
f 812/898/812 844/913/844 813/900/813
f 800/901/800 830/912/830 831/914/831
f 813/900/813 845/915/845 814/870/814
f 800/901/800 832/916/832 801/868/801
f 788/869/788 1439/16/1439 819/917/819
f 814/870/814 846/918/846 815/871/815
f 802/872/802 832/916/832 833/919/833
f 788/869/788 820/920/820 789/873/789
f 815/871/815 847/921/847 816/874/816
f 802/872/802 834/922/834 803/875/803
f 789/873/789 821/923/821 790/876/790
f 816/874/816 848/924/848 817/877/817
f 803/875/803 835/925/835 804/878/804
f 791/879/791 821/923/821 822/926/822
f 817/877/817 849/927/849 818/880/818
f 804/878/804 836/928/836 805/881/805
f 791/879/791 823/929/823 792/882/792
f 1986/42/1986 818/880/818 849/927/849
f 806/883/806 836/928/836 837/930/837
f 792/882/792 824/931/824 793/884/793
f 806/883/806 838/932/838 807/885/807
f 793/884/793 825/933/825 794/886/794
f 808/887/808 838/932/838 839/934/839
f 795/888/795 825/933/825 826/935/826
f 808/887/808 840/902/840 809/889/809
f 795/888/795 827/905/827 796/890/796
f 843/911/843 873/936/873 874/937/874
f 829/910/829 861/938/861 830/912/830
f 844/913/844 874/937/874 875/939/875
f 831/914/831 861/938/861 862/940/862
f 845/915/845 875/939/875 876/941/876
f 831/914/831 863/942/863 832/916/832
f 819/917/819 1439/16/1439 850/943/850
f 846/918/846 876/941/876 877/944/877
f 833/919/833 863/942/863 864/945/864
f 820/920/820 850/943/850 851/946/851
f 846/918/846 878/947/878 847/921/847
f 833/919/833 865/948/865 834/922/834
f 820/920/820 852/949/852 821/923/821
f 847/921/847 879/950/879 848/924/848
f 834/922/834 866/951/866 835/925/835
f 822/926/822 852/949/852 853/952/853
f 848/924/848 880/953/880 849/927/849
f 835/925/835 867/954/867 836/928/836
f 822/926/822 854/955/854 823/929/823
f 1986/42/1986 849/927/849 880/953/880
f 837/930/837 867/954/867 868/956/868
f 823/929/823 855/957/855 824/931/824
f 837/930/837 869/958/869 838/932/838
f 824/931/824 856/959/856 825/933/825
f 839/934/839 869/958/869 870/960/870
f 825/933/825 857/961/857 826/935/826
f 839/934/839 871/962/871 840/902/840
f 826/935/826 858/963/858 827/905/827
f 840/902/840 872/964/872 841/903/841
f 827/905/827 859/965/859 828/906/828
f 842/908/842 872/966/872 873/936/873
f 829/910/829 859/967/859 860/968/860
f 876/941/876 906/969/906 907/970/907
f 862/971/862 894/972/894 863/973/863
f 850/943/850 1439/16/1439 881/974/881
f 877/944/877 907/970/907 908/975/908
f 864/976/864 894/972/894 895/977/895
f 850/943/850 882/978/882 851/946/851
f 877/944/877 909/979/909 878/947/878
f 864/976/864 896/980/896 865/981/865
f 851/946/851 883/982/883 852/949/852
f 879/950/879 909/979/909 910/983/910
f 866/984/866 896/980/896 897/985/897
f 853/952/853 883/982/883 884/986/884
f 879/950/879 911/987/911 880/953/880
f 866/984/866 898/988/898 867/989/867
f 853/952/853 885/990/885 854/955/854
f 1986/42/1986 880/953/880 911/987/911
f 868/991/868 898/988/898 899/992/899
f 854/955/854 886/993/886 855/957/855
f 868/991/868 900/994/900 869/995/869
f 855/957/855 887/996/887 856/959/856
f 870/997/870 900/994/900 901/998/901
f 857/961/857 887/996/887 888/999/888
f 870/997/870 902/1000/902 871/1001/871
f 857/961/857 889/1002/889 858/963/858
f 872/1003/872 902/1000/902 903/1004/903
f 858/963/858 890/1005/890 859/965/859
f 872/966/872 904/1006/904 873/936/873
f 860/1007/860 890/1008/890 891/1009/891
f 873/936/873 905/1010/905 874/937/874
f 860/1007/860 892/1011/892 861/1012/861
f 875/939/875 905/1010/905 906/969/906
f 862/971/862 892/1011/892 893/1013/893
f 881/974/881 913/1014/913 882/978/882
f 908/975/908 940/1015/940 909/979/909
f 895/977/895 927/1016/927 896/980/896
f 882/978/882 914/1017/914 883/982/883
f 910/983/910 940/1015/940 941/1018/941
f 897/985/897 927/1016/927 928/1019/928
f 884/986/884 914/1017/914 915/1020/915
f 910/983/910 942/1021/942 911/987/911
f 897/985/897 929/1022/929 898/988/898
f 884/986/884 916/1023/916 885/990/885
f 1986/42/1986 911/987/911 942/1021/942
f 899/992/899 929/1022/929 930/1024/930
f 885/990/885 917/1025/917 886/993/886
f 899/992/899 931/1026/931 900/994/900
f 886/993/886 918/1027/918 887/996/887
f 901/998/901 931/1026/931 932/1028/932
f 888/999/888 918/1027/918 919/1029/919
f 901/998/901 933/1030/933 902/1000/902
f 888/999/888 920/1031/920 889/1002/889
f 903/1004/903 933/1030/933 934/1032/934
f 890/1008/890 920/1033/920 921/1034/921
f 904/1006/904 934/1035/934 935/1036/935
f 891/1009/891 921/1034/921 922/1037/922
f 904/1006/904 936/1038/936 905/1010/905
f 891/1009/891 923/1039/923 892/1011/892
f 906/969/906 936/1038/936 937/1040/937
f 893/1013/893 923/1039/923 924/1041/924
f 907/970/907 937/1040/937 938/1042/938
f 893/1013/893 925/1043/925 894/972/894
f 881/974/881 1439/16/1439 912/1044/912
f 907/970/907 939/1045/939 908/975/908
f 895/977/895 925/1043/925 926/1046/926
f 915/1020/915 945/1047/945 946/1048/946
f 941/1018/941 973/1049/973 942/1021/942
f 928/1019/928 960/1050/960 929/1022/929
f 915/1020/915 947/1051/947 916/1023/916
f 1986/42/1986 942/1021/942 973/1049/973
f 930/1024/930 960/1050/960 961/1052/961
f 916/1023/916 948/1053/948 917/1025/917
f 930/1024/930 962/1054/962 931/1026/931
f 917/1025/917 949/1055/949 918/1027/918
f 932/1028/932 962/1054/962 963/1056/963
f 919/1029/919 949/1055/949 950/1057/950
f 932/1028/932 964/1058/964 933/1030/933
f 919/1029/919 951/1059/951 920/1031/920
f 934/1032/934 964/1058/964 965/1060/965
f 921/1034/921 951/1061/951 952/1062/952
f 935/1063/935 965/1060/965 966/1064/966
f 922/1037/922 952/1062/952 953/1065/953
f 935/1036/935 967/1066/967 936/1038/936
f 922/1037/922 954/1067/954 923/1039/923
f 936/1038/936 968/1068/968 937/1040/937
f 924/1041/924 954/1067/954 955/1069/955
f 938/1042/938 968/1068/968 969/1070/969
f 924/1041/924 956/1071/956 925/1043/925
f 912/1044/912 1439/16/1439 943/1072/943
f 938/1042/938 970/1073/970 939/1045/939
f 926/1046/926 956/1071/956 957/1074/957
f 912/1044/912 944/1075/944 913/1014/913
f 939/1045/939 971/1076/971 940/1015/940
f 926/1046/926 958/1077/958 927/1016/927
f 913/1014/913 945/1047/945 914/1017/914
f 940/1015/940 972/1078/972 941/1018/941
f 928/1019/928 958/1077/958 959/1079/959
f 947/1051/947 979/1080/979 948/1053/948
f 961/1052/961 993/1081/993 962/1054/962
f 948/1053/948 980/1082/980 949/1055/949
f 963/1056/963 993/1081/993 994/1083/994
f 950/1057/950 980/1082/980 981/1084/981
f 963/1056/963 995/1085/995 964/1058/964
f 950/1057/950 982/1086/982 951/1059/951
f 964/1058/964 996/1087/996 965/1060/965
f 952/1062/952 982/1088/982 983/1089/983
f 965/1060/965 997/1090/997 966/1064/966
f 953/1065/953 983/1089/983 984/1091/984
f 966/1092/966 998/1093/998 967/1066/967
f 953/1065/953 985/1094/985 954/1067/954
f 968/1068/968 998/1093/998 999/1095/999
f 955/1069/955 985/1094/985 986/1096/986
f 969/1070/969 999/1095/999 1000/1097/1000
f 955/1069/955 987/1098/987 956/1071/956
f 943/1072/943 1439/16/1439 974/1099/974
f 970/1073/970 1000/1097/1000 1001/1100/1001
f 957/1074/957 987/1098/987 988/1101/988
f 944/1075/944 974/1099/974 975/1102/975
f 970/1073/970 1002/1103/1002 971/1076/971
f 957/1074/957 989/1104/989 958/1077/958
f 944/1075/944 976/1105/976 945/1047/945
f 971/1076/971 1003/1106/1003 972/1078/972
f 959/1079/959 989/1104/989 990/1107/990
f 945/1047/945 977/1108/977 946/1048/946
f 972/1078/972 1004/1109/1004 973/1049/973
f 959/1079/959 991/1110/991 960/1050/960
f 946/1048/946 978/1111/978 947/1051/947
f 1986/42/1986 973/1049/973 1004/1109/1004
f 961/1052/961 991/1110/991 992/1112/992
f 981/1084/981 1011/1113/1011 1012/1114/1012
f 994/1083/994 1026/1115/1026 995/1085/995
f 982/1086/982 1012/1114/1012 1013/1116/1013
f 995/1085/995 1027/1117/1027 996/1087/996
f 982/1088/982 1014/1118/1014 983/1089/983
f 996/1087/996 1028/1119/1028 997/1090/997
f 984/1091/984 1014/1118/1014 1015/1120/1015
f 997/1121/997 1029/1122/1029 998/1093/998
f 984/1091/984 1016/1123/1016 985/1094/985
f 999/1095/999 1029/1122/1029 1030/1124/1030
f 986/1096/986 1016/1123/1016 1017/1125/1017
f 1000/1097/1000 1030/1124/1030 1031/1126/1031
f 986/1096/986 1018/1127/1018 987/1098/987
f 974/1099/974 1439/16/1439 1005/1128/1005
f 1001/1100/1001 1031/1126/1031 1032/1129/1032
f 988/1101/988 1018/1127/1018 1019/1130/1019
f 975/1102/975 1005/1128/1005 1006/1131/1006
f 1001/1100/1001 1033/1132/1033 1002/1103/1002
f 988/1101/988 1020/1133/1020 989/1104/989
f 975/1102/975 1007/1134/1007 976/1105/976
f 1003/1106/1003 1033/1132/1033 1034/1135/1034
f 990/1107/990 1020/1133/1020 1021/1136/1021
f 977/1108/977 1007/1134/1007 1008/1137/1008
f 1003/1106/1003 1035/1138/1035 1004/1109/1004
f 990/1107/990 1022/1139/1022 991/1110/991
f 978/1111/978 1008/1137/1008 1009/1140/1009
f 1986/42/1986 1004/1109/1004 1035/1138/1035
f 992/1112/992 1022/1139/1022 1023/1141/1023
f 978/1111/978 1010/1142/1010 979/1080/979
f 992/1112/992 1024/1143/1024 993/1081/993
f 979/1080/979 1011/1113/1011 980/1082/980
f 994/1083/994 1024/1143/1024 1025/1144/1025
f 1013/1145/1013 1045/1146/1045 1014/1118/1014
f 1027/1117/1027 1059/1147/1059 1028/1119/1028
f 1015/1120/1015 1045/1146/1045 1046/1148/1046
f 1028/1149/1028 1060/1150/1060 1029/1122/1029
f 1015/1120/1015 1047/1151/1047 1016/1123/1016
f 1030/1124/1030 1060/1150/1060 1061/1152/1061
f 1017/1125/1017 1047/1151/1047 1048/1153/1048
f 1031/1126/1031 1061/1152/1061 1062/1154/1062
f 1017/1125/1017 1049/1155/1049 1018/1127/1018
f 1005/1128/1005 1439/16/1439 1036/1156/1036
f 1031/1126/1031 1063/1157/1063 1032/1129/1032
f 1019/1130/1019 1049/1155/1049 1050/1158/1050
f 1006/1131/1006 1036/1156/1036 1037/1159/1037
f 1032/1129/1032 1064/1160/1064 1033/1132/1033
f 1019/1130/1019 1051/1161/1051 1020/1133/1020
f 1006/1131/1006 1038/1162/1038 1007/1134/1007
f 1034/1135/1034 1064/1160/1064 1065/1163/1065
f 1021/1136/1021 1051/1161/1051 1052/1164/1052
f 1008/1137/1008 1038/1162/1038 1039/1165/1039
f 1034/1135/1034 1066/1166/1066 1035/1138/1035
f 1021/1136/1021 1053/1167/1053 1022/1139/1022
f 1009/1140/1009 1039/1165/1039 1040/1168/1040
f 1986/42/1986 1035/1138/1035 1066/1166/1066
f 1023/1141/1023 1053/1167/1053 1054/1169/1054
f 1009/1140/1009 1041/1170/1041 1010/1142/1010
f 1023/1141/1023 1055/1171/1055 1024/1143/1024
f 1010/1142/1010 1042/1172/1042 1011/1113/1011
f 1025/1144/1025 1055/1171/1055 1056/1173/1056
f 1012/1114/1012 1042/1172/1042 1043/1174/1043
f 1025/1144/1025 1057/1175/1057 1026/1115/1026
f 1013/1145/1013 1043/1176/1043 1044/1177/1044
f 1026/1115/1026 1058/1178/1058 1027/1117/1027
f 1046/1148/1046 1078/1179/1078 1047/1151/1047
f 1060/1150/1060 1092/1180/1092 1061/1152/1061
f 1048/1153/1048 1078/1179/1078 1079/1181/1079
f 1062/1154/1062 1092/1180/1092 1093/1182/1093
f 1048/1153/1048 1080/1183/1080 1049/1155/1049
f 1036/1156/1036 1439/16/1439 1067/1184/1067
f 1062/1154/1062 1094/1185/1094 1063/1157/1063
f 1050/1158/1050 1080/1183/1080 1081/1186/1081
f 1037/1159/1037 1067/1184/1067 1068/1187/1068
f 1063/1157/1063 1095/1188/1095 1064/1160/1064
f 1050/1158/1050 1082/1189/1082 1051/1161/1051
f 1037/1159/1037 1069/1190/1069 1038/1162/1038
f 1065/1163/1065 1095/1188/1095 1096/1191/1096
f 1052/1164/1052 1082/1189/1082 1083/1192/1083
f 1039/1165/1039 1069/1190/1069 1070/1193/1070
f 1065/1163/1065 1097/1194/1097 1066/1166/1066
f 1052/1164/1052 1084/1195/1084 1053/1167/1053
f 1039/1165/1039 1071/1196/1071 1040/1168/1040
f 1986/42/1986 1066/1166/1066 1097/1194/1097
f 1054/1169/1054 1084/1195/1084 1085/1197/1085
f 1040/1168/1040 1072/1198/1072 1041/1170/1041
f 1054/1169/1054 1086/1199/1086 1055/1171/1055
f 1041/1170/1041 1073/1200/1073 1042/1172/1042
f 1056/1173/1056 1086/1199/1086 1087/1201/1087
f 1043/1174/1043 1073/1200/1073 1074/1202/1074
f 1056/1173/1056 1088/1203/1088 1057/1175/1057
f 1043/1176/1043 1075/1204/1075 1044/1177/1044
f 1057/1175/1057 1089/1205/1089 1058/1178/1058
f 1044/1177/1044 1076/1206/1076 1045/1146/1045
f 1058/1178/1058 1090/1207/1090 1059/1147/1059
f 1046/1148/1046 1076/1206/1076 1077/1208/1077
f 1059/1209/1059 1091/1210/1091 1060/1150/1060
f 1079/1181/1079 1111/1211/1111 1080/1183/1080
f 1067/1184/1067 1439/16/1439 1098/1212/1098
f 1093/1182/1093 1125/1213/1125 1094/1185/1094
f 1081/1186/1081 1111/1211/1111 1112/1214/1112
f 1067/1184/1067 1099/1215/1099 1068/1187/1068
f 1094/1185/1094 1126/1216/1126 1095/1188/1095
f 1081/1186/1081 1113/1217/1113 1082/1189/1082
f 1068/1187/1068 1100/1218/1100 1069/1190/1069
f 1096/1191/1096 1126/1216/1126 1127/1219/1127
f 1083/1192/1083 1113/1217/1113 1114/1220/1114
f 1070/1193/1070 1100/1218/1100 1101/1221/1101
f 1096/1191/1096 1128/1222/1128 1097/1194/1097
f 1083/1192/1083 1115/1223/1115 1084/1195/1084
f 1071/1196/1071 1101/1221/1101 1102/1224/1102
f 1986/42/1986 1097/1194/1097 1128/1222/1128
f 1085/1197/1085 1115/1223/1115 1116/1225/1116
f 1071/1196/1071 1103/1226/1103 1072/1198/1072
f 1085/1197/1085 1117/1227/1117 1086/1199/1086
f 1072/1198/1072 1104/1228/1104 1073/1200/1073
f 1087/1201/1087 1117/1227/1117 1118/1229/1118
f 1074/1202/1074 1104/1228/1104 1105/1230/1105
f 1087/1201/1087 1119/1231/1119 1088/1203/1088
f 1074/1232/1074 1106/1233/1106 1075/1204/1075
f 1088/1203/1088 1120/1234/1120 1089/1205/1089
f 1076/1206/1076 1106/1233/1106 1107/1235/1107
f 1089/1205/1089 1121/1236/1121 1090/1207/1090
f 1077/1208/1077 1107/1235/1107 1108/1237/1108
f 1090/1238/1090 1122/1239/1122 1091/1210/1091
f 1077/1208/1077 1109/1240/1109 1078/1179/1078
f 1092/1180/1092 1122/1239/1122 1123/1241/1123
f 1079/1181/1079 1109/1240/1109 1110/1242/1110
f 1093/1182/1093 1123/1241/1123 1124/1243/1124
f 1112/1214/1112 1144/1244/1144 1113/1217/1113
f 1099/1215/1099 1131/1245/1131 1100/1218/1100
f 1127/1219/1127 1157/1246/1157 1158/1247/1158
f 1114/1220/1114 1144/1244/1144 1145/1248/1145
f 1101/1221/1101 1131/1245/1131 1132/1249/1132
f 1127/1219/1127 1159/1250/1159 1128/1222/1128
f 1114/1220/1114 1146/1251/1146 1115/1223/1115
f 1102/1224/1102 1132/1249/1132 1133/1252/1133
f 1986/42/1986 1128/1222/1128 1159/1250/1159
f 1116/1225/1116 1146/1251/1146 1147/1253/1147
f 1102/1224/1102 1134/1254/1134 1103/1226/1103
f 1117/1227/1117 1147/1253/1147 1148/1255/1148
f 1103/1226/1103 1135/1256/1135 1104/1228/1104
f 1118/1229/1118 1148/1255/1148 1149/1257/1149
f 1105/1230/1105 1135/1256/1135 1136/1258/1136
f 1118/1229/1118 1150/1259/1150 1119/1231/1119
f 1105/1260/1105 1137/1261/1137 1106/1233/1106
f 1119/1231/1119 1151/1262/1151 1120/1234/1120
f 1107/1235/1107 1137/1261/1137 1138/1263/1138
f 1121/1236/1121 1151/1262/1151 1152/1264/1152
f 1108/1237/1108 1138/1263/1138 1139/1265/1139
f 1121/1266/1121 1153/1267/1153 1122/1239/1122
f 1108/1237/1108 1140/1268/1140 1109/1240/1109
f 1123/1241/1123 1153/1267/1153 1154/1269/1154
f 1109/1240/1109 1141/1270/1141 1110/1242/1110
f 1124/1243/1124 1154/1269/1154 1155/1271/1155
f 1110/1242/1110 1142/1272/1142 1111/1211/1111
f 1098/1212/1098 1439/16/1439 1129/1273/1129
f 1124/1243/1124 1156/1274/1156 1125/1213/1125
f 1112/1214/1112 1142/1272/1142 1143/1275/1143
f 1098/1212/1098 1130/1276/1130 1099/1215/1099
f 1125/1213/1125 1157/1246/1157 1126/1216/1126
f 1145/1248/1145 1177/1277/1177 1146/1251/1146
f 1132/1249/1132 1164/1278/1164 1133/1252/1133
f 1986/42/1986 1159/1250/1159 1190/1279/1190
f 1147/1253/1147 1177/1277/1177 1178/1280/1178
f 1133/1252/1133 1165/1281/1165 1134/1254/1134
f 1147/1253/1147 1179/1282/1179 1148/1255/1148
f 1134/1254/1134 1166/1283/1166 1135/1256/1135
f 1149/1257/1149 1179/1282/1179 1180/1284/1180
f 1136/1258/1136 1166/1283/1166 1167/1285/1167
f 1149/1257/1149 1181/1286/1181 1150/1259/1150
f 1136/1287/1136 1168/1288/1168 1137/1261/1137
f 1150/1259/1150 1182/1289/1182 1151/1262/1151
f 1138/1263/1138 1168/1288/1168 1169/1290/1169
f 1152/1264/1152 1182/1289/1182 1183/1291/1183
f 1139/1265/1139 1169/1290/1169 1170/1292/1170
f 1152/1293/1152 1184/1294/1184 1153/1267/1153
f 1139/1265/1139 1171/1295/1171 1140/1268/1140
f 1154/1269/1154 1184/1294/1184 1185/1296/1185
f 1141/1270/1141 1171/1295/1171 1172/1297/1172
f 1155/1271/1155 1185/1296/1185 1186/1298/1186
f 1141/1270/1141 1173/1299/1173 1142/1272/1142
f 1129/1273/1129 1439/16/1439 1160/1300/1160
f 1156/1274/1156 1186/1298/1186 1187/1301/1187
f 1143/1275/1143 1173/1299/1173 1174/1302/1174
f 1129/1273/1129 1161/1303/1161 1130/1276/1130
f 1156/1274/1156 1188/1304/1188 1157/1246/1157
f 1143/1275/1143 1175/1305/1175 1144/1244/1144
f 1130/1276/1130 1162/1306/1162 1131/1245/1131
f 1158/1247/1158 1188/1304/1188 1189/1307/1189
f 1145/1248/1145 1175/1305/1175 1176/1308/1176
f 1132/1249/1132 1162/1306/1162 1163/1309/1163
f 1158/1247/1158 1190/1279/1190 1159/1250/1159
f 1178/1280/1178 1210/1310/1210 1179/1282/1179
f 1165/1281/1165 1197/1311/1197 1166/1283/1166
f 1180/1284/1180 1210/1310/1210 1211/1312/1211
f 1167/1285/1167 1197/1311/1197 1198/1313/1198
f 1180/1284/1180 1212/1314/1212 1181/1286/1181
f 1167/1285/1167 1199/1315/1199 1168/1316/1168
f 1181/1286/1181 1213/1317/1213 1182/1289/1182
f 1168/1288/1168 1200/1318/1200 1169/1290/1169
f 1182/1289/1182 1214/1319/1214 1183/1291/1183
f 1170/1292/1170 1200/1318/1200 1201/1320/1201
f 1183/1321/1183 1215/1322/1215 1184/1294/1184
f 1170/1292/1170 1202/1323/1202 1171/1295/1171
f 1184/1294/1184 1216/1324/1216 1185/1296/1185
f 1172/1297/1172 1202/1323/1202 1203/1325/1203
f 1186/1298/1186 1216/1324/1216 1217/1326/1217
f 1172/1297/1172 1204/1327/1204 1173/1299/1173
f 1160/1300/1160 1439/16/1439 1191/1328/1191
f 1186/1298/1186 1218/1329/1218 1187/1301/1187
f 1174/1302/1174 1204/1327/1204 1205/1330/1205
f 1160/1300/1160 1192/1331/1192 1161/1303/1161
f 1187/1301/1187 1219/1332/1219 1188/1304/1188
f 1174/1302/1174 1206/1333/1206 1175/1305/1175
f 1161/1303/1161 1193/1334/1193 1162/1306/1162
f 1189/1307/1189 1219/1332/1219 1220/1335/1220
f 1176/1308/1176 1206/1333/1206 1207/1336/1207
f 1163/1309/1163 1193/1334/1193 1194/1337/1194
f 1190/1279/1190 1220/1335/1220 1221/1338/1221
f 1176/1308/1176 1208/1339/1208 1177/1277/1177
f 1163/1309/1163 1195/1340/1195 1164/1278/1164
f 1986/42/1986 1190/1279/1190 1221/1338/1221
f 1178/1280/1178 1208/1339/1208 1209/1341/1209
f 1164/1278/1164 1196/1342/1196 1165/1281/1165
f 1211/1312/1211 1243/1343/1243 1212/1314/1212
f 1198/1313/1198 1230/1344/1230 1199/1315/1199
f 1212/1314/1212 1244/1345/1244 1213/1317/1213
f 1199/1346/1199 1231/1347/1231 1200/1318/1200
f 1214/1319/1214 1244/1345/1244 1245/1348/1245
f 1201/1320/1201 1231/1347/1231 1232/1349/1232
f 1214/1350/1214 1246/1351/1246 1215/1322/1215
f 1201/1320/1201 1233/1352/1233 1202/1323/1202
f 1216/1324/1216 1246/1351/1246 1247/1353/1247
f 1203/1325/1203 1233/1352/1233 1234/1354/1234
f 1216/1324/1216 1248/1355/1248 1217/1326/1217
f 1203/1325/1203 1235/1356/1235 1204/1327/1204
f 1191/1328/1191 1439/16/1439 1222/1357/1222
f 1217/1326/1217 1249/1358/1249 1218/1329/1218
f 1205/1330/1205 1235/1356/1235 1236/1359/1236
f 1191/1328/1191 1223/1360/1223 1192/1331/1192
f 1218/1329/1218 1250/1361/1250 1219/1332/1219
f 1205/1330/1205 1237/1362/1237 1206/1333/1206
f 1192/1331/1192 1224/1363/1224 1193/1334/1193
f 1220/1335/1220 1250/1361/1250 1251/1364/1251
f 1206/1333/1206 1238/1365/1238 1207/1336/1207
f 1194/1337/1194 1224/1363/1224 1225/1366/1225
f 1220/1335/1220 1252/1367/1252 1221/1338/1221
f 1207/1336/1207 1239/1368/1239 1208/1339/1208
f 1194/1337/1194 1226/1369/1226 1195/1340/1195
f 1986/42/1986 1221/1338/1221 1252/1367/1252
f 1208/1339/1208 1240/1370/1240 1209/1341/1209
f 1195/1340/1195 1227/1371/1227 1196/1342/1196
f 1209/1341/1209 1241/1372/1241 1210/1310/1210
f 1196/1342/1196 1228/1373/1228 1197/1311/1197
f 1211/1312/1211 1241/1372/1241 1242/1374/1242
f 1198/1313/1198 1228/1373/1228 1229/1375/1229
f 1245/1348/1245 1275/1376/1275 1276/1377/1276
f 1232/1349/1232 1262/1378/1262 1263/1379/1263
f 1245/1380/1245 1277/1381/1277 1246/1351/1246
f 1232/1349/1232 1264/1382/1264 1233/1352/1233
f 1247/1353/1247 1277/1381/1277 1278/1383/1278
f 1233/1352/1233 1265/1384/1265 1234/1354/1234
f 1248/1355/1248 1278/1383/1278 1279/1385/1279
f 1235/1356/1235 1265/1384/1265 1266/1386/1266
f 1222/1357/1222 1439/16/1439 1253/1387/1253
f 1248/1355/1248 1280/1388/1280 1249/1358/1249
f 1236/1359/1236 1266/1386/1266 1267/1389/1267
f 1222/1357/1222 1254/1390/1254 1223/1360/1223
f 1250/1361/1250 1280/1388/1280 1281/1391/1281
f 1237/1362/1237 1267/1389/1267 1268/1392/1268
f 1223/1360/1223 1255/1393/1255 1224/1363/1224
f 1251/1364/1251 1281/1391/1281 1282/1394/1282
f 1237/1362/1237 1269/1395/1269 1238/1365/1238
f 1225/1366/1225 1255/1393/1255 1256/1396/1256
f 1251/1364/1251 1283/1397/1283 1252/1367/1252
f 1238/1365/1238 1270/1398/1270 1239/1368/1239
f 1225/1366/1225 1257/1399/1257 1226/1369/1226
f 1986/42/1986 1252/1367/1252 1283/1397/1283
f 1240/1370/1240 1270/1398/1270 1271/1400/1271
f 1226/1369/1226 1258/1401/1258 1227/1371/1227
f 1240/1370/1240 1272/1402/1272 1241/1372/1241
f 1227/1371/1227 1259/1403/1259 1228/1373/1228
f 1242/1374/1242 1272/1402/1272 1273/1404/1273
f 1229/1375/1229 1259/1403/1259 1260/1405/1260
f 1242/1374/1242 1274/1406/1274 1243/1343/1243
f 1229/1375/1229 1261/1407/1261 1230/1344/1230
f 1243/1343/1243 1275/1376/1275 1244/1345/1244
f 1231/1347/1231 1261/1408/1261 1262/1378/1262
f 1278/1383/1278 1308/1409/1308 1309/1410/1309
f 1264/1382/1264 1296/1411/1296 1265/1384/1265
f 1279/1385/1279 1309/1410/1309 1310/1412/1310
f 1266/1386/1266 1296/1411/1296 1297/1413/1297
f 1253/1387/1253 1439/16/1439 1284/1414/1284
f 1280/1388/1280 1310/1412/1310 1311/1415/1311
f 1267/1389/1267 1297/1413/1297 1298/1416/1298
f 1253/1387/1253 1285/1417/1285 1254/1390/1254
f 1280/1388/1280 1312/1418/1312 1281/1391/1281
f 1268/1392/1268 1298/1416/1298 1299/1419/1299
f 1254/1390/1254 1286/1420/1286 1255/1393/1255
f 1282/1394/1282 1312/1418/1312 1313/1421/1313
f 1268/1392/1268 1300/1422/1300 1269/1395/1269
f 1256/1396/1256 1286/1420/1286 1287/1423/1287
f 1282/1394/1282 1314/1424/1314 1283/1397/1283
f 1269/1395/1269 1301/1425/1301 1270/1398/1270
f 1256/1396/1256 1288/1426/1288 1257/1399/1257
f 1986/42/1986 1283/1397/1283 1314/1424/1314
f 1270/1398/1270 1302/1427/1302 1271/1400/1271
f 1257/1399/1257 1289/1428/1289 1258/1401/1258
f 1272/1402/1272 1302/1427/1302 1303/1429/1303
f 1258/1401/1258 1290/1430/1290 1259/1403/1259
f 1273/1404/1273 1303/1429/1303 1304/1431/1304
f 1260/1405/1260 1290/1430/1290 1291/1432/1291
f 1273/1404/1273 1305/1433/1305 1274/1406/1274
f 1260/1405/1260 1292/1434/1292 1261/1407/1261
f 1274/1406/1274 1306/1435/1306 1275/1376/1275
f 1262/1378/1262 1292/1436/1292 1293/1437/1293
f 1276/1438/1276 1306/1439/1306 1307/1440/1307
f 1263/1379/1263 1293/1437/1293 1294/1441/1294
f 1276/1438/1276 1308/1409/1308 1277/1381/1277
f 1263/1379/1263 1295/1442/1295 1264/1382/1264
f 1284/1414/1284 1439/16/1439 1315/1443/1315
f 1310/1412/1310 1342/1444/1342 1311/1415/1311
f 1298/1416/1298 1328/1445/1328 1329/1446/1329
f 1285/1417/1285 1315/1443/1315 1316/1447/1316
f 1311/1415/1311 1343/1448/1343 1312/1418/1312
f 1299/1419/1299 1329/1446/1329 1330/1449/1330
f 1285/1417/1285 1317/1450/1317 1286/1420/1286
f 1313/1421/1313 1343/1448/1343 1344/1451/1344
f 1299/1419/1299 1331/1452/1331 1300/1422/1300
f 1287/1423/1287 1317/1450/1317 1318/1453/1318
f 1313/1421/1313 1345/1454/1345 1314/1424/1314
f 1300/1422/1300 1332/1455/1332 1301/1425/1301
f 1287/1423/1287 1319/1456/1319 1288/1426/1288
f 1986/42/1986 1314/1424/1314 1345/1454/1345
f 1302/1427/1302 1332/1455/1332 1333/1457/1333
f 1288/1426/1288 1320/1458/1320 1289/1428/1289
f 1303/1429/1303 1333/1457/1333 1334/1459/1334
f 1289/1428/1289 1321/1460/1321 1290/1430/1290
f 1304/1431/1304 1334/1459/1334 1335/1461/1335
f 1291/1432/1291 1321/1460/1321 1322/1462/1322
f 1304/1431/1304 1336/1463/1336 1305/1433/1305
f 1291/1432/1291 1323/1464/1323 1292/1434/1292
f 1305/1433/1305 1337/1465/1337 1306/1435/1306
f 1293/1466/1293 1323/1464/1323 1324/1467/1324
f 1307/1440/1307 1337/1468/1337 1338/1469/1338
f 1294/1441/1294 1324/1470/1324 1325/1471/1325
f 1307/1440/1307 1339/1472/1339 1308/1409/1308
f 1294/1441/1294 1326/1473/1326 1295/1442/1295
f 1309/1410/1309 1339/1472/1339 1340/1474/1340
f 1295/1442/1295 1327/1475/1327 1296/1411/1296
f 1309/1410/1309 1341/1476/1341 1310/1412/1310
f 1296/1411/1296 1328/1445/1328 1297/1413/1297
f 1316/1447/1316 1348/1477/1348 1317/1450/1317
f 1344/1451/1344 1374/1478/1374 1375/1479/1375
f 1330/1449/1330 1362/1480/1362 1331/1452/1331
f 1318/1453/1318 1348/1477/1348 1349/1481/1349
f 1344/1451/1344 1376/1482/1376 1345/1454/1345
f 1331/1452/1331 1363/1483/1363 1332/1455/1332
f 1318/1453/1318 1350/1484/1350 1319/1456/1319
f 1986/42/1986 1345/1454/1345 1376/1482/1376
f 1333/1457/1333 1363/1483/1363 1364/1485/1364
f 1319/1456/1319 1351/1486/1351 1320/1458/1320
f 1333/1457/1333 1365/1487/1365 1334/1459/1334
f 1320/1458/1320 1352/1488/1352 1321/1460/1321
f 1334/1459/1334 1366/1489/1366 1335/1461/1335
f 1322/1462/1322 1352/1488/1352 1353/1490/1353
f 1335/1461/1335 1367/1491/1367 1336/1463/1336
f 1322/1462/1322 1354/1492/1354 1323/1464/1323
f 1336/1463/1336 1368/1493/1368 1337/1465/1337
f 1324/1467/1324 1354/1492/1354 1355/1494/1355
f 1338/1469/1338 1368/1495/1368 1369/1496/1369
f 1325/1497/1325 1355/1498/1355 1356/1499/1356
f 1338/1469/1338 1370/1500/1370 1339/1472/1339
f 1325/1497/1325 1357/1501/1357 1326/1502/1326
f 1340/1474/1340 1370/1500/1370 1371/1503/1371
f 1326/1502/1326 1358/1504/1358 1327/1505/1327
f 1341/1476/1341 1371/1503/1371 1372/1506/1372
f 1327/1505/1327 1359/1507/1359 1328/1508/1328
f 1315/1443/1315 1439/16/1439 1346/1509/1346
f 1342/1444/1342 1372/1506/1372 1373/1510/1373
f 1329/1511/1329 1359/1507/1359 1360/1512/1360
f 1315/1443/1315 1347/1513/1347 1316/1447/1316
f 1342/1444/1342 1374/1478/1374 1343/1448/1343
f 1330/1514/1330 1360/1512/1360 1361/1515/1361
f 1349/1481/1349 1381/1516/1381 1350/1484/1350
f 1986/42/1986 1376/1482/1376 1407/1517/1407
f 1364/1518/1364 1394/1519/1394 1395/1520/1395
f 1350/1484/1350 1382/1521/1382 1351/1486/1351
f 1365/1522/1365 1395/1520/1395 1396/1523/1396
f 1351/1486/1351 1383/1524/1383 1352/1488/1352
f 1366/1525/1366 1396/1523/1396 1397/1526/1397
f 1353/1490/1353 1383/1524/1383 1384/1527/1384
f 1366/1525/1366 1398/1528/1398 1367/1529/1367
f 1353/1490/1353 1385/1530/1385 1354/1492/1354
f 1367/1529/1367 1399/1531/1399 1368/1532/1368
f 1355/1498/1355 1385/1533/1385 1386/1534/1386
f 1369/1496/1369 1399/1535/1399 1400/1536/1400
f 1356/1499/1356 1386/1534/1386 1387/1537/1387
f 1369/1496/1369 1401/1538/1401 1370/1500/1370
f 1356/1499/1356 1388/1539/1388 1357/1501/1357
f 1371/1503/1371 1401/1538/1401 1402/1540/1402
f 1357/1501/1357 1389/1541/1389 1358/1504/1358
f 1372/1506/1372 1402/1540/1402 1403/1542/1403
f 1358/1504/1358 1390/1543/1390 1359/1507/1359
f 1346/1509/1346 1439/16/1439 1377/1544/1377
f 1372/1506/1372 1404/1545/1404 1373/1510/1373
f 1359/1507/1359 1391/1546/1391 1360/1512/1360
f 1347/1513/1347 1377/1544/1377 1378/1547/1378
f 1373/1510/1373 1405/1548/1405 1374/1478/1374
f 1361/1515/1361 1391/1546/1391 1392/1549/1392
f 1347/1513/1347 1379/1550/1379 1348/1477/1348
f 1375/1479/1375 1405/1548/1405 1406/1551/1406
f 1361/1515/1361 1393/1552/1393 1362/1553/1362
f 1349/1481/1349 1379/1550/1379 1380/1554/1380
f 1375/1479/1375 1407/1517/1407 1376/1482/1376
f 1362/1553/1362 1394/1519/1394 1363/1555/1363
f 1382/1521/1382 1414/1556/1414 1383/1524/1383
f 1397/1526/1397 1427/1557/1427 1428/1558/1428
f 1384/1527/1384 1414/1556/1414 1415/1559/1415
f 1397/1526/1397 1429/1560/1429 1398/1528/1398
f 1384/1527/1384 1416/1561/1416 1385/1530/1385
f 1398/1528/1398 1430/1562/1430 1399/1531/1399
f 1386/1534/1386 1416/1563/1416 1417/1564/1417
f 1400/1536/1400 1430/1565/1430 1431/1566/1431
f 1387/1537/1387 1417/1564/1417 1418/1567/1418
f 1400/1536/1400 1432/1568/1432 1401/1538/1401
f 1387/1537/1387 1419/1569/1419 1388/1539/1388
f 1402/1540/1402 1432/1568/1432 1433/1570/1433
f 1388/1539/1388 1420/1571/1420 1389/1541/1389
f 1403/1542/1403 1433/1570/1433 1434/1572/1434
f 1389/1541/1389 1421/1573/1421 1390/1543/1390
f 1377/1544/1377 1439/16/1439 1408/1574/1408
f 1403/1542/1403 1435/1575/1435 1404/1545/1404
f 1391/1546/1391 1421/1573/1421 1422/1576/1422
f 1377/1544/1377 1409/1577/1409 1378/1547/1378
f 1404/1545/1404 1436/1578/1436 1405/1548/1405
f 1391/1546/1391 1423/1579/1423 1392/1549/1392
f 1378/1547/1378 1410/1580/1410 1379/1550/1379
f 1406/1551/1406 1436/1578/1436 1437/1581/1437
f 1392/1549/1392 1424/1582/1424 1393/1552/1393
f 1380/1554/1380 1410/1580/1410 1411/1583/1411
f 1407/1517/1407 1437/1581/1437 1438/1584/1438
f 1393/1552/1393 1425/1585/1425 1394/1519/1394
f 1380/1554/1380 1412/1586/1412 1381/1516/1381
f 1986/42/1986 1407/1517/1407 1438/1584/1438
f 1395/1520/1395 1425/1585/1425 1426/1587/1426
f 1381/1516/1381 1413/1588/1413 1382/1521/1382
f 1395/1520/1395 1427/1557/1427 1396/1523/1396
f 1415/1589/1415 1448/1590/1448 1416/1563/1416
f 1430/1562/1430 1461/1591/1461 1462/1592/1462
f 1417/1564/1417 1448/1590/1448 1449/1593/1449
f 1431/1566/1431 1462/1594/1462 1463/1595/1463
f 1418/1567/1418 1449/1593/1449 1450/1596/1450
f 1431/1566/1431 1464/1597/1464 1432/1568/1432
f 1418/1567/1418 1451/1598/1451 1419/1569/1419
f 1433/1570/1433 1464/1597/1464 1465/1599/1465
f 1419/1569/1419 1452/1600/1452 1420/1571/1420
f 1434/1572/1434 1465/1599/1465 1466/1601/1466
f 1420/1571/1420 1453/1602/1453 1421/1573/1421
f 1408/1574/1408 1439/16/1439 1440/1603/1440
f 1435/1575/1435 1466/1601/1466 1467/1604/1467
f 1422/1576/1422 1453/1602/1453 1454/1605/1454
f 1408/1574/1408 1441/1606/1441 1409/1577/1409
f 1435/1575/1435 1468/1607/1468 1436/1578/1436
f 1422/1576/1422 1455/1608/1455 1423/1579/1423
f 1409/1577/1409 1442/1609/1442 1410/1580/1410
f 1437/1581/1437 1468/1607/1468 1469/1610/1469
f 1424/1582/1424 1455/1608/1455 1456/1611/1456
f 1411/1583/1411 1442/1609/1442 1443/1612/1443
f 1437/1581/1437 1470/1613/1470 1438/1584/1438
f 1424/1582/1424 1457/1614/1457 1425/1585/1425
f 1411/1583/1411 1444/1615/1444 1412/1586/1412
f 1986/42/1986 1438/1584/1438 1470/1613/1470
f 1425/1585/1425 1458/1616/1458 1426/1587/1426
f 1412/1586/1412 1445/1617/1445 1413/1588/1413
f 1427/1557/1427 1458/1616/1458 1459/1618/1459
f 1413/1588/1413 1446/1619/1446 1414/1556/1414
f 1428/1558/1428 1459/1618/1459 1460/1620/1460
f 1415/1559/1415 1446/1619/1446 1447/1621/1447
f 1428/1558/1428 1461/1591/1461 1429/1560/1429
f 1450/1596/1450 1480/1622/1480 1481/1623/1481
f 1463/1595/1463 1495/1624/1495 1464/1597/1464
f 1450/1596/1450 1482/1625/1482 1451/1598/1451
f 1465/1599/1465 1495/1624/1495 1496/1626/1496
f 1452/1600/1452 1482/1625/1482 1483/1627/1483
f 1466/1601/1466 1496/1626/1496 1497/1628/1497
f 1452/1600/1452 1484/1629/1484 1453/1602/1453
f 1440/1603/1440 1439/16/1439 1471/1630/1471
f 1466/1601/1466 1498/1631/1498 1467/1604/1467
f 1454/1605/1454 1484/1629/1484 1485/1632/1485
f 1440/1603/1440 1472/1633/1472 1441/1606/1441
f 1467/1604/1467 1499/1634/1499 1468/1607/1468
f 1454/1605/1454 1486/1635/1486 1455/1608/1455
f 1441/1606/1441 1473/1636/1473 1442/1609/1442
f 1469/1610/1469 1499/1634/1499 1500/1637/1500
f 1456/1611/1456 1486/1635/1486 1487/1638/1487
f 1443/1612/1443 1473/1636/1473 1474/1639/1474
f 1470/1613/1470 1500/1637/1500 1501/1640/1501
f 1456/1611/1456 1488/1641/1488 1457/1614/1457
f 1443/1612/1443 1475/1642/1475 1444/1615/1444
f 1986/42/1986 1470/1613/1470 1501/1640/1501
f 1458/1616/1458 1488/1641/1488 1489/1643/1489
f 1444/1615/1444 1476/1644/1476 1445/1617/1445
f 1458/1616/1458 1490/1645/1490 1459/1618/1459
f 1445/1617/1445 1477/1646/1477 1446/1619/1446
f 1460/1620/1460 1490/1645/1490 1491/1647/1491
f 1447/1621/1447 1477/1646/1477 1478/1648/1478
f 1460/1620/1460 1492/1649/1492 1461/1591/1461
f 1447/1650/1447 1479/1651/1479 1448/1590/1448
f 1461/1591/1461 1493/1652/1493 1462/1592/1462
f 1449/1593/1449 1479/1651/1479 1480/1622/1480
f 1463/1595/1463 1493/1653/1493 1494/1654/1494
f 1483/1627/1483 1513/1655/1513 1514/1656/1514
f 1497/1628/1497 1527/1657/1527 1528/1658/1528
f 1483/1627/1483 1515/1659/1515 1484/1629/1484
f 1471/1630/1471 1439/16/1439 1502/1660/1502
f 1497/1628/1497 1529/1661/1529 1498/1631/1498
f 1485/1632/1485 1515/1659/1515 1516/1662/1516
f 1472/1633/1472 1502/1660/1502 1503/1663/1503
f 1498/1631/1498 1530/1664/1530 1499/1634/1499
f 1485/1632/1485 1517/1665/1517 1486/1635/1486
f 1472/1633/1472 1504/1666/1504 1473/1636/1473
f 1500/1637/1500 1530/1664/1530 1531/1667/1531
f 1487/1638/1487 1517/1665/1517 1518/1668/1518
f 1474/1639/1474 1504/1666/1504 1505/1669/1505
f 1500/1637/1500 1532/1670/1532 1501/1640/1501
f 1487/1638/1487 1519/1671/1519 1488/1641/1488
f 1474/1639/1474 1506/1672/1506 1475/1642/1475
f 1986/42/1986 1501/1640/1501 1532/1670/1532
f 1489/1643/1489 1519/1671/1519 1520/1673/1520
f 1475/1642/1475 1507/1674/1507 1476/1644/1476
f 1490/1645/1490 1520/1673/1520 1521/1675/1521
f 1476/1644/1476 1508/1676/1508 1477/1646/1477
f 1491/1647/1491 1521/1675/1521 1522/1677/1522
f 1478/1648/1478 1508/1676/1508 1509/1678/1509
f 1491/1647/1491 1523/1679/1523 1492/1649/1492
f 1478/1680/1478 1510/1681/1510 1479/1651/1479
f 1492/1649/1492 1524/1682/1524 1493/1652/1493
f 1480/1622/1480 1510/1681/1510 1511/1683/1511
f 1494/1684/1494 1524/1682/1524 1525/1685/1525
f 1481/1623/1481 1511/1683/1511 1512/1686/1512
f 1494/1654/1494 1526/1687/1526 1495/1624/1495
f 1481/1623/1481 1513/1655/1513 1482/1625/1482
f 1496/1626/1496 1526/1687/1526 1527/1657/1527
f 1516/1662/1516 1546/1688/1546 1547/1689/1547
f 1503/1663/1503 1533/1690/1533 1534/1691/1534
f 1529/1661/1529 1561/1692/1561 1530/1664/1530
f 1516/1662/1516 1548/1693/1548 1517/1665/1517
f 1503/1663/1503 1535/1694/1535 1504/1666/1504
f 1531/1667/1531 1561/1692/1561 1562/1695/1562
f 1518/1668/1518 1548/1693/1548 1549/1696/1549
f 1505/1669/1505 1535/1694/1535 1536/1697/1536
f 1531/1667/1531 1563/1698/1563 1532/1670/1532
f 1518/1668/1518 1550/1699/1550 1519/1671/1519
f 1505/1669/1505 1537/1700/1537 1506/1672/1506
f 1986/42/1986 1532/1670/1532 1563/1698/1563
f 1520/1673/1520 1550/1699/1550 1551/1701/1551
f 1506/1672/1506 1538/1702/1538 1507/1674/1507
f 1521/1675/1521 1551/1701/1551 1552/1703/1552
f 1507/1674/1507 1539/1704/1539 1508/1676/1508
f 1522/1677/1522 1552/1703/1552 1553/1705/1553
f 1509/1678/1509 1539/1704/1539 1540/1706/1540
f 1522/1677/1522 1554/1707/1554 1523/1679/1523
f 1509/1708/1509 1541/1709/1541 1510/1681/1510
f 1523/1679/1523 1555/1710/1555 1524/1682/1524
f 1510/1681/1510 1542/1711/1542 1511/1683/1511
f 1525/1685/1525 1555/1710/1555 1556/1712/1556
f 1512/1686/1512 1542/1711/1542 1543/1713/1543
f 1525/1714/1525 1557/1715/1557 1526/1687/1526
f 1512/1686/1512 1544/1716/1544 1513/1655/1513
f 1527/1657/1527 1557/1715/1557 1558/1717/1558
f 1513/1655/1513 1545/1718/1545 1514/1656/1514
f 1528/1658/1528 1558/1717/1558 1559/1719/1559
f 1514/1656/1514 1546/1688/1546 1515/1659/1515
f 1502/1660/1502 1439/16/1439 1533/1690/1533
f 1529/1661/1529 1559/1719/1559 1560/1720/1560
f 1549/1696/1549 1579/1721/1579 1580/1722/1580
f 1536/1697/1536 1566/1723/1566 1567/1724/1567
f 1562/1695/1562 1594/1725/1594 1563/1698/1563
f 1549/1696/1549 1581/1726/1581 1550/1699/1550
f 1536/1697/1536 1568/1727/1568 1537/1700/1537
f 1986/42/1986 1563/1698/1563 1594/1725/1594
f 1551/1701/1551 1581/1726/1581 1582/1728/1582
f 1537/1700/1537 1569/1729/1569 1538/1702/1538
f 1551/1701/1551 1583/1730/1583 1552/1703/1552
f 1538/1702/1538 1570/1731/1570 1539/1704/1539
f 1553/1705/1553 1583/1730/1583 1584/1732/1584
f 1540/1706/1540 1570/1731/1570 1571/1733/1571
f 1553/1705/1553 1585/1734/1585 1554/1707/1554
f 1540/1735/1540 1572/1736/1572 1541/1709/1541
f 1554/1707/1554 1586/1737/1586 1555/1710/1555
f 1542/1711/1542 1572/1736/1572 1573/1738/1573
f 1556/1712/1556 1586/1737/1586 1587/1739/1587
f 1543/1713/1543 1573/1738/1573 1574/1740/1574
f 1556/1741/1556 1588/1742/1588 1557/1715/1557
f 1543/1713/1543 1575/1743/1575 1544/1716/1544
f 1558/1717/1558 1588/1742/1588 1589/1744/1589
f 1545/1718/1545 1575/1743/1575 1576/1745/1576
f 1559/1719/1559 1589/1744/1589 1590/1746/1590
f 1545/1718/1545 1577/1747/1577 1546/1688/1546
f 1533/1690/1533 1439/16/1439 1564/1748/1564
f 1560/1720/1560 1590/1746/1590 1591/1749/1591
f 1547/1689/1547 1577/1747/1577 1578/1750/1578
f 1533/1690/1533 1565/1751/1565 1534/1691/1534
f 1560/1720/1560 1592/1752/1592 1561/1692/1561
f 1547/1689/1547 1579/1721/1579 1548/1693/1548
f 1534/1691/1534 1566/1723/1566 1535/1694/1535
f 1561/1692/1561 1593/1753/1593 1562/1695/1562
f 1565/1751/1565 1597/1754/1597 1566/1723/1566
f 1593/1753/1593 1623/1755/1623 1624/1756/1624
f 1580/1722/1580 1610/1757/1610 1611/1758/1611
f 1567/1724/1567 1597/1754/1597 1598/1759/1598
f 1593/1753/1593 1625/1760/1625 1594/1725/1594
f 1580/1722/1580 1612/1761/1612 1581/1726/1581
f 1567/1724/1567 1599/1762/1599 1568/1727/1568
f 1986/42/1986 1594/1725/1594 1625/1760/1625
f 1582/1728/1582 1612/1761/1612 1613/1763/1613
f 1568/1727/1568 1600/1764/1600 1569/1729/1569
f 1582/1728/1582 1614/1765/1614 1583/1730/1583
f 1569/1729/1569 1601/1766/1601 1570/1731/1570
f 1584/1732/1584 1614/1765/1614 1615/1767/1615
f 1571/1733/1571 1601/1766/1601 1602/1768/1602
f 1584/1732/1584 1616/1769/1616 1585/1734/1585
f 1571/1770/1571 1603/1771/1603 1572/1736/1572
f 1585/1734/1585 1617/1772/1617 1586/1737/1586
f 1573/1738/1573 1603/1771/1603 1604/1773/1604
f 1587/1739/1587 1617/1772/1617 1618/1774/1618
f 1574/1740/1574 1604/1773/1604 1605/1775/1605
f 1587/1776/1587 1619/1777/1619 1588/1742/1588
f 1574/1740/1574 1606/1778/1606 1575/1743/1575
f 1589/1744/1589 1619/1777/1619 1620/1779/1620
f 1576/1745/1576 1606/1778/1606 1607/1780/1607
f 1590/1746/1590 1620/1779/1620 1621/1781/1621
f 1576/1745/1576 1608/1782/1608 1577/1747/1577
f 1564/1748/1564 1439/16/1439 1595/1783/1595
f 1590/1746/1590 1622/1784/1622 1591/1749/1591
f 1578/1750/1578 1608/1782/1608 1609/1785/1609
f 1565/1751/1565 1595/1783/1595 1596/1786/1596
f 1591/1749/1591 1623/1755/1623 1592/1752/1592
f 1578/1750/1578 1610/1757/1610 1579/1721/1579
f 1598/1759/1598 1630/1787/1630 1599/1762/1599
f 1986/42/1986 1625/1760/1625 1656/1788/1656
f 1613/1763/1613 1643/1789/1643 1644/1790/1644
f 1599/1762/1599 1631/1791/1631 1600/1764/1600
f 1613/1763/1613 1645/1792/1645 1614/1765/1614
f 1600/1764/1600 1632/1793/1632 1601/1766/1601
f 1615/1767/1615 1645/1792/1645 1646/1794/1646
f 1602/1768/1602 1632/1793/1632 1633/1795/1633
f 1615/1767/1615 1647/1796/1647 1616/1769/1616
f 1602/1797/1602 1634/1798/1634 1603/1771/1603
f 1616/1769/1616 1648/1799/1648 1617/1772/1617
f 1604/1773/1604 1634/1798/1634 1635/1800/1635
f 1618/1774/1618 1648/1799/1648 1649/1801/1649
f 1605/1775/1605 1635/1800/1635 1636/1802/1636
f 1618/1803/1618 1650/1804/1650 1619/1777/1619
f 1605/1775/1605 1637/1805/1637 1606/1778/1606
f 1620/1779/1620 1650/1804/1650 1651/1806/1651
f 1607/1780/1607 1637/1805/1637 1638/1807/1638
f 1621/1781/1621 1651/1806/1651 1652/1808/1652
f 1607/1780/1607 1639/1809/1639 1608/1782/1608
f 1595/1783/1595 1439/16/1439 1626/1810/1626
f 1621/1781/1621 1653/1811/1653 1622/1784/1622
f 1609/1785/1609 1639/1809/1639 1640/1812/1640
f 1595/1783/1595 1627/1813/1627 1596/1786/1596
f 1622/1784/1622 1654/1814/1654 1623/1755/1623
f 1609/1785/1609 1641/1815/1641 1610/1757/1610
f 1596/1786/1596 1628/1816/1628 1597/1754/1597
f 1623/1755/1623 1655/1817/1655 1624/1756/1624
f 1611/1758/1611 1641/1815/1641 1642/1818/1642
f 1598/1759/1598 1628/1816/1628 1629/1819/1629
f 1624/1756/1624 1656/1788/1656 1625/1760/1625
f 1611/1758/1611 1643/1789/1643 1612/1761/1612
f 1631/1791/1631 1663/1820/1663 1632/1793/1632
f 1646/1794/1646 1676/1821/1676 1677/1822/1677
f 1633/1795/1633 1663/1820/1663 1664/1823/1664
f 1646/1794/1646 1678/1824/1678 1647/1796/1647
f 1633/1825/1633 1665/1826/1665 1634/1798/1634
f 1647/1796/1647 1679/1827/1679 1648/1799/1648
f 1635/1800/1635 1665/1826/1665 1666/1828/1666
f 1649/1801/1649 1679/1827/1679 1680/1829/1680
f 1636/1802/1636 1666/1828/1666 1667/1830/1667
f 1649/1831/1649 1681/1832/1681 1650/1804/1650
f 1636/1802/1636 1668/1833/1668 1637/1805/1637
f 1651/1806/1651 1681/1832/1681 1682/1834/1682
f 1638/1807/1638 1668/1833/1668 1669/1835/1669
f 1652/1808/1652 1682/1834/1682 1683/1836/1683
f 1638/1807/1638 1670/1837/1670 1639/1809/1639
f 1626/1810/1626 1439/16/1439 1657/1838/1657
f 1653/1811/1653 1683/1836/1683 1684/1839/1684
f 1639/1809/1639 1671/1840/1671 1640/1812/1640
f 1626/1810/1626 1658/1841/1658 1627/1813/1627
f 1653/1811/1653 1685/1842/1685 1654/1814/1654
f 1640/1812/1640 1672/1843/1672 1641/1815/1641
f 1627/1813/1627 1659/1844/1659 1628/1816/1628
f 1655/1817/1655 1685/1842/1685 1686/1845/1686
f 1641/1815/1641 1673/1846/1673 1642/1818/1642
f 1628/1816/1628 1660/1847/1660 1629/1819/1629
f 1655/1817/1655 1687/1848/1687 1656/1788/1656
f 1642/1818/1642 1674/1849/1674 1643/1789/1643
f 1629/1819/1629 1661/1850/1661 1630/1787/1630
f 1986/42/1986 1656/1788/1656 1687/1848/1687
f 1644/1790/1644 1674/1849/1674 1675/1851/1675
f 1630/1787/1630 1662/1852/1662 1631/1791/1631
f 1644/1790/1644 1676/1821/1676 1645/1792/1645
f 1664/1853/1664 1696/1854/1696 1665/1826/1665
f 1678/1824/1678 1710/1855/1710 1679/1827/1679
f 1665/1826/1665 1697/1856/1697 1666/1828/1666
f 1680/1857/1680 1710/1858/1710 1711/1859/1711
f 1667/1830/1667 1697/1856/1697 1698/1860/1698
f 1680/1857/1680 1712/1861/1712 1681/1832/1681
f 1667/1830/1667 1699/1862/1699 1668/1833/1668
f 1682/1834/1682 1712/1861/1712 1713/1863/1713
f 1669/1835/1669 1699/1862/1699 1700/1864/1700
f 1683/1836/1683 1713/1863/1713 1714/1865/1714
f 1669/1835/1669 1701/1866/1701 1670/1837/1670
f 1657/1838/1657 1439/16/1439 1688/1867/1688
f 1683/1836/1683 1715/1868/1715 1684/1839/1684
f 1670/1837/1670 1702/1869/1702 1671/1840/1671
f 1658/1841/1658 1688/1867/1688 1689/1870/1689
f 1684/1839/1684 1716/1871/1716 1685/1842/1685
f 1672/1843/1672 1702/1869/1702 1703/1872/1703
f 1658/1841/1658 1690/1873/1690 1659/1844/1659
f 1686/1845/1686 1716/1871/1716 1717/1874/1717
f 1672/1843/1672 1704/1875/1704 1673/1846/1673
f 1660/1847/1660 1690/1873/1690 1691/1876/1691
f 1686/1845/1686 1718/1877/1718 1687/1848/1687
f 1673/1846/1673 1705/1878/1705 1674/1849/1674
f 1660/1847/1660 1692/1879/1692 1661/1850/1661
f 1986/42/1986 1687/1848/1687 1718/1877/1718
f 1675/1851/1675 1705/1878/1705 1706/1880/1706
f 1661/1850/1661 1693/1881/1693 1662/1852/1662
f 1676/1821/1676 1706/1880/1706 1707/1882/1707
f 1662/1852/1662 1694/1883/1694 1663/1820/1663
f 1677/1822/1677 1707/1882/1707 1708/1884/1708
f 1664/1823/1664 1694/1883/1694 1695/1885/1695
f 1677/1822/1677 1709/1886/1709 1678/1824/1678
f 1698/1860/1698 1728/1887/1728 1729/1888/1729
f 1711/1859/1711 1743/1889/1743 1712/1861/1712
f 1698/1860/1698 1730/1890/1730 1699/1862/1699
f 1713/1863/1713 1743/1889/1743 1744/1891/1744
f 1700/1864/1700 1730/1890/1730 1731/1892/1731
f 1714/1865/1714 1744/1891/1744 1745/1893/1745
f 1700/1864/1700 1732/1894/1732 1701/1866/1701
f 1688/1867/1688 1439/16/1439 1719/1895/1719
f 1714/1865/1714 1746/1896/1746 1715/1868/1715
f 1702/1869/1702 1732/1894/1732 1733/1897/1733
f 1688/1867/1688 1720/1898/1720 1689/1870/1689
f 1715/1868/1715 1747/1899/1747 1716/1871/1716
f 1702/1869/1702 1734/1900/1734 1703/1872/1703
f 1689/1870/1689 1721/1901/1721 1690/1873/1690
f 1717/1874/1717 1747/1899/1747 1748/1902/1748
f 1703/1872/1703 1735/1903/1735 1704/1875/1704
f 1691/1876/1691 1721/1901/1721 1722/1904/1722
f 1718/1877/1718 1748/1902/1748 1749/1905/1749
f 1704/1875/1704 1736/1906/1736 1705/1878/1705
f 1691/1876/1691 1723/1907/1723 1692/1879/1692
f 1986/42/1986 1718/1877/1718 1749/1905/1749
f 1706/1880/1706 1736/1906/1736 1737/1908/1737
f 1692/1879/1692 1724/1909/1724 1693/1881/1693
f 1706/1880/1706 1738/1910/1738 1707/1882/1707
f 1693/1881/1693 1725/1911/1725 1694/1883/1694
f 1708/1884/1708 1738/1910/1738 1739/1912/1739
f 1695/1885/1695 1725/1911/1725 1726/1913/1726
f 1708/1884/1708 1740/1914/1740 1709/1886/1709
f 1695/1915/1695 1727/1916/1727 1696/1854/1696
f 1709/1886/1709 1741/1917/1741 1710/1855/1710
f 1697/1856/1697 1727/1916/1727 1728/1887/1728
f 1711/1859/1711 1741/1918/1741 1742/1919/1742
f 1731/1892/1731 1761/1920/1761 1762/1921/1762
f 1745/1893/1745 1775/1922/1775 1776/1923/1776
f 1731/1892/1731 1763/1924/1763 1732/1894/1732
f 1719/1895/1719 1439/16/1439 1750/1925/1750
f 1746/1896/1746 1776/1923/1776 1777/1926/1777
f 1733/1897/1733 1763/1924/1763 1764/1927/1764
f 1720/1898/1720 1750/1925/1750 1751/1928/1751
f 1746/1896/1746 1778/1929/1778 1747/1899/1747
f 1734/1900/1734 1764/1927/1764 1765/1930/1765
f 1720/1898/1720 1752/1931/1752 1721/1901/1721
f 1748/1902/1748 1778/1929/1778 1779/1932/1779
f 1734/1900/1734 1766/1933/1766 1735/1903/1735
f 1721/1901/1721 1753/1934/1753 1722/1904/1722
f 1748/1902/1748 1780/1935/1780 1749/1905/1749
f 1735/1903/1735 1767/1936/1767 1736/1906/1736
f 1722/1904/1722 1754/1937/1754 1723/1907/1723
f 1986/42/1986 1749/1905/1749 1780/1935/1780
f 1737/1908/1737 1767/1936/1767 1768/1938/1768
f 1723/1907/1723 1755/1939/1755 1724/1909/1724
f 1737/1908/1737 1769/1940/1769 1738/1910/1738
f 1724/1909/1724 1756/1941/1756 1725/1911/1725
f 1739/1912/1739 1769/1940/1769 1770/1942/1770
f 1726/1913/1726 1756/1941/1756 1757/1943/1757
f 1739/1912/1739 1771/1944/1771 1740/1914/1740
f 1726/1945/1726 1758/1946/1758 1727/1916/1727
f 1740/1914/1740 1772/1947/1772 1741/1917/1741
f 1728/1887/1728 1758/1946/1758 1759/1948/1759
f 1742/1919/1742 1772/1949/1772 1773/1950/1773
f 1729/1888/1729 1759/1948/1759 1760/1951/1760
f 1742/1919/1742 1774/1952/1774 1743/1889/1743
f 1729/1888/1729 1761/1920/1761 1730/1890/1730
f 1744/1891/1744 1774/1952/1774 1775/1922/1775
f 1764/1927/1764 1794/1953/1794 1795/1954/1795
f 1750/1925/1750 1782/1955/1782 1751/1928/1751
f 1777/1926/1777 1809/1956/1809 1778/1929/1778
f 1765/1930/1765 1795/1954/1795 1796/1957/1796
f 1751/1928/1751 1783/1958/1783 1752/1931/1752
f 1779/1932/1779 1809/1956/1809 1810/1959/1810
f 1765/1930/1765 1797/1960/1797 1766/1933/1766
f 1753/1934/1753 1783/1958/1783 1784/1961/1784
f 1779/1932/1779 1811/1962/1811 1780/1935/1780
f 1766/1933/1766 1798/1963/1798 1767/1936/1767
f 1753/1934/1753 1785/1964/1785 1754/1937/1754
f 1986/42/1986 1780/1935/1780 1811/1962/1811
f 1768/1938/1768 1798/1963/1798 1799/1965/1799
f 1754/1937/1754 1786/1966/1786 1755/1939/1755
f 1768/1938/1768 1800/1967/1800 1769/1940/1769
f 1755/1939/1755 1787/1968/1787 1756/1941/1756
f 1770/1942/1770 1800/1967/1800 1801/1969/1801
f 1757/1943/1757 1787/1968/1787 1788/1970/1788
f 1770/1942/1770 1802/1971/1802 1771/1944/1771
f 1757/1943/1757 1789/1972/1789 1758/1973/1758
f 1771/1944/1771 1803/1974/1803 1772/1947/1772
f 1759/1948/1759 1789/1975/1789 1790/1976/1790
f 1773/1950/1773 1803/1977/1803 1804/1978/1804
f 1760/1951/1760 1790/1976/1790 1791/1979/1791
f 1773/1950/1773 1805/1980/1805 1774/1952/1774
f 1760/1951/1760 1792/1981/1792 1761/1920/1761
f 1775/1922/1775 1805/1980/1805 1806/1982/1806
f 1762/1921/1762 1792/1981/1792 1793/1983/1793
f 1775/1922/1775 1807/1984/1807 1776/1923/1776
f 1762/1921/1762 1794/1953/1794 1763/1924/1763
f 1750/1925/1750 1439/16/1439 1781/1985/1781
f 1776/1923/1776 1808/1986/1808 1777/1926/1777
f 1796/1957/1796 1828/1987/1828 1797/1960/1797
f 1783/1958/1783 1815/1988/1815 1784/1961/1784
f 1810/1959/1810 1842/1989/1842 1811/1962/1811
f 1797/1960/1797 1829/1990/1829 1798/1963/1798
f 1785/1964/1785 1815/1988/1815 1816/1991/1816
f 1986/42/1986 1811/1962/1811 1842/1989/1842
f 1799/1965/1799 1829/1990/1829 1830/1992/1830
f 1785/1964/1785 1817/1993/1817 1786/1966/1786
f 1799/1965/1799 1831/1994/1831 1800/1967/1800
f 1786/1966/1786 1818/1995/1818 1787/1968/1787
f 1801/1969/1801 1831/1994/1831 1832/1996/1832
f 1788/1970/1788 1818/1995/1818 1819/1997/1819
f 1801/1969/1801 1833/1998/1833 1802/1971/1802
f 1788/1970/1788 1820/1999/1820 1789/1972/1789
f 1802/2000/1802 1834/2001/1834 1803/1977/1803
f 1790/1976/1790 1820/2002/1820 1821/2003/1821
f 1804/1978/1804 1834/2001/1834 1835/2004/1835
f 1791/1979/1791 1821/2003/1821 1822/2005/1822
f 1804/1978/1804 1836/2006/1836 1805/1980/1805
f 1791/1979/1791 1823/2007/1823 1792/1981/1792
f 1806/1982/1806 1836/2006/1836 1837/2008/1837
f 1792/1981/1792 1824/2009/1824 1793/1983/1793
f 1807/1984/1807 1837/2008/1837 1838/2010/1838
f 1793/1983/1793 1825/2011/1825 1794/1953/1794
f 1781/1985/1781 1439/16/1439 1812/2012/1812
f 1808/1986/1808 1838/2010/1838 1839/2013/1839
f 1795/1954/1795 1825/2011/1825 1826/2014/1826
f 1782/1955/1782 1812/2012/1812 1813/2015/1813
f 1808/1986/1808 1840/2016/1840 1809/1956/1809
f 1796/1957/1796 1826/2014/1826 1827/2017/1827
f 1782/1955/1782 1814/2018/1814 1783/1958/1783
f 1810/1959/1810 1840/2016/1840 1841/2019/1841
f 1829/2020/1829 1861/2021/1861 1830/2022/1830
f 1817/1993/1817 1847/2023/1847 1848/2024/1848
f 1831/2025/1831 1861/2021/1861 1862/2026/1862
f 1817/1993/1817 1849/2027/1849 1818/1995/1818
f 1832/2028/1832 1862/2026/1862 1863/2029/1863
f 1819/1997/1819 1849/2027/1849 1850/2030/1850
f 1832/2028/1832 1864/2031/1864 1833/2032/1833
f 1819/1997/1819 1851/2033/1851 1820/1999/1820
f 1833/2034/1833 1865/2035/1865 1834/2001/1834
f 1821/2036/1821 1851/2037/1851 1852/2038/1852
f 1835/2004/1835 1865/2035/1865 1866/2039/1866
f 1822/2040/1822 1852/2038/1852 1853/2041/1853
f 1835/2004/1835 1867/2042/1867 1836/2006/1836
f 1822/2040/1822 1854/2043/1854 1823/2044/1823
f 1837/2008/1837 1867/2042/1867 1868/2045/1868
f 1823/2044/1823 1855/2046/1855 1824/2047/1824
f 1837/2008/1837 1869/2048/1869 1838/2010/1838
f 1825/2049/1825 1855/2046/1855 1856/2050/1856
f 1812/2012/1812 1439/16/1439 1843/2051/1843
f 1839/2013/1839 1869/2048/1869 1870/2052/1870
f 1826/2053/1826 1856/2050/1856 1857/2054/1857
f 1812/2012/1812 1844/2055/1844 1813/2015/1813
f 1839/2013/1839 1871/2056/1871 1840/2016/1840
f 1827/2057/1827 1857/2054/1857 1858/2058/1858
f 1813/2015/1813 1845/2059/1845 1814/2018/1814
f 1841/2019/1841 1871/2056/1871 1872/2060/1872
f 1828/2061/1828 1858/2058/1858 1859/2062/1859
f 1815/1988/1815 1845/2059/1845 1846/2063/1846
f 1841/2019/1841 1873/2064/1873 1842/1989/1842
f 1828/2061/1828 1860/2065/1860 1829/2020/1829
f 1815/1988/1815 1847/2023/1847 1816/1991/1816
f 1986/42/1986 1842/1989/1842 1873/2064/1873
f 1863/2029/1863 1893/2066/1893 1894/2067/1894
f 1850/2030/1850 1880/2068/1880 1881/2069/1881
f 1863/2029/1863 1895/2070/1895 1864/2031/1864
f 1850/2030/1850 1882/2071/1882 1851/2033/1851
f 1864/2072/1864 1896/2073/1896 1865/2035/1865
f 1852/2038/1852 1882/2074/1882 1883/2075/1883
f 1866/2039/1866 1896/2073/1896 1897/2076/1897
f 1853/2041/1853 1883/2075/1883 1884/2077/1884
f 1866/2039/1866 1898/2078/1898 1867/2042/1867
f 1853/2041/1853 1885/2079/1885 1854/2043/1854
f 1868/2045/1868 1898/2078/1898 1899/2080/1899
f 1854/2043/1854 1886/2081/1886 1855/2046/1855
f 1869/2048/1869 1899/2080/1899 1900/2082/1900
f 1856/2050/1856 1886/2081/1886 1887/2083/1887
f 1843/2051/1843 1439/16/1439 1874/2084/1874
f 1869/2048/1869 1901/2085/1901 1870/2052/1870
f 1857/2054/1857 1887/2083/1887 1888/2086/1888
f 1844/2055/1844 1874/2084/1874 1875/2087/1875
f 1870/2052/1870 1902/2088/1902 1871/2056/1871
f 1858/2058/1858 1888/2086/1888 1889/2089/1889
f 1844/2055/1844 1876/2090/1876 1845/2059/1845
f 1872/2060/1872 1902/2088/1902 1903/2091/1903
f 1858/2058/1858 1890/2092/1890 1859/2062/1859
f 1846/2063/1846 1876/2090/1876 1877/2093/1877
f 1873/2064/1873 1903/2091/1903 1904/2094/1904
f 1859/2062/1859 1891/2095/1891 1860/2065/1860
f 1846/2063/1846 1878/2096/1878 1847/2023/1847
f 1986/42/1986 1873/2064/1873 1904/2094/1904
f 1860/2065/1860 1892/2097/1892 1861/2021/1861
f 1847/2023/1847 1879/2098/1879 1848/2024/1848
f 1862/2026/1862 1892/2097/1892 1893/2066/1893
f 1848/2024/1848 1880/2068/1880 1849/2027/1849
f 1895/2070/1895 1927/2099/1927 1896/2100/1896
f 1883/2075/1883 1913/2101/1913 1914/2102/1914
f 1897/2076/1897 1927/2103/1927 1928/2104/1928
f 1884/2077/1884 1914/2102/1914 1915/2105/1915
f 1897/2076/1897 1929/2106/1929 1898/2078/1898
f 1884/2077/1884 1916/2107/1916 1885/2079/1885
f 1899/2080/1899 1929/2106/1929 1930/2108/1930
f 1885/2079/1885 1917/2109/1917 1886/2081/1886
f 1900/2082/1900 1930/2108/1930 1931/2110/1931
f 1886/2081/1886 1918/2111/1918 1887/2083/1887
f 1874/2084/1874 1439/16/1439 1905/2112/1905
f 1900/2082/1900 1932/2113/1932 1901/2085/1901
f 1888/2086/1888 1918/2111/1918 1919/2114/1919
f 1874/2084/1874 1906/2115/1906 1875/2087/1875
f 1901/2085/1901 1933/2116/1933 1902/2088/1902
f 1889/2089/1889 1919/2114/1919 1920/2117/1920
f 1875/2087/1875 1907/2118/1907 1876/2090/1876
f 1903/2091/1903 1933/2116/1933 1934/2119/1934
f 1889/2089/1889 1921/2120/1921 1890/2092/1890
f 1877/2093/1877 1907/2118/1907 1908/2121/1908
f 1903/2091/1903 1935/2122/1935 1904/2094/1904
f 1890/2092/1890 1922/2123/1922 1891/2095/1891
f 1877/2093/1877 1909/2124/1909 1878/2096/1878
f 1986/42/1986 1904/2094/1904 1935/2122/1935
f 1891/2095/1891 1923/2125/1923 1892/2097/1892
f 1879/2098/1879 1909/2124/1909 1910/2126/1910
f 1893/2066/1893 1923/2125/1923 1924/2127/1924
f 1879/2098/1879 1911/2128/1911 1880/2068/1880
f 1894/2067/1894 1924/2127/1924 1925/2129/1925
f 1881/2069/1881 1911/2128/1911 1912/2130/1912
f 1894/2067/1894 1926/2131/1926 1895/2070/1895
f 1881/2069/1881 1913/2132/1913 1882/2071/1882
f 1928/2104/1928 1960/2133/1960 1929/2106/1929
f 1915/2105/1915 1947/2134/1947 1916/2107/1916
f 1930/2108/1930 1960/2133/1960 1961/2135/1961
f 1916/2107/1916 1948/2136/1948 1917/2109/1917
f 1930/2108/1930 1962/2137/1962 1931/2110/1931
f 1917/2109/1917 1949/2138/1949 1918/2111/1918
f 1905/2112/1905 1439/16/1439 1936/2139/1936
f 1931/2110/1931 1963/2140/1963 1932/2113/1932
f 1919/2114/1919 1949/2138/1949 1950/2141/1950
f 1905/2112/1905 1937/2142/1937 1906/2115/1906
f 1932/2113/1932 1964/2143/1964 1933/2116/1933
f 1920/2117/1920 1950/2141/1950 1951/2144/1951
f 1906/2115/1906 1938/2145/1938 1907/2118/1907
f 1934/2119/1934 1964/2143/1964 1965/2146/1965
f 1920/2117/1920 1952/2147/1952 1921/2120/1921
f 1908/2121/1908 1938/2145/1938 1939/2148/1939
f 1934/2119/1934 1966/2149/1966 1935/2122/1935
f 1921/2120/1921 1953/2150/1953 1922/2123/1922
f 1908/2121/1908 1940/2151/1940 1909/2124/1909
f 1986/42/1986 1935/2122/1935 1966/2149/1966
f 1923/2125/1923 1953/2150/1953 1954/2152/1954
f 1909/2124/1909 1941/2153/1941 1910/2126/1910
f 1924/2127/1924 1954/2152/1954 1955/2154/1955
f 1910/2126/1910 1942/2155/1942 1911/2128/1911
f 1925/2129/1925 1955/2154/1955 1956/2156/1956
f 1912/2130/1912 1942/2155/1942 1943/2157/1943
f 1925/2129/1925 1957/2158/1957 1926/2131/1926
f 1912/2159/1912 1944/2160/1944 1913/2101/1913
f 1926/2131/1926 1958/2161/1958 1927/2099/1927
f 1914/2102/1914 1944/2160/1944 1945/2162/1945
f 1928/2104/1928 1958/2163/1958 1959/2164/1959
f 1915/2105/1915 1945/2162/1945 1946/2165/1946
f 1961/2135/1961 1981/12/1981 1962/2137/1962
f 1949/2138/1949 5/10/5 6/14/6
f 1936/2139/1936 1439/16/1439 1/15/1
f 1963/2140/1963 1981/12/1981 1982/19/1982
f 1950/2141/1950 6/14/6 7/21/7
f 1937/2142/1937 1/15/1 2/23/2
f 1963/2140/1963 1983/25/1983 1964/2143/1964
f 1951/2144/1951 7/21/7 8/27/8
f 1937/2142/1937 1967/28/1967 1938/2145/1938
f 1965/2146/1965 1983/25/1983 1984/30/1984
f 1952/2147/1952 8/27/8 1975/32/1975
f 1939/2148/1939 1967/28/1967 1968/34/1968
f 1965/2146/1965 1985/37/1985 1966/2149/1966
f 1952/2147/1952 9/39/9 1953/2150/1953
f 1939/2148/1939 1969/40/1969 1940/2151/1940
f 1986/42/1986 1966/2149/1966 1985/37/1985
f 1953/2150/1953 1976/44/1976 1954/2152/1954
f 1940/2151/1940 1970/45/1970 1941/2153/1941
f 1955/2154/1955 1976/44/1976 10/48/10
f 1941/2153/1941 1971/49/1971 1942/2155/1942
f 1956/2156/1956 10/48/10 11/52/11
f 1943/2157/1943 1971/49/1971 3/53/3
f 1957/2158/1957 11/52/11 1977/56/1977
f 1943/2166/1943 1972/59/1972 1944/2160/1944
f 1957/2158/1957 1978/61/1978 1958/2161/1958
f 1945/2162/1945 1972/59/1972 1973/63/1973
f 1959/2164/1959 1978/2167/1978 1979/1/1979
f 1945/2162/1945 4/66/4 1946/2165/1946
f 1959/2164/1959 1980/3/1980 1960/2133/1960
f 1946/2165/1946 1974/4/1974 1947/2134/1947
f 1960/2133/1960 12/8/12 1961/2135/1961
f 1947/2134/1947 5/10/5 1948/2136/1948
f 1979/1/1979 36/65/36 37/2/37
f 1974/4/1974 4/66/4 23/5/23
f 1980/3/1980 37/2/37 38/7/38
f 1974/4/1974 24/6/24 25/9/25
f 12/8/12 38/7/38 39/11/39
f 5/10/5 25/9/25 26/13/26
f 1981/12/1981 39/11/39 40/18/40
f 6/14/6 26/13/26 27/20/27
f 1/15/1 13/17/13 14/22/14
f 1982/19/1982 40/18/40 41/24/41
f 7/21/7 27/20/27 28/26/28
f 1967/28/1967 2/23/2 14/22/14
f 1984/30/1984 1983/25/1983 41/24/41
f 1975/32/1975 8/27/8 28/26/28
f 1968/34/1968 1967/28/1967 15/29/15
f 1984/30/1984 42/31/42 43/36/43
f 1975/32/1975 29/33/29 30/38/30
f 1969/40/1969 1968/34/1968 16/35/16
f 9/39/9 30/38/30 31/43/31
f 1970/45/1970 1969/40/1969 17/41/17
f 1976/44/1976 31/43/31 32/47/32
f 1971/49/1971 1970/45/1970 18/46/18
f 10/48/10 32/47/32 33/51/33
f 3/53/3 1971/49/1971 19/50/19
f 11/52/11 33/51/33 34/55/34
f 3/57/3 20/2168/20 21/58/21
f 1977/56/1977 34/55/34 35/60/35
f 1972/59/1972 21/58/21 22/62/22
f 1979/1/1979 1978/2167/1978 35/64/35
f 1973/63/1973 22/62/22 23/5/23
f 17/41/17 48/99/48 49/67/49
f 32/47/32 31/43/31 62/68/62
f 18/46/18 49/67/49 50/70/50
f 33/51/33 32/47/32 63/69/63
f 19/50/19 50/70/50 51/72/51
f 33/51/33 64/71/64 65/73/65
f 21/58/21 20/2168/20 51/74/51
f 35/60/35 34/55/34 65/73/65
f 22/62/22 21/58/21 52/75/52
f 35/60/35 66/76/66 67/78/67
f 23/5/23 22/62/22 53/77/53
f 36/65/36 67/108/67 68/81/68
f 23/5/23 54/80/54 55/82/55
f 38/7/38 37/2/37 68/81/68
f 24/6/24 55/82/55 56/84/56
f 39/11/39 38/7/38 69/83/69
f 25/9/25 56/84/56 57/86/57
f 40/18/40 39/11/39 70/85/70
f 26/13/26 57/86/57 58/89/58
f 13/17/13 44/87/44 45/90/45
f 41/24/41 40/18/40 71/88/71
f 27/20/27 58/89/58 59/92/59
f 14/22/14 45/90/45 46/93/46
f 41/24/41 72/91/72 73/94/73
f 28/26/28 59/92/59 60/95/60
f 15/29/15 46/93/46 47/96/47
f 42/31/42 73/94/73 74/97/74
f 30/38/30 29/33/29 60/95/60
f 16/35/16 47/96/47 48/99/48
f 31/43/31 30/38/30 61/98/61
f 50/70/50 81/131/81 82/100/82
f 64/71/64 95/132/95 96/101/96
f 52/75/52 51/74/51 82/102/82
f 66/76/66 65/73/65 96/101/96
f 52/75/52 83/103/83 84/105/84
f 66/76/66 97/104/97 98/106/98
f 53/77/53 84/105/84 85/107/85
f 67/108/67 98/2169/98 99/109/99
f 55/82/55 54/80/54 85/107/85
f 68/81/68 99/109/99 100/111/100
f 56/84/56 55/82/55 86/110/86
f 70/85/70 69/83/69 100/111/100
f 56/84/56 87/112/87 88/114/88
f 71/88/71 70/85/70 101/113/101
f 58/89/58 57/86/57 88/114/88
f 44/87/44 75/115/75 76/118/76
f 71/88/71 102/116/102 103/119/103
f 58/89/58 89/117/89 90/120/90
f 46/93/46 45/90/45 76/118/76
f 73/94/73 72/91/72 103/119/103
f 59/92/59 90/120/90 91/123/91
f 47/96/47 46/93/46 77/121/77
f 73/94/73 104/122/104 105/125/105
f 60/95/60 91/123/91 92/126/92
f 47/96/47 78/124/78 79/127/79
f 62/68/62 61/98/61 92/126/92
f 48/99/48 79/127/79 80/129/80
f 62/68/62 93/128/93 94/130/94
f 49/67/49 80/129/80 81/131/81
f 63/69/63 94/130/94 95/132/95
f 83/103/83 114/164/114 115/133/115
f 97/104/97 128/165/128 129/134/129
f 85/107/85 84/105/84 115/133/115
f 99/109/99 98/2169/98 129/136/129
f 85/107/85 116/135/116 117/138/117
f 99/109/99 130/137/130 131/139/131
f 86/110/86 117/138/117 118/140/118
f 100/111/100 131/139/131 132/141/132
f 87/112/87 118/140/118 119/142/119
f 102/116/102 101/113/101 132/141/132
f 89/117/89 88/114/88 119/142/119
f 76/118/76 75/115/75 106/143/106
f 102/116/102 133/144/133 134/147/134
f 89/117/89 120/145/120 121/148/121
f 76/118/76 107/146/107 108/149/108
f 103/119/103 134/147/134 135/150/135
f 90/120/90 121/148/121 122/151/122
f 78/124/78 77/121/77 108/149/108
f 104/122/104 135/150/135 136/153/136
f 91/123/91 122/151/122 123/154/123
f 78/124/78 109/152/109 110/155/110
f 92/126/92 123/154/123 124/156/124
f 79/127/79 110/155/110 111/157/111
f 94/130/94 93/128/93 124/156/124
f 80/129/80 111/157/111 112/159/112
f 95/132/95 94/130/94 125/158/125
f 81/131/81 112/159/112 113/161/113
f 95/132/95 126/160/126 127/162/127
f 83/103/83 82/102/82 113/163/113
f 96/101/96 127/162/127 128/165/128
f 116/135/116 147/196/147 148/166/148
f 131/139/131 130/137/130 161/167/161
f 117/138/117 148/166/148 149/169/149
f 132/141/132 131/139/131 162/168/162
f 118/140/118 149/169/149 150/171/150
f 133/144/133 132/141/132 163/170/163
f 120/145/120 119/142/119 150/171/150
f 106/143/106 137/172/137 138/175/138
f 133/144/133 164/173/164 165/176/165
f 121/148/121 120/145/120 151/174/151
f 107/146/107 138/175/138 139/178/139
f 134/147/134 165/176/165 166/179/166
f 121/148/121 152/177/152 153/180/153
f 108/149/108 139/178/139 140/181/140
f 135/150/135 166/179/166 167/182/167
f 122/151/122 153/180/153 154/183/154
f 109/152/109 140/181/140 141/184/141
f 123/154/123 154/183/154 155/185/155
f 110/155/110 141/184/141 142/186/142
f 125/158/125 124/156/124 155/185/155
f 111/157/111 142/186/142 143/188/143
f 126/160/126 125/158/125 156/187/156
f 112/159/112 143/188/143 144/190/144
f 126/160/126 157/189/157 158/191/158
f 113/163/113 144/2170/144 145/192/145
f 127/162/127 158/191/158 159/193/159
f 114/164/114 145/192/145 146/194/146
f 128/165/128 159/193/159 160/195/160
f 116/135/116 115/133/115 146/194/146
f 130/137/130 129/136/129 160/197/160
f 149/169/149 180/230/180 181/198/181
f 164/173/164 163/170/163 194/200/194
f 151/174/151 150/171/150 181/198/181
f 137/172/137 168/199/168 169/203/169
f 164/173/164 195/201/195 196/204/196
f 151/174/151 182/202/182 183/205/183
f 138/175/138 169/203/169 170/206/170
f 165/176/165 196/204/196 197/207/197
f 152/177/152 183/205/183 184/208/184
f 139/178/139 170/206/170 171/209/171
f 166/179/166 197/207/197 198/210/198
f 153/180/153 184/208/184 185/211/185
f 140/181/140 171/209/171 172/212/172
f 155/185/155 154/183/154 185/211/185
f 141/184/141 172/212/172 173/214/173
f 155/185/155 186/213/186 187/215/187
f 143/188/143 142/186/142 173/214/173
f 157/189/157 156/187/156 187/215/187
f 143/188/143 174/216/174 175/218/175
f 157/189/157 188/217/188 189/219/189
f 145/192/145 144/2170/144 175/220/175
f 159/193/159 158/191/158 189/219/189
f 145/192/145 176/221/176 177/223/177
f 159/193/159 190/222/190 191/224/191
f 147/196/147 146/194/146 177/223/177
f 161/167/161 160/197/160 191/226/191
f 147/196/147 178/225/178 179/228/179
f 162/168/162 161/167/161 192/227/192
f 149/169/149 148/166/148 179/228/179
f 162/168/162 193/229/193 194/200/194
f 183/205/183 182/202/182 213/231/213
f 169/203/169 200/262/200 201/233/201
f 196/204/196 227/263/227 228/234/228
f 183/205/183 214/232/214 215/235/215
f 170/206/170 201/233/201 202/236/202
f 197/207/197 228/234/228 229/237/229
f 184/208/184 215/235/215 216/238/216
f 171/209/171 202/236/202 203/239/203
f 186/213/186 185/211/185 216/238/216
f 172/212/172 203/239/203 204/241/204
f 186/213/186 217/240/217 218/242/218
f 173/214/173 204/241/204 205/243/205
f 188/217/188 187/215/187 218/242/218
f 175/218/175 174/216/174 205/243/205
f 188/217/188 219/244/219 220/246/220
f 176/221/176 175/220/175 206/247/206
f 189/219/189 220/246/220 221/249/221
f 177/223/177 176/221/176 207/248/207
f 190/251/190 221/278/221 222/252/222
f 178/225/178 177/223/177 208/250/208
f 191/226/191 222/252/222 223/254/223
f 178/225/178 209/253/209 210/255/210
f 192/227/192 223/254/223 224/256/224
f 180/230/180 179/228/179 210/255/210
f 193/229/193 224/256/224 225/258/225
f 180/230/180 211/257/211 212/259/212
f 194/200/194 225/258/225 226/261/226
f 182/202/182 181/198/181 212/259/212
f 168/199/168 199/260/199 200/262/200
f 195/201/195 226/261/226 227/263/227
f 215/235/215 246/295/246 247/264/247
f 202/236/202 233/296/233 234/265/234
f 217/240/217 216/238/216 247/264/247
f 203/239/203 234/265/234 235/268/235
f 217/240/217 248/267/248 249/269/249
f 204/241/204 235/268/235 236/270/236
f 219/244/219 218/242/218 249/269/249
f 205/243/205 236/270/236 237/272/237
f 219/244/219 250/271/250 251/273/251
f 207/248/207 206/247/206 237/274/237
f 221/249/221 220/246/220 251/273/251
f 207/248/207 238/275/238 239/277/239
f 221/278/221 252/2171/252 253/279/253
f 209/253/209 208/250/208 239/277/239
f 222/252/222 253/279/253 254/281/254
f 209/253/209 240/280/240 241/282/241
f 223/254/223 254/281/254 255/283/255
f 211/257/211 210/255/210 241/282/241
f 224/256/224 255/283/255 256/285/256
f 211/257/211 242/284/242 243/286/243
f 226/261/226 225/258/225 256/285/256
f 213/231/213 212/259/212 243/286/243
f 199/260/199 230/287/230 231/290/231
f 226/261/226 257/288/257 258/291/258
f 214/232/214 213/231/213 244/289/244
f 200/262/200 231/290/231 232/293/232
f 227/263/227 258/291/258 259/294/259
f 214/232/214 245/292/245 246/295/246
f 201/233/201 232/293/232 233/296/233
f 229/237/229 228/234/228 259/294/259
f 248/267/248 279/327/279 280/297/280
f 235/268/235 266/328/266 267/298/267
f 250/271/250 249/269/249 280/297/280
f 236/270/236 267/298/267 268/300/268
f 250/271/250 281/299/281 282/301/282
f 237/274/237 268/2172/268 269/302/269
f 252/276/252 251/273/251 282/301/282
f 238/275/238 269/302/269 270/304/270
f 253/279/253 252/2171/252 283/305/283
f 240/280/240 239/277/239 270/304/270
f 253/279/253 284/306/284 285/308/285
f 240/280/240 271/307/271 272/309/272
f 255/283/255 254/281/254 285/308/285
f 242/284/242 241/282/241 272/309/272
f 255/283/255 286/310/286 287/312/287
f 242/284/242 273/311/273 274/313/274
f 257/288/257 256/285/256 287/312/287
f 244/289/244 243/286/243 274/313/274
f 231/290/231 230/287/230 261/314/261
f 257/288/257 288/315/288 289/318/289
f 245/292/245 244/289/244 275/316/275
f 231/290/231 262/317/262 263/320/263
f 259/294/259 258/291/258 289/318/289
f 245/292/245 276/319/276 277/322/277
f 232/293/232 263/320/263 264/323/264
f 259/294/259 290/321/290 291/324/291
f 246/295/246 277/322/277 278/325/278
f 233/296/233 264/323/264 265/326/265
f 248/267/248 247/264/247 278/325/278
f 234/265/234 265/326/265 266/328/266
f 281/299/281 312/361/312 313/329/313
f 268/300/268 299/362/299 300/330/300
f 282/301/282 313/329/313 314/332/314
f 270/304/270 269/302/269 300/333/300
f 284/306/284 283/305/283 314/335/314
f 271/307/271 270/304/270 301/334/301
f 284/306/284 315/336/315 316/338/316
f 271/307/271 302/337/302 303/339/303
f 286/310/286 285/308/285 316/338/316
f 273/311/273 272/309/272 303/339/303
f 286/310/286 317/340/317 318/342/318
f 273/311/273 304/341/304 305/343/305
f 288/315/288 287/312/287 318/342/318
f 275/316/275 274/313/274 305/343/305
f 261/314/261 292/344/292 293/347/293
f 288/315/288 319/345/319 320/348/320
f 276/319/276 275/316/275 306/346/306
f 262/317/262 293/347/293 294/350/294
f 290/321/290 289/318/289 320/348/320
f 276/319/276 307/349/307 308/352/308
f 264/323/264 263/320/263 294/350/294
f 291/324/291 290/321/290 321/351/321
f 277/322/277 308/352/308 309/355/309
f 264/323/264 295/353/295 296/356/296
f 279/327/279 278/325/278 309/355/309
f 265/326/265 296/356/296 297/358/297
f 279/327/279 310/357/310 311/359/311
f 267/298/267 266/328/266 297/358/297
f 281/299/281 280/297/280 311/359/311
f 267/298/267 298/360/298 299/362/299
f 314/335/314 345/394/345 346/363/346
f 302/337/302 301/334/301 332/364/332
f 315/336/315 346/363/346 347/366/347
f 302/337/302 333/365/333 334/367/334
f 317/340/317 316/338/316 347/366/347
f 304/341/304 303/339/303 334/367/334
f 317/340/317 348/368/348 349/370/349
f 304/341/304 335/369/335 336/371/336
f 318/342/318 349/370/349 350/373/350
f 306/346/306 305/343/305 336/371/336
f 293/347/293 292/344/292 323/372/323
f 319/345/319 350/373/350 351/376/351
f 307/349/307 306/346/306 337/374/337
f 294/350/294 293/347/293 324/375/324
f 321/351/321 320/348/320 351/376/351
f 307/349/307 338/377/338 339/380/339
f 295/353/295 294/350/294 325/378/325
f 321/351/321 352/379/352 353/382/353
f 308/352/308 339/380/339 340/383/340
f 295/353/295 326/381/326 327/384/327
f 310/357/310 309/355/309 340/383/340
f 296/356/296 327/384/327 328/386/328
f 310/357/310 341/385/341 342/387/342
f 298/360/298 297/358/297 328/386/328
f 312/361/312 311/359/311 342/387/342
f 298/360/298 329/388/329 330/390/330
f 312/361/312 343/389/343 344/391/344
f 299/362/299 330/390/330 331/392/331
f 314/335/314 313/2173/313 344/393/344
f 300/333/300 331/430/331 332/364/332
f 348/368/348 347/366/347 378/395/378
f 335/369/335 334/367/334 365/397/365
f 348/368/348 379/396/379 380/399/380
f 335/369/335 366/398/366 367/400/367
f 349/370/349 380/399/380 381/402/381
f 337/374/337 336/371/336 367/400/367
f 324/375/324 323/372/323 354/401/354
f 351/376/351 350/373/350 381/402/381
f 337/374/337 368/403/368 369/406/369
f 325/378/325 324/375/324 355/404/355
f 352/379/352 351/376/351 382/405/382
f 339/409/339 338/2174/338 369/410/369
f 326/381/326 325/378/325 356/407/356
f 352/379/352 383/408/383 384/413/384
f 339/409/339 370/411/370 371/414/371
f 326/381/326 357/412/357 358/416/358
f 341/417/341 340/415/340 371/414/371
f 328/386/328 327/384/327 358/416/358
f 341/417/341 372/418/372 373/420/373
f 328/386/328 359/419/359 360/422/360
f 343/423/343 342/421/342 373/420/373
f 329/388/329 360/422/360 361/425/361
f 343/423/343 374/424/374 375/426/375
f 331/392/331 330/390/330 361/425/361
f 344/393/344 375/2175/375 376/429/376
f 331/430/331 362/2176/362 363/431/363
f 345/394/345 376/429/376 377/432/377
f 333/365/333 332/364/332 363/431/363
f 346/363/346 377/432/377 378/395/378
f 333/365/333 364/433/364 365/397/365
f 381/402/381 380/399/380 411/434/411
f 368/436/368 367/472/367 398/437/398
f 355/404/355 354/401/354 385/439/385
f 381/402/381 412/435/412 413/441/413
f 368/436/368 399/438/399 400/442/400
f 355/404/355 386/440/386 387/443/387
f 383/408/383 382/405/382 413/441/413
f 370/411/370 369/410/369 400/442/400
f 356/407/356 387/443/387 388/446/388
f 383/408/383 414/444/414 415/447/415
f 370/411/370 401/445/401 402/448/402
f 357/412/357 388/446/388 389/449/389
f 371/414/371 402/448/402 403/450/403
f 358/416/358 389/449/389 390/451/390
f 372/418/372 403/450/403 404/452/404
f 359/419/359 390/451/390 391/453/391
f 374/424/374 373/420/373 404/452/404
f 360/422/360 391/453/391 392/455/392
f 374/424/374 405/454/405 406/456/406
f 362/428/362 361/425/361 392/455/392
f 376/458/376 375/426/375 406/456/406
f 362/460/362 393/490/393 394/461/394
f 376/429/376 407/492/407 408/463/408
f 364/464/364 363/462/363 394/461/394
f 377/432/377 408/463/408 409/466/409
f 364/464/364 395/465/395 396/467/396
f 379/396/379 378/395/378 409/466/409
f 366/470/366 365/468/365 396/467/396
f 380/399/380 379/396/379 410/469/410
f 366/470/366 397/471/397 398/437/398
f 413/441/413 444/505/444 445/473/445
f 401/445/401 400/442/400 431/474/431
f 388/446/388 387/443/387 418/476/418
f 414/444/414 445/473/445 446/478/446
f 401/445/401 432/475/432 433/479/433
f 388/446/388 419/477/419 420/480/420
f 403/450/403 402/448/402 433/479/433
f 389/449/389 420/480/420 421/482/421
f 403/450/403 434/481/434 435/483/435
f 390/451/390 421/482/421 422/484/422
f 405/454/405 404/452/404 435/483/435
f 391/453/391 422/484/422 423/486/423
f 405/454/405 436/485/436 437/487/437
f 393/457/393 392/455/392 423/486/423
f 407/459/407 406/456/406 437/487/437
f 393/490/393 424/517/424 425/491/425
f 407/492/407 438/2177/438 439/493/439
f 394/461/394 425/491/425 426/494/426
f 408/463/408 439/493/439 440/495/440
f 395/465/395 426/494/426 427/496/427
f 410/469/410 409/466/409 440/495/440
f 397/471/397 396/467/396 427/496/427
f 411/434/411 410/469/410 441/497/441
f 397/471/397 428/498/428 429/500/429
f 412/435/412 411/434/411 442/499/442
f 399/438/399 398/437/398 429/500/429
f 385/439/385 416/501/416 417/504/417
f 412/435/412 443/502/443 444/505/444
f 399/438/399 430/503/430 431/474/431
f 386/440/386 417/504/417 418/476/418
f 434/481/434 433/479/433 464/507/464
f 420/480/420 451/539/451 452/509/452
f 434/481/434 465/508/465 466/510/466
f 421/482/421 452/509/452 453/511/453
f 436/485/436 435/483/435 466/510/466
f 422/484/422 453/511/453 454/513/454
f 436/485/436 467/512/467 468/514/468
f 424/488/424 423/486/423 454/513/454
f 438/489/438 437/487/437 468/514/468
f 424/517/424 455/547/455 456/518/456
f 438/489/438 469/516/469 470/519/470
f 426/494/426 425/491/425 456/518/456
f 440/495/440 439/493/439 470/522/470
f 426/494/426 457/521/457 458/524/458
f 440/495/440 471/523/471 472/525/472
f 428/498/428 427/496/427 458/524/458
f 442/499/442 441/497/441 472/525/472
f 428/498/428 459/526/459 460/528/460
f 443/502/443 442/499/442 473/527/473
f 430/503/430 429/500/429 460/528/460
f 416/501/416 447/529/447 448/532/448
f 443/502/443 474/530/474 475/533/475
f 430/503/430 461/531/461 462/534/462
f 417/504/417 448/532/448 449/535/449
f 444/505/444 475/533/475 476/536/476
f 432/475/432 431/474/431 462/534/462
f 419/477/419 418/476/418 449/535/449
f 445/473/445 476/536/476 477/506/477
f 432/475/432 463/537/463 464/507/464
f 419/477/419 450/538/450 451/539/451
f 467/512/467 466/510/466 497/540/497
f 454/513/454 453/511/453 484/542/484
f 467/512/467 498/541/498 499/544/499
f 454/513/454 485/543/485 486/545/486
f 469/516/469 468/514/468 499/544/499
f 455/547/455 486/574/486 487/548/487
f 469/516/469 500/546/500 501/549/501
f 457/521/457 456/518/456 487/548/487
f 470/522/470 501/2178/501 502/551/502
f 457/521/457 488/550/488 489/552/489
f 471/523/471 502/551/502 503/553/503
f 459/526/459 458/524/458 489/552/489
f 472/525/472 503/553/503 504/555/504
f 459/526/459 490/554/490 491/556/491
f 474/530/474 473/527/473 504/555/504
f 461/531/461 460/528/460 491/556/491
f 447/529/447 478/557/478 479/560/479
f 474/530/474 505/558/505 506/561/506
f 461/531/461 492/559/492 493/562/493
f 448/532/448 479/560/479 480/563/480
f 476/536/476 475/533/475 506/561/506
f 463/537/463 462/534/462 493/562/493
f 449/535/449 480/563/480 481/566/481
f 476/536/476 507/564/507 508/567/508
f 463/537/463 494/565/494 495/568/495
f 450/538/450 481/566/481 482/569/482
f 465/508/465 464/507/464 495/568/495
f 451/539/451 482/569/482 483/571/483
f 465/508/465 496/570/496 497/540/497
f 452/509/452 483/571/483 484/542/484
f 500/546/500 499/544/499 530/572/530
f 486/574/486 517/605/517 518/575/518
f 500/546/500 531/573/531 532/576/532
f 488/550/488 487/548/487 518/575/518
f 502/551/502 501/2178/501 532/578/532
f 488/550/488 519/577/519 520/580/520
f 503/553/503 502/551/502 533/579/533
f 490/554/490 489/552/489 520/580/520
f 503/553/503 534/581/534 535/583/535
f 490/554/490 521/582/521 522/584/522
f 505/558/505 504/555/504 535/583/535
f 492/559/492 491/556/491 522/584/522
f 478/557/478 509/585/509 510/588/510
f 505/558/505 536/586/536 537/589/537
f 492/559/492 523/587/523 524/590/524
f 480/563/480 479/560/479 510/588/510
f 506/561/506 537/589/537 538/592/538
f 494/565/494 493/562/493 524/590/524
f 480/563/480 511/591/511 512/594/512
f 507/564/507 538/592/538 539/595/539
f 494/565/494 525/593/525 526/596/526
f 481/566/481 512/594/512 513/597/513
f 496/570/496 495/568/495 526/596/526
f 482/569/482 513/597/513 514/599/514
f 496/570/496 527/598/527 528/600/528
f 484/542/484 483/571/483 514/599/514
f 498/541/498 497/540/497 528/600/528
f 484/542/484 515/601/515 516/603/516
f 498/541/498 529/602/529 530/572/530
f 486/574/486 485/2179/485 516/604/516
f 532/578/532 563/666/563 564/606/564
f 519/577/519 550/637/550 551/607/551
f 534/581/534 533/579/533 564/606/564
f 521/582/521 520/580/520 551/607/551
f 534/581/534 565/608/565 566/610/566
f 521/582/521 552/609/552 553/611/553
f 536/586/536 535/583/535 566/610/566
f 523/587/523 522/584/522 553/611/553
f 510/588/510 509/585/509 540/612/540
f 536/586/536 567/613/567 568/616/568
f 523/587/523 554/614/554 555/617/555
f 510/588/510 541/615/541 542/618/542
f 537/589/537 568/616/568 569/619/569
f 525/593/525 524/590/524 555/617/555
f 511/591/511 542/618/542 543/621/543
f 538/592/538 569/619/569 570/622/570
f 525/593/525 556/620/556 557/623/557
f 512/594/512 543/621/543 544/624/544
f 527/598/527 526/596/526 557/623/557
f 513/597/513 544/624/544 545/626/545
f 527/598/527 558/625/558 559/627/559
f 514/599/514 545/626/545 546/628/546
f 529/602/529 528/600/528 559/627/559
f 515/601/515 546/628/546 547/630/547
f 529/602/529 560/629/560 561/631/561
f 517/605/517 516/604/516 547/632/547
f 531/573/531 530/572/530 561/631/561
f 517/605/517 548/633/548 549/635/549
f 531/573/531 562/634/562 563/636/563
f 519/577/519 518/575/518 549/635/549
f 565/608/565 596/669/596 597/638/597
f 552/609/552 583/670/583 584/639/584
f 567/613/567 566/610/566 597/638/597
f 554/614/554 553/611/553 584/639/584
f 540/612/540 571/640/571 572/643/572
f 567/613/567 598/641/598 599/644/599
f 554/614/554 585/642/585 586/645/586
f 541/615/541 572/643/572 573/646/573
f 569/619/569 568/616/568 599/644/599
f 556/620/556 555/617/555 586/645/586
f 542/618/542 573/646/573 574/649/574
f 569/619/569 600/647/600 601/650/601
f 556/620/556 587/648/587 588/651/588
f 543/621/543 574/649/574 575/652/575
f 558/625/558 557/623/557 588/651/588
f 544/624/544 575/652/575 576/654/576
f 558/625/558 589/653/589 590/655/590
f 545/626/545 576/654/576 577/656/577
f 560/629/560 559/627/559 590/655/590
f 546/628/546 577/656/577 578/658/578
f 560/629/560 591/657/591 592/659/592
f 548/633/548 547/632/547 578/660/578
f 562/634/562 561/631/561 592/659/592
f 548/633/548 579/661/579 580/663/580
f 562/634/562 593/662/593 594/664/594
f 550/637/550 549/635/549 580/663/580
f 563/666/563 594/694/594 595/667/595
f 550/637/550 581/665/581 582/668/582
f 565/608/565 564/606/564 595/667/595
f 552/609/552 551/607/551 582/668/582
f 571/640/571 602/701/602 603/671/603
f 598/641/598 629/702/629 630/672/630
f 585/642/585 616/703/616 617/673/617
f 572/643/572 603/671/603 604/674/604
f 599/644/599 630/672/630 631/675/631
f 587/648/587 586/645/586 617/673/617
f 574/649/574 573/646/573 604/674/604
f 600/647/600 631/675/631 632/678/632
f 587/648/587 618/676/618 619/679/619
f 575/652/575 574/649/574 605/677/605
f 589/653/589 588/651/588 619/679/619
f 575/652/575 606/680/606 607/682/607
f 589/653/589 620/681/620 621/683/621
f 576/654/576 607/682/607 608/684/608
f 591/657/591 590/655/590 621/683/621
f 577/656/577 608/684/608 609/686/609
f 591/657/591 622/685/622 623/687/623
f 579/661/579 578/660/578 609/688/609
f 593/662/593 592/659/592 623/687/623
f 579/661/579 610/689/610 611/691/611
f 593/662/593 624/690/624 625/692/625
f 581/665/581 580/663/580 611/691/611
f 594/694/594 625/2180/625 626/695/626
f 581/665/581 612/693/612 613/696/613
f 596/669/596 595/667/595 626/695/626
f 583/670/583 582/668/582 613/696/613
f 596/669/596 627/697/627 628/699/628
f 583/670/583 614/698/614 615/700/615
f 598/641/598 597/638/597 628/699/628
f 585/642/585 584/639/584 615/700/615
f 605/677/605 604/674/604 635/704/635
f 631/675/631 662/735/662 663/706/663
f 618/676/618 649/736/649 650/707/650
f 605/677/605 636/705/636 637/708/637
f 620/681/620 619/679/619 650/707/650
f 607/682/607 606/680/606 637/708/637
f 620/681/620 651/709/651 652/711/652
f 607/682/607 638/710/638 639/712/639
f 622/685/622 621/683/621 652/711/652
f 608/684/608 639/712/639 640/714/640
f 622/685/622 653/713/653 654/715/654
f 610/689/610 609/688/609 640/716/640
f 624/690/624 623/687/623 654/715/654
f 610/689/610 641/717/641 642/719/642
f 624/690/624 655/718/655 656/720/656
f 612/693/612 611/691/611 642/719/642
f 626/695/626 625/2180/625 656/722/656
f 612/693/612 643/721/643 644/724/644
f 627/697/627 626/695/626 657/723/657
f 614/698/614 613/696/613 644/724/644
f 627/697/627 658/725/658 659/727/659
f 614/698/614 645/726/645 646/728/646
f 629/702/629 628/699/628 659/727/659
f 616/703/616 615/700/615 646/728/646
f 603/671/603 602/701/602 633/729/633
f 629/702/629 660/730/660 661/733/661
f 616/703/616 647/731/647 648/734/648
f 603/671/603 634/732/634 635/704/635
f 631/675/631 630/672/630 661/733/661
f 618/676/618 617/673/617 648/734/648
f 638/710/638 637/708/637 668/737/668
f 651/709/651 682/768/682 683/739/683
f 638/710/638 669/738/669 670/740/670
f 653/713/653 652/711/652 683/739/683
f 639/712/639 670/740/670 671/742/671
f 653/713/653 684/741/684 685/743/685
f 641/717/641 640/716/640 671/744/671
f 655/718/655 654/715/654 685/743/685
f 641/717/641 672/745/672 673/747/673
f 655/718/655 686/746/686 687/748/687
f 643/721/643 642/719/642 673/747/673
f 656/722/656 687/778/687 688/750/688
f 643/721/643 674/749/674 675/751/675
f 658/725/658 657/723/657 688/750/688
f 645/726/645 644/724/644 675/751/675
f 658/725/658 689/752/689 690/754/690
f 645/726/645 676/753/676 677/755/677
f 660/730/660 659/727/659 690/754/690
f 647/731/647 646/728/646 677/755/677
f 634/732/634 633/729/633 664/756/664
f 660/730/660 691/757/691 692/760/692
f 647/731/647 678/758/678 679/761/679
f 634/732/634 665/759/665 666/762/666
f 662/735/662 661/733/661 692/760/692
f 649/736/649 648/734/648 679/761/679
f 636/705/636 635/704/635 666/762/666
f 663/706/663 662/735/662 693/763/693
f 649/736/649 680/764/680 681/767/681
f 636/705/636 667/765/667 668/737/668
f 651/709/651 650/707/650 681/767/681
f 671/742/671 670/740/670 701/769/701
f 684/741/684 715/801/715 716/771/716
f 672/772/672 671/742/671 702/770/702
f 686/746/686 685/743/685 716/771/716
f 672/745/672 703/802/703 704/775/704
f 686/746/686 717/774/717 718/776/718
f 674/749/674 673/747/673 704/775/704
f 687/778/687 718/806/718 719/779/719
f 674/749/674 705/777/705 706/780/706
f 689/752/689 688/750/688 719/779/719
f 676/753/676 675/751/675 706/780/706
f 689/752/689 720/781/720 721/783/721
f 676/753/676 707/782/707 708/784/708
f 690/754/690 721/783/721 722/786/722
f 678/758/678 677/755/677 708/784/708
f 665/759/665 664/756/664 695/785/695
f 691/757/691 722/786/722 723/789/723
f 678/758/678 709/787/709 710/790/710
f 665/759/665 696/788/696 697/791/697
f 692/760/692 723/789/723 724/792/724
f 679/761/679 710/790/710 711/793/711
f 667/765/667 666/762/666 697/791/697
f 693/763/693 724/792/724 725/795/725
f 680/764/680 711/793/711 712/796/712
f 668/737/668 667/765/667 698/794/698
f 682/768/682 681/767/681 712/796/712
f 668/737/668 699/797/699 700/799/700
f 682/768/682 713/798/713 714/800/714
f 669/738/669 700/799/700 701/769/701
f 684/741/684 683/739/683 714/800/714
f 703/802/703 734/863/734 735/803/735
f 717/774/717 748/834/748 749/804/749
f 705/777/705 704/775/704 735/803/735
f 718/806/718 749/867/749 750/807/750
f 705/777/705 736/805/736 737/808/737
f 720/781/720 719/779/719 750/807/750
f 707/782/707 706/780/706 737/808/737
f 720/781/720 751/809/751 752/811/752
f 707/782/707 738/810/738 739/812/739
f 721/783/721 752/811/752 753/814/753
f 709/787/709 708/784/708 739/812/739
f 695/785/695 726/813/726 727/816/727
f 722/786/722 753/814/753 754/817/754
f 709/787/709 740/815/740 741/818/741
f 696/788/696 727/816/727 728/819/728
f 724/792/724 723/789/723 754/817/754
f 710/790/710 741/818/741 742/821/742
f 698/794/698 697/791/697 728/819/728
f 724/792/724 755/820/755 756/823/756
f 711/793/711 742/821/742 743/824/743
f 698/794/698 729/822/729 730/825/730
f 713/798/713 712/796/712 743/824/743
f 699/797/699 730/825/730 731/827/731
f 713/798/713 744/826/744 745/828/745
f 700/799/700 731/827/731 732/829/732
f 715/801/715 714/800/714 745/828/745
f 702/770/702 701/769/701 732/829/732
f 715/801/715 746/830/746 747/832/747
f 703/773/703 702/770/702 733/831/733
f 717/774/717 716/771/716 747/832/747
f 736/805/736 767/866/767 768/835/768
f 751/809/751 750/807/750 781/836/781
f 738/810/738 737/808/737 768/835/768
f 751/809/751 782/837/782 783/839/783
f 738/810/738 769/838/769 770/840/770
f 752/811/752 783/839/783 784/842/784
f 740/815/740 739/812/739 770/840/770
f 726/813/726 757/841/757 758/844/758
f 753/814/753 784/842/784 785/845/785
f 740/815/740 771/843/771 772/846/772
f 727/816/727 758/844/758 759/847/759
f 755/820/755 754/817/754 785/845/785
f 741/818/741 772/846/772 773/849/773
f 729/822/729 728/819/728 759/847/759
f 755/820/755 786/848/786 787/851/787
f 742/821/742 773/849/773 774/852/774
f 729/822/729 760/850/760 761/853/761
f 744/826/744 743/824/743 774/852/774
f 730/825/730 761/853/761 762/855/762
f 744/826/744 775/854/775 776/856/776
f 731/827/731 762/855/762 763/857/763
f 746/830/746 745/828/745 776/856/776
f 733/831/733 732/829/732 763/857/763
f 746/830/746 777/858/777 778/860/778
f 733/831/733 764/859/764 765/861/765
f 748/834/748 747/832/747 778/860/778
f 734/863/734 765/2181/765 766/864/766
f 749/804/749 748/834/748 779/862/779
f 736/805/736 735/803/735 766/864/766
f 749/867/749 780/894/780 781/836/781
f 769/838/769 800/901/800 801/868/801
f 784/842/784 783/839/783 814/870/814
f 771/843/771 770/840/770 801/868/801
f 757/841/757 788/869/788 789/873/789
f 784/842/784 815/871/815 816/874/816
f 772/846/772 771/843/771 802/872/802
f 758/844/758 789/873/789 790/876/790
f 786/848/786 785/845/785 816/874/816
f 772/846/772 803/875/803 804/878/804
f 760/850/760 759/847/759 790/876/790
f 786/848/786 817/877/817 818/880/818
f 773/849/773 804/878/804 805/881/805
f 760/850/760 791/879/791 792/882/792
f 775/854/775 774/852/774 805/881/805
f 761/853/761 792/882/792 793/884/793
f 775/854/775 806/883/806 807/885/807
f 762/855/762 793/884/793 794/886/794
f 777/858/777 776/856/776 807/885/807
f 763/857/763 794/886/794 795/888/795
f 777/858/777 808/887/808 809/889/809
f 764/859/764 795/888/795 796/890/796
f 779/862/779 778/860/778 809/889/809
f 766/864/766 765/2181/765 796/892/796
f 780/894/780 779/2182/779 810/895/810
f 767/866/767 766/864/766 797/893/797
f 780/894/780 811/896/811 812/898/812
f 767/866/767 798/897/798 799/899/799
f 782/837/782 781/836/781 812/898/812
f 769/838/769 768/835/768 799/899/799
f 783/839/783 782/837/782 813/900/813
f 810/891/810 809/889/809 840/902/840
f 797/904/797 796/890/796 827/905/827
f 811/896/811 810/895/810 841/907/841
f 798/897/798 797/893/797 828/909/828
f 811/896/811 842/908/842 843/911/843
f 798/897/798 829/910/829 830/912/830
f 812/898/812 843/911/843 844/913/844
f 800/901/800 799/899/799 830/912/830
f 813/900/813 844/913/844 845/915/845
f 800/901/800 831/914/831 832/916/832
f 814/870/814 845/915/845 846/918/846
f 802/872/802 801/868/801 832/916/832
f 788/869/788 819/917/819 820/920/820
f 815/871/815 846/918/846 847/921/847
f 802/872/802 833/919/833 834/922/834
f 789/873/789 820/920/820 821/923/821
f 816/874/816 847/921/847 848/924/848
f 803/875/803 834/922/834 835/925/835
f 791/879/791 790/876/790 821/923/821
f 817/877/817 848/924/848 849/927/849
f 804/878/804 835/925/835 836/928/836
f 791/879/791 822/926/822 823/929/823
f 806/883/806 805/881/805 836/928/836
f 792/882/792 823/929/823 824/931/824
f 806/883/806 837/930/837 838/932/838
f 793/884/793 824/931/824 825/933/825
f 808/887/808 807/885/807 838/932/838
f 795/888/795 794/886/794 825/933/825
f 808/887/808 839/934/839 840/902/840
f 795/888/795 826/935/826 827/905/827
f 843/911/843 842/908/842 873/936/873
f 829/910/829 860/968/860 861/938/861
f 844/913/844 843/911/843 874/937/874
f 831/914/831 830/912/830 861/938/861
f 845/915/845 844/913/844 875/939/875
f 831/914/831 862/940/862 863/942/863
f 846/918/846 845/915/845 876/941/876
f 833/919/833 832/916/832 863/942/863
f 820/920/820 819/917/819 850/943/850
f 846/918/846 877/944/877 878/947/878
f 833/919/833 864/945/864 865/948/865
f 820/920/820 851/946/851 852/949/852
f 847/921/847 878/947/878 879/950/879
f 834/922/834 865/948/865 866/951/866
f 822/926/822 821/923/821 852/949/852
f 848/924/848 879/950/879 880/953/880
f 835/925/835 866/951/866 867/954/867
f 822/926/822 853/952/853 854/955/854
f 837/930/837 836/928/836 867/954/867
f 823/929/823 854/955/854 855/957/855
f 837/930/837 868/956/868 869/958/869
f 824/931/824 855/957/855 856/959/856
f 839/934/839 838/932/838 869/958/869
f 825/933/825 856/959/856 857/961/857
f 839/934/839 870/960/870 871/962/871
f 826/935/826 857/961/857 858/963/858
f 840/902/840 871/962/871 872/964/872
f 827/905/827 858/963/858 859/965/859
f 842/908/842 841/907/841 872/966/872
f 829/910/829 828/909/828 859/967/859
f 876/941/876 875/939/875 906/969/906
f 862/971/862 893/1013/893 894/972/894
f 877/944/877 876/941/876 907/970/907
f 864/976/864 863/973/863 894/972/894
f 850/943/850 881/974/881 882/978/882
f 877/944/877 908/975/908 909/979/909
f 864/976/864 895/977/895 896/980/896
f 851/946/851 882/978/882 883/982/883
f 879/950/879 878/947/878 909/979/909
f 866/984/866 865/981/865 896/980/896
f 853/952/853 852/949/852 883/982/883
f 879/950/879 910/983/910 911/987/911
f 866/984/866 897/985/897 898/988/898
f 853/952/853 884/986/884 885/990/885
f 868/991/868 867/989/867 898/988/898
f 854/955/854 885/990/885 886/993/886
f 868/991/868 899/992/899 900/994/900
f 855/957/855 886/993/886 887/996/887
f 870/997/870 869/995/869 900/994/900
f 857/961/857 856/959/856 887/996/887
f 870/997/870 901/998/901 902/1000/902
f 857/961/857 888/999/888 889/1002/889
f 872/1003/872 871/1001/871 902/1000/902
f 858/963/858 889/1002/889 890/1005/890
f 872/966/872 903/2183/903 904/1006/904
f 860/1007/860 859/2184/859 890/1008/890
f 873/936/873 904/1006/904 905/1010/905
f 860/1007/860 891/1009/891 892/1011/892
f 875/939/875 874/937/874 905/1010/905
f 862/971/862 861/1012/861 892/1011/892
f 881/974/881 912/1044/912 913/1014/913
f 908/975/908 939/1045/939 940/1015/940
f 895/977/895 926/1046/926 927/1016/927
f 882/978/882 913/1014/913 914/1017/914
f 910/983/910 909/979/909 940/1015/940
f 897/985/897 896/980/896 927/1016/927
f 884/986/884 883/982/883 914/1017/914
f 910/983/910 941/1018/941 942/1021/942
f 897/985/897 928/1019/928 929/1022/929
f 884/986/884 915/1020/915 916/1023/916
f 899/992/899 898/988/898 929/1022/929
f 885/990/885 916/1023/916 917/1025/917
f 899/992/899 930/1024/930 931/1026/931
f 886/993/886 917/1025/917 918/1027/918
f 901/998/901 900/994/900 931/1026/931
f 888/999/888 887/996/887 918/1027/918
f 901/998/901 932/1028/932 933/1030/933
f 888/999/888 919/1029/919 920/1031/920
f 903/1004/903 902/1000/902 933/1030/933
f 890/1008/890 889/2185/889 920/1033/920
f 904/1006/904 903/2183/903 934/1035/934
f 891/1009/891 890/1008/890 921/1034/921
f 904/1006/904 935/1036/935 936/1038/936
f 891/1009/891 922/1037/922 923/1039/923
f 906/969/906 905/1010/905 936/1038/936
f 893/1013/893 892/1011/892 923/1039/923
f 907/970/907 906/969/906 937/1040/937
f 893/1013/893 924/1041/924 925/1043/925
f 907/970/907 938/1042/938 939/1045/939
f 895/977/895 894/972/894 925/1043/925
f 915/1020/915 914/1017/914 945/1047/945
f 941/1018/941 972/1078/972 973/1049/973
f 928/1019/928 959/1079/959 960/1050/960
f 915/1020/915 946/1048/946 947/1051/947
f 930/1024/930 929/1022/929 960/1050/960
f 916/1023/916 947/1051/947 948/1053/948
f 930/1024/930 961/1052/961 962/1054/962
f 917/1025/917 948/1053/948 949/1055/949
f 932/1028/932 931/1026/931 962/1054/962
f 919/1029/919 918/1027/918 949/1055/949
f 932/1028/932 963/1056/963 964/1058/964
f 919/1029/919 950/1057/950 951/1059/951
f 934/1032/934 933/1030/933 964/1058/964
f 921/1034/921 920/1033/920 951/1061/951
f 935/1063/935 934/1032/934 965/1060/965
f 922/1037/922 921/1034/921 952/1062/952
f 935/1036/935 966/1092/966 967/1066/967
f 922/1037/922 953/1065/953 954/1067/954
f 936/1038/936 967/1066/967 968/1068/968
f 924/1041/924 923/1039/923 954/1067/954
f 938/1042/938 937/1040/937 968/1068/968
f 924/1041/924 955/1069/955 956/1071/956
f 938/1042/938 969/1070/969 970/1073/970
f 926/1046/926 925/1043/925 956/1071/956
f 912/1044/912 943/1072/943 944/1075/944
f 939/1045/939 970/1073/970 971/1076/971
f 926/1046/926 957/1074/957 958/1077/958
f 913/1014/913 944/1075/944 945/1047/945
f 940/1015/940 971/1076/971 972/1078/972
f 928/1019/928 927/1016/927 958/1077/958
f 947/1051/947 978/1111/978 979/1080/979
f 961/1052/961 992/1112/992 993/1081/993
f 948/1053/948 979/1080/979 980/1082/980
f 963/1056/963 962/1054/962 993/1081/993
f 950/1057/950 949/1055/949 980/1082/980
f 963/1056/963 994/1083/994 995/1085/995
f 950/1057/950 981/1084/981 982/1086/982
f 964/1058/964 995/1085/995 996/1087/996
f 952/1062/952 951/1061/951 982/1088/982
f 965/1060/965 996/1087/996 997/1090/997
f 953/1065/953 952/1062/952 983/1089/983
f 966/1092/966 997/1121/997 998/1093/998
f 953/1065/953 984/1091/984 985/1094/985
f 968/1068/968 967/1066/967 998/1093/998
f 955/1069/955 954/1067/954 985/1094/985
f 969/1070/969 968/1068/968 999/1095/999
f 955/1069/955 986/1096/986 987/1098/987
f 970/1073/970 969/1070/969 1000/1097/1000
f 957/1074/957 956/1071/956 987/1098/987
f 944/1075/944 943/1072/943 974/1099/974
f 970/1073/970 1001/1100/1001 1002/1103/1002
f 957/1074/957 988/1101/988 989/1104/989
f 944/1075/944 975/1102/975 976/1105/976
f 971/1076/971 1002/1103/1002 1003/1106/1003
f 959/1079/959 958/1077/958 989/1104/989
f 945/1047/945 976/1105/976 977/1108/977
f 972/1078/972 1003/1106/1003 1004/1109/1004
f 959/1079/959 990/1107/990 991/1110/991
f 946/1048/946 977/1108/977 978/1111/978
f 961/1052/961 960/1050/960 991/1110/991
f 981/1084/981 980/1082/980 1011/1113/1011
f 994/1083/994 1025/1144/1025 1026/1115/1026
f 982/1086/982 981/1084/981 1012/1114/1012
f 995/1085/995 1026/1115/1026 1027/1117/1027
f 982/1088/982 1013/1145/1013 1014/1118/1014
f 996/1087/996 1027/1117/1027 1028/1119/1028
f 984/1091/984 983/1089/983 1014/1118/1014
f 997/1121/997 1028/1149/1028 1029/1122/1029
f 984/1091/984 1015/1120/1015 1016/1123/1016
f 999/1095/999 998/1093/998 1029/1122/1029
f 986/1096/986 985/1094/985 1016/1123/1016
f 1000/1097/1000 999/1095/999 1030/1124/1030
f 986/1096/986 1017/1125/1017 1018/1127/1018
f 1001/1100/1001 1000/1097/1000 1031/1126/1031
f 988/1101/988 987/1098/987 1018/1127/1018
f 975/1102/975 974/1099/974 1005/1128/1005
f 1001/1100/1001 1032/1129/1032 1033/1132/1033
f 988/1101/988 1019/1130/1019 1020/1133/1020
f 975/1102/975 1006/1131/1006 1007/1134/1007
f 1003/1106/1003 1002/1103/1002 1033/1132/1033
f 990/1107/990 989/1104/989 1020/1133/1020
f 977/1108/977 976/1105/976 1007/1134/1007
f 1003/1106/1003 1034/1135/1034 1035/1138/1035
f 990/1107/990 1021/1136/1021 1022/1139/1022
f 978/1111/978 977/1108/977 1008/1137/1008
f 992/1112/992 991/1110/991 1022/1139/1022
f 978/1111/978 1009/1140/1009 1010/1142/1010
f 992/1112/992 1023/1141/1023 1024/1143/1024
f 979/1080/979 1010/1142/1010 1011/1113/1011
f 994/1083/994 993/1081/993 1024/1143/1024
f 1013/1145/1013 1044/1177/1044 1045/1146/1045
f 1027/1117/1027 1058/1178/1058 1059/1147/1059
f 1015/1120/1015 1014/1118/1014 1045/1146/1045
f 1028/1149/1028 1059/1209/1059 1060/1150/1060
f 1015/1120/1015 1046/1148/1046 1047/1151/1047
f 1030/1124/1030 1029/1122/1029 1060/1150/1060
f 1017/1125/1017 1016/1123/1016 1047/1151/1047
f 1031/1126/1031 1030/1124/1030 1061/1152/1061
f 1017/1125/1017 1048/1153/1048 1049/1155/1049
f 1031/1126/1031 1062/1154/1062 1063/1157/1063
f 1019/1130/1019 1018/1127/1018 1049/1155/1049
f 1006/1131/1006 1005/1128/1005 1036/1156/1036
f 1032/1129/1032 1063/1157/1063 1064/1160/1064
f 1019/1130/1019 1050/1158/1050 1051/1161/1051
f 1006/1131/1006 1037/1159/1037 1038/1162/1038
f 1034/1135/1034 1033/1132/1033 1064/1160/1064
f 1021/1136/1021 1020/1133/1020 1051/1161/1051
f 1008/1137/1008 1007/1134/1007 1038/1162/1038
f 1034/1135/1034 1065/1163/1065 1066/1166/1066
f 1021/1136/1021 1052/1164/1052 1053/1167/1053
f 1009/1140/1009 1008/1137/1008 1039/1165/1039
f 1023/1141/1023 1022/1139/1022 1053/1167/1053
f 1009/1140/1009 1040/1168/1040 1041/1170/1041
f 1023/1141/1023 1054/1169/1054 1055/1171/1055
f 1010/1142/1010 1041/1170/1041 1042/1172/1042
f 1025/1144/1025 1024/1143/1024 1055/1171/1055
f 1012/1114/1012 1011/1113/1011 1042/1172/1042
f 1025/1144/1025 1056/1173/1056 1057/1175/1057
f 1013/1145/1013 1012/2186/1012 1043/1176/1043
f 1026/1115/1026 1057/1175/1057 1058/1178/1058
f 1046/1148/1046 1077/1208/1077 1078/1179/1078
f 1060/1150/1060 1091/1210/1091 1092/1180/1092
f 1048/1153/1048 1047/1151/1047 1078/1179/1078
f 1062/1154/1062 1061/1152/1061 1092/1180/1092
f 1048/1153/1048 1079/1181/1079 1080/1183/1080
f 1062/1154/1062 1093/1182/1093 1094/1185/1094
f 1050/1158/1050 1049/1155/1049 1080/1183/1080
f 1037/1159/1037 1036/1156/1036 1067/1184/1067
f 1063/1157/1063 1094/1185/1094 1095/1188/1095
f 1050/1158/1050 1081/1186/1081 1082/1189/1082
f 1037/1159/1037 1068/1187/1068 1069/1190/1069
f 1065/1163/1065 1064/1160/1064 1095/1188/1095
f 1052/1164/1052 1051/1161/1051 1082/1189/1082
f 1039/1165/1039 1038/1162/1038 1069/1190/1069
f 1065/1163/1065 1096/1191/1096 1097/1194/1097
f 1052/1164/1052 1083/1192/1083 1084/1195/1084
f 1039/1165/1039 1070/1193/1070 1071/1196/1071
f 1054/1169/1054 1053/1167/1053 1084/1195/1084
f 1040/1168/1040 1071/1196/1071 1072/1198/1072
f 1054/1169/1054 1085/1197/1085 1086/1199/1086
f 1041/1170/1041 1072/1198/1072 1073/1200/1073
f 1056/1173/1056 1055/1171/1055 1086/1199/1086
f 1043/1174/1043 1042/1172/1042 1073/1200/1073
f 1056/1173/1056 1087/1201/1087 1088/1203/1088
f 1043/1176/1043 1074/1232/1074 1075/1204/1075
f 1057/1175/1057 1088/1203/1088 1089/1205/1089
f 1044/1177/1044 1075/1204/1075 1076/1206/1076
f 1058/1178/1058 1089/1205/1089 1090/1207/1090
f 1046/1148/1046 1045/1146/1045 1076/1206/1076
f 1059/1209/1059 1090/1238/1090 1091/1210/1091
f 1079/1181/1079 1110/1242/1110 1111/1211/1111
f 1093/1182/1093 1124/1243/1124 1125/1213/1125
f 1081/1186/1081 1080/1183/1080 1111/1211/1111
f 1067/1184/1067 1098/1212/1098 1099/1215/1099
f 1094/1185/1094 1125/1213/1125 1126/1216/1126
f 1081/1186/1081 1112/1214/1112 1113/1217/1113
f 1068/1187/1068 1099/1215/1099 1100/1218/1100
f 1096/1191/1096 1095/1188/1095 1126/1216/1126
f 1083/1192/1083 1082/1189/1082 1113/1217/1113
f 1070/1193/1070 1069/1190/1069 1100/1218/1100
f 1096/1191/1096 1127/1219/1127 1128/1222/1128
f 1083/1192/1083 1114/1220/1114 1115/1223/1115
f 1071/1196/1071 1070/1193/1070 1101/1221/1101
f 1085/1197/1085 1084/1195/1084 1115/1223/1115
f 1071/1196/1071 1102/1224/1102 1103/1226/1103
f 1085/1197/1085 1116/1225/1116 1117/1227/1117
f 1072/1198/1072 1103/1226/1103 1104/1228/1104
f 1087/1201/1087 1086/1199/1086 1117/1227/1117
f 1074/1202/1074 1073/1200/1073 1104/1228/1104
f 1087/1201/1087 1118/1229/1118 1119/1231/1119
f 1074/1232/1074 1105/1260/1105 1106/1233/1106
f 1088/1203/1088 1119/1231/1119 1120/1234/1120
f 1076/1206/1076 1075/1204/1075 1106/1233/1106
f 1089/1205/1089 1120/1234/1120 1121/1236/1121
f 1077/1208/1077 1076/1206/1076 1107/1235/1107
f 1090/1238/1090 1121/1266/1121 1122/1239/1122
f 1077/1208/1077 1108/1237/1108 1109/1240/1109
f 1092/1180/1092 1091/1210/1091 1122/1239/1122
f 1079/1181/1079 1078/1179/1078 1109/1240/1109
f 1093/1182/1093 1092/1180/1092 1123/1241/1123
f 1112/1214/1112 1143/1275/1143 1144/1244/1144
f 1099/1215/1099 1130/1276/1130 1131/1245/1131
f 1127/1219/1127 1126/1216/1126 1157/1246/1157
f 1114/1220/1114 1113/1217/1113 1144/1244/1144
f 1101/1221/1101 1100/1218/1100 1131/1245/1131
f 1127/1219/1127 1158/1247/1158 1159/1250/1159
f 1114/1220/1114 1145/1248/1145 1146/1251/1146
f 1102/1224/1102 1101/1221/1101 1132/1249/1132
f 1116/1225/1116 1115/1223/1115 1146/1251/1146
f 1102/1224/1102 1133/1252/1133 1134/1254/1134
f 1117/1227/1117 1116/1225/1116 1147/1253/1147
f 1103/1226/1103 1134/1254/1134 1135/1256/1135
f 1118/1229/1118 1117/1227/1117 1148/1255/1148
f 1105/1230/1105 1104/1228/1104 1135/1256/1135
f 1118/1229/1118 1149/1257/1149 1150/1259/1150
f 1105/1260/1105 1136/1287/1136 1137/1261/1137
f 1119/1231/1119 1150/1259/1150 1151/1262/1151
f 1107/1235/1107 1106/1233/1106 1137/1261/1137
f 1121/1236/1121 1120/1234/1120 1151/1262/1151
f 1108/1237/1108 1107/1235/1107 1138/1263/1138
f 1121/1266/1121 1152/1293/1152 1153/1267/1153
f 1108/1237/1108 1139/1265/1139 1140/1268/1140
f 1123/1241/1123 1122/1239/1122 1153/1267/1153
f 1109/1240/1109 1140/1268/1140 1141/1270/1141
f 1124/1243/1124 1123/1241/1123 1154/1269/1154
f 1110/1242/1110 1141/1270/1141 1142/1272/1142
f 1124/1243/1124 1155/1271/1155 1156/1274/1156
f 1112/1214/1112 1111/1211/1111 1142/1272/1142
f 1098/1212/1098 1129/1273/1129 1130/1276/1130
f 1125/1213/1125 1156/1274/1156 1157/1246/1157
f 1145/1248/1145 1176/1308/1176 1177/1277/1177
f 1132/1249/1132 1163/1309/1163 1164/1278/1164
f 1147/1253/1147 1146/1251/1146 1177/1277/1177
f 1133/1252/1133 1164/1278/1164 1165/1281/1165
f 1147/1253/1147 1178/1280/1178 1179/1282/1179
f 1134/1254/1134 1165/1281/1165 1166/1283/1166
f 1149/1257/1149 1148/1255/1148 1179/1282/1179
f 1136/1258/1136 1135/1256/1135 1166/1283/1166
f 1149/1257/1149 1180/1284/1180 1181/1286/1181
f 1136/1287/1136 1167/2187/1167 1168/1288/1168
f 1150/1259/1150 1181/1286/1181 1182/1289/1182
f 1138/1263/1138 1137/1261/1137 1168/1288/1168
f 1152/1264/1152 1151/1262/1151 1182/1289/1182
f 1139/1265/1139 1138/1263/1138 1169/1290/1169
f 1152/1293/1152 1183/1321/1183 1184/1294/1184
f 1139/1265/1139 1170/1292/1170 1171/1295/1171
f 1154/1269/1154 1153/1267/1153 1184/1294/1184
f 1141/1270/1141 1140/1268/1140 1171/1295/1171
f 1155/1271/1155 1154/1269/1154 1185/1296/1185
f 1141/1270/1141 1172/1297/1172 1173/1299/1173
f 1156/1274/1156 1155/1271/1155 1186/1298/1186
f 1143/1275/1143 1142/1272/1142 1173/1299/1173
f 1129/1273/1129 1160/1300/1160 1161/1303/1161
f 1156/1274/1156 1187/1301/1187 1188/1304/1188
f 1143/1275/1143 1174/1302/1174 1175/1305/1175
f 1130/1276/1130 1161/1303/1161 1162/1306/1162
f 1158/1247/1158 1157/1246/1157 1188/1304/1188
f 1145/1248/1145 1144/1244/1144 1175/1305/1175
f 1132/1249/1132 1131/1245/1131 1162/1306/1162
f 1158/1247/1158 1189/1307/1189 1190/1279/1190
f 1178/1280/1178 1209/1341/1209 1210/1310/1210
f 1165/1281/1165 1196/1342/1196 1197/1311/1197
f 1180/1284/1180 1179/1282/1179 1210/1310/1210
f 1167/1285/1167 1166/1283/1166 1197/1311/1197
f 1180/1284/1180 1211/1312/1211 1212/1314/1212
f 1167/1285/1167 1198/1313/1198 1199/1315/1199
f 1181/1286/1181 1212/1314/1212 1213/1317/1213
f 1168/1288/1168 1199/1346/1199 1200/1318/1200
f 1182/1289/1182 1213/1317/1213 1214/1319/1214
f 1170/1292/1170 1169/1290/1169 1200/1318/1200
f 1183/1321/1183 1214/1350/1214 1215/1322/1215
f 1170/1292/1170 1201/1320/1201 1202/1323/1202
f 1184/1294/1184 1215/1322/1215 1216/1324/1216
f 1172/1297/1172 1171/1295/1171 1202/1323/1202
f 1186/1298/1186 1185/1296/1185 1216/1324/1216
f 1172/1297/1172 1203/1325/1203 1204/1327/1204
f 1186/1298/1186 1217/1326/1217 1218/1329/1218
f 1174/1302/1174 1173/1299/1173 1204/1327/1204
f 1160/1300/1160 1191/1328/1191 1192/1331/1192
f 1187/1301/1187 1218/1329/1218 1219/1332/1219
f 1174/1302/1174 1205/1330/1205 1206/1333/1206
f 1161/1303/1161 1192/1331/1192 1193/1334/1193
f 1189/1307/1189 1188/1304/1188 1219/1332/1219
f 1176/1308/1176 1175/1305/1175 1206/1333/1206
f 1163/1309/1163 1162/1306/1162 1193/1334/1193
f 1190/1279/1190 1189/1307/1189 1220/1335/1220
f 1176/1308/1176 1207/1336/1207 1208/1339/1208
f 1163/1309/1163 1194/1337/1194 1195/1340/1195
f 1178/1280/1178 1177/1277/1177 1208/1339/1208
f 1164/1278/1164 1195/1340/1195 1196/1342/1196
f 1211/1312/1211 1242/1374/1242 1243/1343/1243
f 1198/1313/1198 1229/1375/1229 1230/1344/1230
f 1212/1314/1212 1243/1343/1243 1244/1345/1244
f 1199/1346/1199 1230/2188/1230 1231/1347/1231
f 1214/1319/1214 1213/1317/1213 1244/1345/1244
f 1201/1320/1201 1200/1318/1200 1231/1347/1231
f 1214/1350/1214 1245/1380/1245 1246/1351/1246
f 1201/1320/1201 1232/1349/1232 1233/1352/1233
f 1216/1324/1216 1215/1322/1215 1246/1351/1246
f 1203/1325/1203 1202/1323/1202 1233/1352/1233
f 1216/1324/1216 1247/1353/1247 1248/1355/1248
f 1203/1325/1203 1234/1354/1234 1235/1356/1235
f 1217/1326/1217 1248/1355/1248 1249/1358/1249
f 1205/1330/1205 1204/1327/1204 1235/1356/1235
f 1191/1328/1191 1222/1357/1222 1223/1360/1223
f 1218/1329/1218 1249/1358/1249 1250/1361/1250
f 1205/1330/1205 1236/1359/1236 1237/1362/1237
f 1192/1331/1192 1223/1360/1223 1224/1363/1224
f 1220/1335/1220 1219/1332/1219 1250/1361/1250
f 1206/1333/1206 1237/1362/1237 1238/1365/1238
f 1194/1337/1194 1193/1334/1193 1224/1363/1224
f 1220/1335/1220 1251/1364/1251 1252/1367/1252
f 1207/1336/1207 1238/1365/1238 1239/1368/1239
f 1194/1337/1194 1225/1366/1225 1226/1369/1226
f 1208/1339/1208 1239/1368/1239 1240/1370/1240
f 1195/1340/1195 1226/1369/1226 1227/1371/1227
f 1209/1341/1209 1240/1370/1240 1241/1372/1241
f 1196/1342/1196 1227/1371/1227 1228/1373/1228
f 1211/1312/1211 1210/1310/1210 1241/1372/1241
f 1198/1313/1198 1197/1311/1197 1228/1373/1228
f 1245/1348/1245 1244/1345/1244 1275/1376/1275
f 1232/1349/1232 1231/1347/1231 1262/1378/1262
f 1245/1380/1245 1276/1438/1276 1277/1381/1277
f 1232/1349/1232 1263/1379/1263 1264/1382/1264
f 1247/1353/1247 1246/1351/1246 1277/1381/1277
f 1233/1352/1233 1264/1382/1264 1265/1384/1265
f 1248/1355/1248 1247/1353/1247 1278/1383/1278
f 1235/1356/1235 1234/1354/1234 1265/1384/1265
f 1248/1355/1248 1279/1385/1279 1280/1388/1280
f 1236/1359/1236 1235/1356/1235 1266/1386/1266
f 1222/1357/1222 1253/1387/1253 1254/1390/1254
f 1250/1361/1250 1249/1358/1249 1280/1388/1280
f 1237/1362/1237 1236/1359/1236 1267/1389/1267
f 1223/1360/1223 1254/1390/1254 1255/1393/1255
f 1251/1364/1251 1250/1361/1250 1281/1391/1281
f 1237/1362/1237 1268/1392/1268 1269/1395/1269
f 1225/1366/1225 1224/1363/1224 1255/1393/1255
f 1251/1364/1251 1282/1394/1282 1283/1397/1283
f 1238/1365/1238 1269/1395/1269 1270/1398/1270
f 1225/1366/1225 1256/1396/1256 1257/1399/1257
f 1240/1370/1240 1239/1368/1239 1270/1398/1270
f 1226/1369/1226 1257/1399/1257 1258/1401/1258
f 1240/1370/1240 1271/1400/1271 1272/1402/1272
f 1227/1371/1227 1258/1401/1258 1259/1403/1259
f 1242/1374/1242 1241/1372/1241 1272/1402/1272
f 1229/1375/1229 1228/1373/1228 1259/1403/1259
f 1242/1374/1242 1273/1404/1273 1274/1406/1274
f 1229/1375/1229 1260/1405/1260 1261/1407/1261
f 1243/1343/1243 1274/1406/1274 1275/1376/1275
f 1231/1347/1231 1230/2188/1230 1261/1408/1261
f 1278/1383/1278 1277/1381/1277 1308/1409/1308
f 1264/1382/1264 1295/1442/1295 1296/1411/1296
f 1279/1385/1279 1278/1383/1278 1309/1410/1309
f 1266/1386/1266 1265/1384/1265 1296/1411/1296
f 1280/1388/1280 1279/1385/1279 1310/1412/1310
f 1267/1389/1267 1266/1386/1266 1297/1413/1297
f 1253/1387/1253 1284/1414/1284 1285/1417/1285
f 1280/1388/1280 1311/1415/1311 1312/1418/1312
f 1268/1392/1268 1267/1389/1267 1298/1416/1298
f 1254/1390/1254 1285/1417/1285 1286/1420/1286
f 1282/1394/1282 1281/1391/1281 1312/1418/1312
f 1268/1392/1268 1299/1419/1299 1300/1422/1300
f 1256/1396/1256 1255/1393/1255 1286/1420/1286
f 1282/1394/1282 1313/1421/1313 1314/1424/1314
f 1269/1395/1269 1300/1422/1300 1301/1425/1301
f 1256/1396/1256 1287/1423/1287 1288/1426/1288
f 1270/1398/1270 1301/1425/1301 1302/1427/1302
f 1257/1399/1257 1288/1426/1288 1289/1428/1289
f 1272/1402/1272 1271/1400/1271 1302/1427/1302
f 1258/1401/1258 1289/1428/1289 1290/1430/1290
f 1273/1404/1273 1272/1402/1272 1303/1429/1303
f 1260/1405/1260 1259/1403/1259 1290/1430/1290
f 1273/1404/1273 1304/1431/1304 1305/1433/1305
f 1260/1405/1260 1291/1432/1291 1292/1434/1292
f 1274/1406/1274 1305/1433/1305 1306/1435/1306
f 1262/1378/1262 1261/1408/1261 1292/1436/1292
f 1276/1438/1276 1275/2189/1275 1306/1439/1306
f 1263/1379/1263 1262/1378/1262 1293/1437/1293
f 1276/1438/1276 1307/1440/1307 1308/1409/1308
f 1263/1379/1263 1294/1441/1294 1295/1442/1295
f 1310/1412/1310 1341/1476/1341 1342/1444/1342
f 1298/1416/1298 1297/1413/1297 1328/1445/1328
f 1285/1417/1285 1284/1414/1284 1315/1443/1315
f 1311/1415/1311 1342/1444/1342 1343/1448/1343
f 1299/1419/1299 1298/1416/1298 1329/1446/1329
f 1285/1417/1285 1316/1447/1316 1317/1450/1317
f 1313/1421/1313 1312/1418/1312 1343/1448/1343
f 1299/1419/1299 1330/1449/1330 1331/1452/1331
f 1287/1423/1287 1286/1420/1286 1317/1450/1317
f 1313/1421/1313 1344/1451/1344 1345/1454/1345
f 1300/1422/1300 1331/1452/1331 1332/1455/1332
f 1287/1423/1287 1318/1453/1318 1319/1456/1319
f 1302/1427/1302 1301/1425/1301 1332/1455/1332
f 1288/1426/1288 1319/1456/1319 1320/1458/1320
f 1303/1429/1303 1302/1427/1302 1333/1457/1333
f 1289/1428/1289 1320/1458/1320 1321/1460/1321
f 1304/1431/1304 1303/1429/1303 1334/1459/1334
f 1291/1432/1291 1290/1430/1290 1321/1460/1321
f 1304/1431/1304 1335/1461/1335 1336/1463/1336
f 1291/1432/1291 1322/1462/1322 1323/1464/1323
f 1305/1433/1305 1336/1463/1336 1337/1465/1337
f 1293/1466/1293 1292/1434/1292 1323/1464/1323
f 1307/1440/1307 1306/1439/1306 1337/1468/1337
f 1294/1441/1294 1293/1437/1293 1324/1470/1324
f 1307/1440/1307 1338/1469/1338 1339/1472/1339
f 1294/1441/1294 1325/1471/1325 1326/1473/1326
f 1309/1410/1309 1308/1409/1308 1339/1472/1339
f 1295/1442/1295 1326/1473/1326 1327/1475/1327
f 1309/1410/1309 1340/1474/1340 1341/1476/1341
f 1296/1411/1296 1327/1475/1327 1328/1445/1328
f 1316/1447/1316 1347/1513/1347 1348/1477/1348
f 1344/1451/1344 1343/1448/1343 1374/1478/1374
f 1330/1449/1330 1361/2190/1361 1362/1480/1362
f 1318/1453/1318 1317/1450/1317 1348/1477/1348
f 1344/1451/1344 1375/1479/1375 1376/1482/1376
f 1331/1452/1331 1362/1480/1362 1363/1483/1363
f 1318/1453/1318 1349/1481/1349 1350/1484/1350
f 1333/1457/1333 1332/1455/1332 1363/1483/1363
f 1319/1456/1319 1350/1484/1350 1351/1486/1351
f 1333/1457/1333 1364/1485/1364 1365/1487/1365
f 1320/1458/1320 1351/1486/1351 1352/1488/1352
f 1334/1459/1334 1365/1487/1365 1366/1489/1366
f 1322/1462/1322 1321/1460/1321 1352/1488/1352
f 1335/1461/1335 1366/1489/1366 1367/1491/1367
f 1322/1462/1322 1353/1490/1353 1354/1492/1354
f 1336/1463/1336 1367/1491/1367 1368/1493/1368
f 1324/1467/1324 1323/1464/1323 1354/1492/1354
f 1338/1469/1338 1337/1468/1337 1368/1495/1368
f 1325/1497/1325 1324/2191/1324 1355/1498/1355
f 1338/1469/1338 1369/1496/1369 1370/1500/1370
f 1325/1497/1325 1356/1499/1356 1357/1501/1357
f 1340/1474/1340 1339/1472/1339 1370/1500/1370
f 1326/1502/1326 1357/1501/1357 1358/1504/1358
f 1341/1476/1341 1340/1474/1340 1371/1503/1371
f 1327/1505/1327 1358/1504/1358 1359/1507/1359
f 1342/1444/1342 1341/1476/1341 1372/1506/1372
f 1329/1511/1329 1328/1508/1328 1359/1507/1359
f 1315/1443/1315 1346/1509/1346 1347/1513/1347
f 1342/1444/1342 1373/1510/1373 1374/1478/1374
f 1330/1514/1330 1329/1511/1329 1360/1512/1360
f 1349/1481/1349 1380/1554/1380 1381/1516/1381
f 1364/1518/1364 1363/1555/1363 1394/1519/1394
f 1350/1484/1350 1381/1516/1381 1382/1521/1382
f 1365/1522/1365 1364/1518/1364 1395/1520/1395
f 1351/1486/1351 1382/1521/1382 1383/1524/1383
f 1366/1525/1366 1365/1522/1365 1396/1523/1396
f 1353/1490/1353 1352/1488/1352 1383/1524/1383
f 1366/1525/1366 1397/1526/1397 1398/1528/1398
f 1353/1490/1353 1384/1527/1384 1385/1530/1385
f 1367/1529/1367 1398/1528/1398 1399/1531/1399
f 1355/1498/1355 1354/2192/1354 1385/1533/1385
f 1369/1496/1369 1368/1495/1368 1399/1535/1399
f 1356/1499/1356 1355/1498/1355 1386/1534/1386
f 1369/1496/1369 1400/1536/1400 1401/1538/1401
f 1356/1499/1356 1387/1537/1387 1388/1539/1388
f 1371/1503/1371 1370/1500/1370 1401/1538/1401
f 1357/1501/1357 1388/1539/1388 1389/1541/1389
f 1372/1506/1372 1371/1503/1371 1402/1540/1402
f 1358/1504/1358 1389/1541/1389 1390/1543/1390
f 1372/1506/1372 1403/1542/1403 1404/1545/1404
f 1359/1507/1359 1390/1543/1390 1391/1546/1391
f 1347/1513/1347 1346/1509/1346 1377/1544/1377
f 1373/1510/1373 1404/1545/1404 1405/1548/1405
f 1361/1515/1361 1360/1512/1360 1391/1546/1391
f 1347/1513/1347 1378/1547/1378 1379/1550/1379
f 1375/1479/1375 1374/1478/1374 1405/1548/1405
f 1361/1515/1361 1392/1549/1392 1393/1552/1393
f 1349/1481/1349 1348/1477/1348 1379/1550/1379
f 1375/1479/1375 1406/1551/1406 1407/1517/1407
f 1362/1553/1362 1393/1552/1393 1394/1519/1394
f 1382/1521/1382 1413/1588/1413 1414/1556/1414
f 1397/1526/1397 1396/1523/1396 1427/1557/1427
f 1384/1527/1384 1383/1524/1383 1414/1556/1414
f 1397/1526/1397 1428/1558/1428 1429/1560/1429
f 1384/1527/1384 1415/1559/1415 1416/1561/1416
f 1398/1528/1398 1429/1560/1429 1430/1562/1430
f 1386/1534/1386 1385/1533/1385 1416/1563/1416
f 1400/1536/1400 1399/1535/1399 1430/1565/1430
f 1387/1537/1387 1386/1534/1386 1417/1564/1417
f 1400/1536/1400 1431/1566/1431 1432/1568/1432
f 1387/1537/1387 1418/1567/1418 1419/1569/1419
f 1402/1540/1402 1401/1538/1401 1432/1568/1432
f 1388/1539/1388 1419/1569/1419 1420/1571/1420
f 1403/1542/1403 1402/1540/1402 1433/1570/1433
f 1389/1541/1389 1420/1571/1420 1421/1573/1421
f 1403/1542/1403 1434/1572/1434 1435/1575/1435
f 1391/1546/1391 1390/1543/1390 1421/1573/1421
f 1377/1544/1377 1408/1574/1408 1409/1577/1409
f 1404/1545/1404 1435/1575/1435 1436/1578/1436
f 1391/1546/1391 1422/1576/1422 1423/1579/1423
f 1378/1547/1378 1409/1577/1409 1410/1580/1410
f 1406/1551/1406 1405/1548/1405 1436/1578/1436
f 1392/1549/1392 1423/1579/1423 1424/1582/1424
f 1380/1554/1380 1379/1550/1379 1410/1580/1410
f 1407/1517/1407 1406/1551/1406 1437/1581/1437
f 1393/1552/1393 1424/1582/1424 1425/1585/1425
f 1380/1554/1380 1411/1583/1411 1412/1586/1412
f 1395/1520/1395 1394/1519/1394 1425/1585/1425
f 1381/1516/1381 1412/1586/1412 1413/1588/1413
f 1395/1520/1395 1426/1587/1426 1427/1557/1427
f 1415/1589/1415 1447/1650/1447 1448/1590/1448
f 1430/1562/1430 1429/1560/1429 1461/1591/1461
f 1417/1564/1417 1416/1563/1416 1448/1590/1448
f 1431/1566/1431 1430/1565/1430 1462/1594/1462
f 1418/1567/1418 1417/1564/1417 1449/1593/1449
f 1431/1566/1431 1463/1595/1463 1464/1597/1464
f 1418/1567/1418 1450/1596/1450 1451/1598/1451
f 1433/1570/1433 1432/1568/1432 1464/1597/1464
f 1419/1569/1419 1451/1598/1451 1452/1600/1452
f 1434/1572/1434 1433/1570/1433 1465/1599/1465
f 1420/1571/1420 1452/1600/1452 1453/1602/1453
f 1435/1575/1435 1434/1572/1434 1466/1601/1466
f 1422/1576/1422 1421/1573/1421 1453/1602/1453
f 1408/1574/1408 1440/1603/1440 1441/1606/1441
f 1435/1575/1435 1467/1604/1467 1468/1607/1468
f 1422/1576/1422 1454/1605/1454 1455/1608/1455
f 1409/1577/1409 1441/1606/1441 1442/1609/1442
f 1437/1581/1437 1436/1578/1436 1468/1607/1468
f 1424/1582/1424 1423/1579/1423 1455/1608/1455
f 1411/1583/1411 1410/1580/1410 1442/1609/1442
f 1437/1581/1437 1469/1610/1469 1470/1613/1470
f 1424/1582/1424 1456/1611/1456 1457/1614/1457
f 1411/1583/1411 1443/1612/1443 1444/1615/1444
f 1425/1585/1425 1457/1614/1457 1458/1616/1458
f 1412/1586/1412 1444/1615/1444 1445/1617/1445
f 1427/1557/1427 1426/1587/1426 1458/1616/1458
f 1413/1588/1413 1445/1617/1445 1446/1619/1446
f 1428/1558/1428 1427/1557/1427 1459/1618/1459
f 1415/1559/1415 1414/1556/1414 1446/1619/1446
f 1428/1558/1428 1460/1620/1460 1461/1591/1461
f 1450/1596/1450 1449/1593/1449 1480/1622/1480
f 1463/1595/1463 1494/1654/1494 1495/1624/1495
f 1450/1596/1450 1481/1623/1481 1482/1625/1482
f 1465/1599/1465 1464/1597/1464 1495/1624/1495
f 1452/1600/1452 1451/1598/1451 1482/1625/1482
f 1466/1601/1466 1465/1599/1465 1496/1626/1496
f 1452/1600/1452 1483/1627/1483 1484/1629/1484
f 1466/1601/1466 1497/1628/1497 1498/1631/1498
f 1454/1605/1454 1453/1602/1453 1484/1629/1484
f 1440/1603/1440 1471/1630/1471 1472/1633/1472
f 1467/1604/1467 1498/1631/1498 1499/1634/1499
f 1454/1605/1454 1485/1632/1485 1486/1635/1486
f 1441/1606/1441 1472/1633/1472 1473/1636/1473
f 1469/1610/1469 1468/1607/1468 1499/1634/1499
f 1456/1611/1456 1455/1608/1455 1486/1635/1486
f 1443/1612/1443 1442/1609/1442 1473/1636/1473
f 1470/1613/1470 1469/1610/1469 1500/1637/1500
f 1456/1611/1456 1487/1638/1487 1488/1641/1488
f 1443/1612/1443 1474/1639/1474 1475/1642/1475
f 1458/1616/1458 1457/1614/1457 1488/1641/1488
f 1444/1615/1444 1475/1642/1475 1476/1644/1476
f 1458/1616/1458 1489/1643/1489 1490/1645/1490
f 1445/1617/1445 1476/1644/1476 1477/1646/1477
f 1460/1620/1460 1459/1618/1459 1490/1645/1490
f 1447/1621/1447 1446/1619/1446 1477/1646/1477
f 1460/1620/1460 1491/1647/1491 1492/1649/1492
f 1447/1650/1447 1478/1680/1478 1479/1651/1479
f 1461/1591/1461 1492/1649/1492 1493/1652/1493
f 1449/1593/1449 1448/1590/1448 1479/1651/1479
f 1463/1595/1463 1462/1594/1462 1493/1653/1493
f 1483/1627/1483 1482/1625/1482 1513/1655/1513
f 1497/1628/1497 1496/1626/1496 1527/1657/1527
f 1483/1627/1483 1514/1656/1514 1515/1659/1515
f 1497/1628/1497 1528/1658/1528 1529/1661/1529
f 1485/1632/1485 1484/1629/1484 1515/1659/1515
f 1472/1633/1472 1471/1630/1471 1502/1660/1502
f 1498/1631/1498 1529/1661/1529 1530/1664/1530
f 1485/1632/1485 1516/1662/1516 1517/1665/1517
f 1472/1633/1472 1503/1663/1503 1504/1666/1504
f 1500/1637/1500 1499/1634/1499 1530/1664/1530
f 1487/1638/1487 1486/1635/1486 1517/1665/1517
f 1474/1639/1474 1473/1636/1473 1504/1666/1504
f 1500/1637/1500 1531/1667/1531 1532/1670/1532
f 1487/1638/1487 1518/1668/1518 1519/1671/1519
f 1474/1639/1474 1505/1669/1505 1506/1672/1506
f 1489/1643/1489 1488/1641/1488 1519/1671/1519
f 1475/1642/1475 1506/1672/1506 1507/1674/1507
f 1490/1645/1490 1489/1643/1489 1520/1673/1520
f 1476/1644/1476 1507/1674/1507 1508/1676/1508
f 1491/1647/1491 1490/1645/1490 1521/1675/1521
f 1478/1648/1478 1477/1646/1477 1508/1676/1508
f 1491/1647/1491 1522/1677/1522 1523/1679/1523
f 1478/1680/1478 1509/1708/1509 1510/1681/1510
f 1492/1649/1492 1523/1679/1523 1524/1682/1524
f 1480/1622/1480 1479/1651/1479 1510/1681/1510
f 1494/1684/1494 1493/1652/1493 1524/1682/1524
f 1481/1623/1481 1480/1622/1480 1511/1683/1511
f 1494/1654/1494 1525/1714/1525 1526/1687/1526
f 1481/1623/1481 1512/1686/1512 1513/1655/1513
f 1496/1626/1496 1495/1624/1495 1526/1687/1526
f 1516/1662/1516 1515/1659/1515 1546/1688/1546
f 1503/1663/1503 1502/1660/1502 1533/1690/1533
f 1529/1661/1529 1560/1720/1560 1561/1692/1561
f 1516/1662/1516 1547/1689/1547 1548/1693/1548
f 1503/1663/1503 1534/1691/1534 1535/1694/1535
f 1531/1667/1531 1530/1664/1530 1561/1692/1561
f 1518/1668/1518 1517/1665/1517 1548/1693/1548
f 1505/1669/1505 1504/1666/1504 1535/1694/1535
f 1531/1667/1531 1562/1695/1562 1563/1698/1563
f 1518/1668/1518 1549/1696/1549 1550/1699/1550
f 1505/1669/1505 1536/1697/1536 1537/1700/1537
f 1520/1673/1520 1519/1671/1519 1550/1699/1550
f 1506/1672/1506 1537/1700/1537 1538/1702/1538
f 1521/1675/1521 1520/1673/1520 1551/1701/1551
f 1507/1674/1507 1538/1702/1538 1539/1704/1539
f 1522/1677/1522 1521/1675/1521 1552/1703/1552
f 1509/1678/1509 1508/1676/1508 1539/1704/1539
f 1522/1677/1522 1553/1705/1553 1554/1707/1554
f 1509/1708/1509 1540/1735/1540 1541/1709/1541
f 1523/1679/1523 1554/1707/1554 1555/1710/1555
f 1510/1681/1510 1541/1709/1541 1542/1711/1542
f 1525/1685/1525 1524/1682/1524 1555/1710/1555
f 1512/1686/1512 1511/1683/1511 1542/1711/1542
f 1525/1714/1525 1556/1741/1556 1557/1715/1557
f 1512/1686/1512 1543/1713/1543 1544/1716/1544
f 1527/1657/1527 1526/1687/1526 1557/1715/1557
f 1513/1655/1513 1544/1716/1544 1545/1718/1545
f 1528/1658/1528 1527/1657/1527 1558/1717/1558
f 1514/1656/1514 1545/1718/1545 1546/1688/1546
f 1529/1661/1529 1528/1658/1528 1559/1719/1559
f 1549/1696/1549 1548/1693/1548 1579/1721/1579
f 1536/1697/1536 1535/1694/1535 1566/1723/1566
f 1562/1695/1562 1593/1753/1593 1594/1725/1594
f 1549/1696/1549 1580/1722/1580 1581/1726/1581
f 1536/1697/1536 1567/1724/1567 1568/1727/1568
f 1551/1701/1551 1550/1699/1550 1581/1726/1581
f 1537/1700/1537 1568/1727/1568 1569/1729/1569
f 1551/1701/1551 1582/1728/1582 1583/1730/1583
f 1538/1702/1538 1569/1729/1569 1570/1731/1570
f 1553/1705/1553 1552/1703/1552 1583/1730/1583
f 1540/1706/1540 1539/1704/1539 1570/1731/1570
f 1553/1705/1553 1584/1732/1584 1585/1734/1585
f 1540/1735/1540 1571/1770/1571 1572/1736/1572
f 1554/1707/1554 1585/1734/1585 1586/1737/1586
f 1542/1711/1542 1541/1709/1541 1572/1736/1572
f 1556/1712/1556 1555/1710/1555 1586/1737/1586
f 1543/1713/1543 1542/1711/1542 1573/1738/1573
f 1556/1741/1556 1587/1776/1587 1588/1742/1588
f 1543/1713/1543 1574/1740/1574 1575/1743/1575
f 1558/1717/1558 1557/1715/1557 1588/1742/1588
f 1545/1718/1545 1544/1716/1544 1575/1743/1575
f 1559/1719/1559 1558/1717/1558 1589/1744/1589
f 1545/1718/1545 1576/1745/1576 1577/1747/1577
f 1560/1720/1560 1559/1719/1559 1590/1746/1590
f 1547/1689/1547 1546/1688/1546 1577/1747/1577
f 1533/1690/1533 1564/1748/1564 1565/1751/1565
f 1560/1720/1560 1591/1749/1591 1592/1752/1592
f 1547/1689/1547 1578/1750/1578 1579/1721/1579
f 1534/1691/1534 1565/1751/1565 1566/1723/1566
f 1561/1692/1561 1592/1752/1592 1593/1753/1593
f 1565/1751/1565 1596/1786/1596 1597/1754/1597
f 1593/1753/1593 1592/1752/1592 1623/1755/1623
f 1580/1722/1580 1579/1721/1579 1610/1757/1610
f 1567/1724/1567 1566/1723/1566 1597/1754/1597
f 1593/1753/1593 1624/1756/1624 1625/1760/1625
f 1580/1722/1580 1611/1758/1611 1612/1761/1612
f 1567/1724/1567 1598/1759/1598 1599/1762/1599
f 1582/1728/1582 1581/1726/1581 1612/1761/1612
f 1568/1727/1568 1599/1762/1599 1600/1764/1600
f 1582/1728/1582 1613/1763/1613 1614/1765/1614
f 1569/1729/1569 1600/1764/1600 1601/1766/1601
f 1584/1732/1584 1583/1730/1583 1614/1765/1614
f 1571/1733/1571 1570/1731/1570 1601/1766/1601
f 1584/1732/1584 1615/1767/1615 1616/1769/1616
f 1571/1770/1571 1602/1797/1602 1603/1771/1603
f 1585/1734/1585 1616/1769/1616 1617/1772/1617
f 1573/1738/1573 1572/1736/1572 1603/1771/1603
f 1587/1739/1587 1586/1737/1586 1617/1772/1617
f 1574/1740/1574 1573/1738/1573 1604/1773/1604
f 1587/1776/1587 1618/1803/1618 1619/1777/1619
f 1574/1740/1574 1605/1775/1605 1606/1778/1606
f 1589/1744/1589 1588/1742/1588 1619/1777/1619
f 1576/1745/1576 1575/1743/1575 1606/1778/1606
f 1590/1746/1590 1589/1744/1589 1620/1779/1620
f 1576/1745/1576 1607/1780/1607 1608/1782/1608
f 1590/1746/1590 1621/1781/1621 1622/1784/1622
f 1578/1750/1578 1577/1747/1577 1608/1782/1608
f 1565/1751/1565 1564/1748/1564 1595/1783/1595
f 1591/1749/1591 1622/1784/1622 1623/1755/1623
f 1578/1750/1578 1609/1785/1609 1610/1757/1610
f 1598/1759/1598 1629/1819/1629 1630/1787/1630
f 1613/1763/1613 1612/1761/1612 1643/1789/1643
f 1599/1762/1599 1630/1787/1630 1631/1791/1631
f 1613/1763/1613 1644/1790/1644 1645/1792/1645
f 1600/1764/1600 1631/1791/1631 1632/1793/1632
f 1615/1767/1615 1614/1765/1614 1645/1792/1645
f 1602/1768/1602 1601/1766/1601 1632/1793/1632
f 1615/1767/1615 1646/1794/1646 1647/1796/1647
f 1602/1797/1602 1633/1825/1633 1634/1798/1634
f 1616/1769/1616 1647/1796/1647 1648/1799/1648
f 1604/1773/1604 1603/1771/1603 1634/1798/1634
f 1618/1774/1618 1617/1772/1617 1648/1799/1648
f 1605/1775/1605 1604/1773/1604 1635/1800/1635
f 1618/1803/1618 1649/1831/1649 1650/1804/1650
f 1605/1775/1605 1636/1802/1636 1637/1805/1637
f 1620/1779/1620 1619/1777/1619 1650/1804/1650
f 1607/1780/1607 1606/1778/1606 1637/1805/1637
f 1621/1781/1621 1620/1779/1620 1651/1806/1651
f 1607/1780/1607 1638/1807/1638 1639/1809/1639
f 1621/1781/1621 1652/1808/1652 1653/1811/1653
f 1609/1785/1609 1608/1782/1608 1639/1809/1639
f 1595/1783/1595 1626/1810/1626 1627/1813/1627
f 1622/1784/1622 1653/1811/1653 1654/1814/1654
f 1609/1785/1609 1640/1812/1640 1641/1815/1641
f 1596/1786/1596 1627/1813/1627 1628/1816/1628
f 1623/1755/1623 1654/1814/1654 1655/1817/1655
f 1611/1758/1611 1610/1757/1610 1641/1815/1641
f 1598/1759/1598 1597/1754/1597 1628/1816/1628
f 1624/1756/1624 1655/1817/1655 1656/1788/1656
f 1611/1758/1611 1642/1818/1642 1643/1789/1643
f 1631/1791/1631 1662/1852/1662 1663/1820/1663
f 1646/1794/1646 1645/1792/1645 1676/1821/1676
f 1633/1795/1633 1632/1793/1632 1663/1820/1663
f 1646/1794/1646 1677/1822/1677 1678/1824/1678
f 1633/1825/1633 1664/1853/1664 1665/1826/1665
f 1647/1796/1647 1678/1824/1678 1679/1827/1679
f 1635/1800/1635 1634/1798/1634 1665/1826/1665
f 1649/1801/1649 1648/1799/1648 1679/1827/1679
f 1636/1802/1636 1635/1800/1635 1666/1828/1666
f 1649/1831/1649 1680/1857/1680 1681/1832/1681
f 1636/1802/1636 1667/1830/1667 1668/1833/1668
f 1651/1806/1651 1650/1804/1650 1681/1832/1681
f 1638/1807/1638 1637/1805/1637 1668/1833/1668
f 1652/1808/1652 1651/1806/1651 1682/1834/1682
f 1638/1807/1638 1669/1835/1669 1670/1837/1670
f 1653/1811/1653 1652/1808/1652 1683/1836/1683
f 1639/1809/1639 1670/1837/1670 1671/1840/1671
f 1626/1810/1626 1657/1838/1657 1658/1841/1658
f 1653/1811/1653 1684/1839/1684 1685/1842/1685
f 1640/1812/1640 1671/1840/1671 1672/1843/1672
f 1627/1813/1627 1658/1841/1658 1659/1844/1659
f 1655/1817/1655 1654/1814/1654 1685/1842/1685
f 1641/1815/1641 1672/1843/1672 1673/1846/1673
f 1628/1816/1628 1659/1844/1659 1660/1847/1660
f 1655/1817/1655 1686/1845/1686 1687/1848/1687
f 1642/1818/1642 1673/1846/1673 1674/1849/1674
f 1629/1819/1629 1660/1847/1660 1661/1850/1661
f 1644/1790/1644 1643/1789/1643 1674/1849/1674
f 1630/1787/1630 1661/1850/1661 1662/1852/1662
f 1644/1790/1644 1675/1851/1675 1676/1821/1676
f 1664/1853/1664 1695/1915/1695 1696/1854/1696
f 1678/1824/1678 1709/1886/1709 1710/1855/1710
f 1665/1826/1665 1696/1854/1696 1697/1856/1697
f 1680/1857/1680 1679/2193/1679 1710/1858/1710
f 1667/1830/1667 1666/1828/1666 1697/1856/1697
f 1680/1857/1680 1711/1859/1711 1712/1861/1712
f 1667/1830/1667 1698/1860/1698 1699/1862/1699
f 1682/1834/1682 1681/1832/1681 1712/1861/1712
f 1669/1835/1669 1668/1833/1668 1699/1862/1699
f 1683/1836/1683 1682/1834/1682 1713/1863/1713
f 1669/1835/1669 1700/1864/1700 1701/1866/1701
f 1683/1836/1683 1714/1865/1714 1715/1868/1715
f 1670/1837/1670 1701/1866/1701 1702/1869/1702
f 1658/1841/1658 1657/1838/1657 1688/1867/1688
f 1684/1839/1684 1715/1868/1715 1716/1871/1716
f 1672/1843/1672 1671/1840/1671 1702/1869/1702
f 1658/1841/1658 1689/1870/1689 1690/1873/1690
f 1686/1845/1686 1685/1842/1685 1716/1871/1716
f 1672/1843/1672 1703/1872/1703 1704/1875/1704
f 1660/1847/1660 1659/1844/1659 1690/1873/1690
f 1686/1845/1686 1717/1874/1717 1718/1877/1718
f 1673/1846/1673 1704/1875/1704 1705/1878/1705
f 1660/1847/1660 1691/1876/1691 1692/1879/1692
f 1675/1851/1675 1674/1849/1674 1705/1878/1705
f 1661/1850/1661 1692/1879/1692 1693/1881/1693
f 1676/1821/1676 1675/1851/1675 1706/1880/1706
f 1662/1852/1662 1693/1881/1693 1694/1883/1694
f 1677/1822/1677 1676/1821/1676 1707/1882/1707
f 1664/1823/1664 1663/1820/1663 1694/1883/1694
f 1677/1822/1677 1708/1884/1708 1709/1886/1709
f 1698/1860/1698 1697/1856/1697 1728/1887/1728
f 1711/1859/1711 1742/1919/1742 1743/1889/1743
f 1698/1860/1698 1729/1888/1729 1730/1890/1730
f 1713/1863/1713 1712/1861/1712 1743/1889/1743
f 1700/1864/1700 1699/1862/1699 1730/1890/1730
f 1714/1865/1714 1713/1863/1713 1744/1891/1744
f 1700/1864/1700 1731/1892/1731 1732/1894/1732
f 1714/1865/1714 1745/1893/1745 1746/1896/1746
f 1702/1869/1702 1701/1866/1701 1732/1894/1732
f 1688/1867/1688 1719/1895/1719 1720/1898/1720
f 1715/1868/1715 1746/1896/1746 1747/1899/1747
f 1702/1869/1702 1733/1897/1733 1734/1900/1734
f 1689/1870/1689 1720/1898/1720 1721/1901/1721
f 1717/1874/1717 1716/1871/1716 1747/1899/1747
f 1703/1872/1703 1734/1900/1734 1735/1903/1735
f 1691/1876/1691 1690/1873/1690 1721/1901/1721
f 1718/1877/1718 1717/1874/1717 1748/1902/1748
f 1704/1875/1704 1735/1903/1735 1736/1906/1736
f 1691/1876/1691 1722/1904/1722 1723/1907/1723
f 1706/1880/1706 1705/1878/1705 1736/1906/1736
f 1692/1879/1692 1723/1907/1723 1724/1909/1724
f 1706/1880/1706 1737/1908/1737 1738/1910/1738
f 1693/1881/1693 1724/1909/1724 1725/1911/1725
f 1708/1884/1708 1707/1882/1707 1738/1910/1738
f 1695/1885/1695 1694/1883/1694 1725/1911/1725
f 1708/1884/1708 1739/1912/1739 1740/1914/1740
f 1695/1915/1695 1726/1945/1726 1727/1916/1727
f 1709/1886/1709 1740/1914/1740 1741/1917/1741
f 1697/1856/1697 1696/1854/1696 1727/1916/1727
f 1711/1859/1711 1710/1858/1710 1741/1918/1741
f 1731/1892/1731 1730/1890/1730 1761/1920/1761
f 1745/1893/1745 1744/1891/1744 1775/1922/1775
f 1731/1892/1731 1762/1921/1762 1763/1924/1763
f 1746/1896/1746 1745/1893/1745 1776/1923/1776
f 1733/1897/1733 1732/1894/1732 1763/1924/1763
f 1720/1898/1720 1719/1895/1719 1750/1925/1750
f 1746/1896/1746 1777/1926/1777 1778/1929/1778
f 1734/1900/1734 1733/1897/1733 1764/1927/1764
f 1720/1898/1720 1751/1928/1751 1752/1931/1752
f 1748/1902/1748 1747/1899/1747 1778/1929/1778
f 1734/1900/1734 1765/1930/1765 1766/1933/1766
f 1721/1901/1721 1752/1931/1752 1753/1934/1753
f 1748/1902/1748 1779/1932/1779 1780/1935/1780
f 1735/1903/1735 1766/1933/1766 1767/1936/1767
f 1722/1904/1722 1753/1934/1753 1754/1937/1754
f 1737/1908/1737 1736/1906/1736 1767/1936/1767
f 1723/1907/1723 1754/1937/1754 1755/1939/1755
f 1737/1908/1737 1768/1938/1768 1769/1940/1769
f 1724/1909/1724 1755/1939/1755 1756/1941/1756
f 1739/1912/1739 1738/1910/1738 1769/1940/1769
f 1726/1913/1726 1725/1911/1725 1756/1941/1756
f 1739/1912/1739 1770/1942/1770 1771/1944/1771
f 1726/1945/1726 1757/2194/1757 1758/1946/1758
f 1740/1914/1740 1771/1944/1771 1772/1947/1772
f 1728/1887/1728 1727/1916/1727 1758/1946/1758
f 1742/1919/1742 1741/1918/1741 1772/1949/1772
f 1729/1888/1729 1728/1887/1728 1759/1948/1759
f 1742/1919/1742 1773/1950/1773 1774/1952/1774
f 1729/1888/1729 1760/1951/1760 1761/1920/1761
f 1744/1891/1744 1743/1889/1743 1774/1952/1774
f 1764/1927/1764 1763/1924/1763 1794/1953/1794
f 1750/1925/1750 1781/1985/1781 1782/1955/1782
f 1777/1926/1777 1808/1986/1808 1809/1956/1809
f 1765/1930/1765 1764/1927/1764 1795/1954/1795
f 1751/1928/1751 1782/1955/1782 1783/1958/1783
f 1779/1932/1779 1778/1929/1778 1809/1956/1809
f 1765/1930/1765 1796/1957/1796 1797/1960/1797
f 1753/1934/1753 1752/1931/1752 1783/1958/1783
f 1779/1932/1779 1810/1959/1810 1811/1962/1811
f 1766/1933/1766 1797/1960/1797 1798/1963/1798
f 1753/1934/1753 1784/1961/1784 1785/1964/1785
f 1768/1938/1768 1767/1936/1767 1798/1963/1798
f 1754/1937/1754 1785/1964/1785 1786/1966/1786
f 1768/1938/1768 1799/1965/1799 1800/1967/1800
f 1755/1939/1755 1786/1966/1786 1787/1968/1787
f 1770/1942/1770 1769/1940/1769 1800/1967/1800
f 1757/1943/1757 1756/1941/1756 1787/1968/1787
f 1770/1942/1770 1801/1969/1801 1802/1971/1802
f 1757/1943/1757 1788/1970/1788 1789/1972/1789
f 1771/1944/1771 1802/1971/1802 1803/1974/1803
f 1759/1948/1759 1758/1946/1758 1789/1975/1789
f 1773/1950/1773 1772/1949/1772 1803/1977/1803
f 1760/1951/1760 1759/1948/1759 1790/1976/1790
f 1773/1950/1773 1804/1978/1804 1805/1980/1805
f 1760/1951/1760 1791/1979/1791 1792/1981/1792
f 1775/1922/1775 1774/1952/1774 1805/1980/1805
f 1762/1921/1762 1761/1920/1761 1792/1981/1792
f 1775/1922/1775 1806/1982/1806 1807/1984/1807
f 1762/1921/1762 1793/1983/1793 1794/1953/1794
f 1776/1923/1776 1807/1984/1807 1808/1986/1808
f 1796/1957/1796 1827/2017/1827 1828/1987/1828
f 1783/1958/1783 1814/2018/1814 1815/1988/1815
f 1810/1959/1810 1841/2019/1841 1842/1989/1842
f 1797/1960/1797 1828/1987/1828 1829/1990/1829
f 1785/1964/1785 1784/1961/1784 1815/1988/1815
f 1799/1965/1799 1798/1963/1798 1829/1990/1829
f 1785/1964/1785 1816/1991/1816 1817/1993/1817
f 1799/1965/1799 1830/1992/1830 1831/1994/1831
f 1786/1966/1786 1817/1993/1817 1818/1995/1818
f 1801/1969/1801 1800/1967/1800 1831/1994/1831
f 1788/1970/1788 1787/1968/1787 1818/1995/1818
f 1801/1969/1801 1832/1996/1832 1833/1998/1833
f 1788/1970/1788 1819/1997/1819 1820/1999/1820
f 1802/2000/1802 1833/2034/1833 1834/2001/1834
f 1790/1976/1790 1789/1975/1789 1820/2002/1820
f 1804/1978/1804 1803/1977/1803 1834/2001/1834
f 1791/1979/1791 1790/1976/1790 1821/2003/1821
f 1804/1978/1804 1835/2004/1835 1836/2006/1836
f 1791/1979/1791 1822/2005/1822 1823/2007/1823
f 1806/1982/1806 1805/1980/1805 1836/2006/1836
f 1792/1981/1792 1823/2007/1823 1824/2009/1824
f 1807/1984/1807 1806/1982/1806 1837/2008/1837
f 1793/1983/1793 1824/2009/1824 1825/2011/1825
f 1808/1986/1808 1807/1984/1807 1838/2010/1838
f 1795/1954/1795 1794/1953/1794 1825/2011/1825
f 1782/1955/1782 1781/1985/1781 1812/2012/1812
f 1808/1986/1808 1839/2013/1839 1840/2016/1840
f 1796/1957/1796 1795/1954/1795 1826/2014/1826
f 1782/1955/1782 1813/2015/1813 1814/2018/1814
f 1810/1959/1810 1809/1956/1809 1840/2016/1840
f 1829/2020/1829 1860/2065/1860 1861/2021/1861
f 1817/1993/1817 1816/1991/1816 1847/2023/1847
f 1831/2025/1831 1830/2022/1830 1861/2021/1861
f 1817/1993/1817 1848/2024/1848 1849/2027/1849
f 1832/2028/1832 1831/2025/1831 1862/2026/1862
f 1819/1997/1819 1818/1995/1818 1849/2027/1849
f 1832/2028/1832 1863/2029/1863 1864/2031/1864
f 1819/1997/1819 1850/2030/1850 1851/2033/1851
f 1833/2034/1833 1864/2072/1864 1865/2035/1865
f 1821/2036/1821 1820/2195/1820 1851/2037/1851
f 1835/2004/1835 1834/2001/1834 1865/2035/1865
f 1822/2040/1822 1821/2036/1821 1852/2038/1852
f 1835/2004/1835 1866/2039/1866 1867/2042/1867
f 1822/2040/1822 1853/2041/1853 1854/2043/1854
f 1837/2008/1837 1836/2006/1836 1867/2042/1867
f 1823/2044/1823 1854/2043/1854 1855/2046/1855
f 1837/2008/1837 1868/2045/1868 1869/2048/1869
f 1825/2049/1825 1824/2047/1824 1855/2046/1855
f 1839/2013/1839 1838/2010/1838 1869/2048/1869
f 1826/2053/1826 1825/2049/1825 1856/2050/1856
f 1812/2012/1812 1843/2051/1843 1844/2055/1844
f 1839/2013/1839 1870/2052/1870 1871/2056/1871
f 1827/2057/1827 1826/2053/1826 1857/2054/1857
f 1813/2015/1813 1844/2055/1844 1845/2059/1845
f 1841/2019/1841 1840/2016/1840 1871/2056/1871
f 1828/2061/1828 1827/2057/1827 1858/2058/1858
f 1815/1988/1815 1814/2018/1814 1845/2059/1845
f 1841/2019/1841 1872/2060/1872 1873/2064/1873
f 1828/2061/1828 1859/2062/1859 1860/2065/1860
f 1815/1988/1815 1846/2063/1846 1847/2023/1847
f 1863/2029/1863 1862/2026/1862 1893/2066/1893
f 1850/2030/1850 1849/2027/1849 1880/2068/1880
f 1863/2029/1863 1894/2067/1894 1895/2070/1895
f 1850/2030/1850 1881/2069/1881 1882/2071/1882
f 1864/2072/1864 1895/2196/1895 1896/2073/1896
f 1852/2038/1852 1851/2037/1851 1882/2074/1882
f 1866/2039/1866 1865/2035/1865 1896/2073/1896
f 1853/2041/1853 1852/2038/1852 1883/2075/1883
f 1866/2039/1866 1897/2076/1897 1898/2078/1898
f 1853/2041/1853 1884/2077/1884 1885/2079/1885
f 1868/2045/1868 1867/2042/1867 1898/2078/1898
f 1854/2043/1854 1885/2079/1885 1886/2081/1886
f 1869/2048/1869 1868/2045/1868 1899/2080/1899
f 1856/2050/1856 1855/2046/1855 1886/2081/1886
f 1869/2048/1869 1900/2082/1900 1901/2085/1901
f 1857/2054/1857 1856/2050/1856 1887/2083/1887
f 1844/2055/1844 1843/2051/1843 1874/2084/1874
f 1870/2052/1870 1901/2085/1901 1902/2088/1902
f 1858/2058/1858 1857/2054/1857 1888/2086/1888
f 1844/2055/1844 1875/2087/1875 1876/2090/1876
f 1872/2060/1872 1871/2056/1871 1902/2088/1902
f 1858/2058/1858 1889/2089/1889 1890/2092/1890
f 1846/2063/1846 1845/2059/1845 1876/2090/1876
f 1873/2064/1873 1872/2060/1872 1903/2091/1903
f 1859/2062/1859 1890/2092/1890 1891/2095/1891
f 1846/2063/1846 1877/2093/1877 1878/2096/1878
f 1860/2065/1860 1891/2095/1891 1892/2097/1892
f 1847/2023/1847 1878/2096/1878 1879/2098/1879
f 1862/2026/1862 1861/2021/1861 1892/2097/1892
f 1848/2024/1848 1879/2098/1879 1880/2068/1880
f 1895/2070/1895 1926/2131/1926 1927/2099/1927
f 1883/2075/1883 1882/2074/1882 1913/2101/1913
f 1897/2076/1897 1896/2073/1896 1927/2103/1927
f 1884/2077/1884 1883/2075/1883 1914/2102/1914
f 1897/2076/1897 1928/2104/1928 1929/2106/1929
f 1884/2077/1884 1915/2105/1915 1916/2107/1916
f 1899/2080/1899 1898/2078/1898 1929/2106/1929
f 1885/2079/1885 1916/2107/1916 1917/2109/1917
f 1900/2082/1900 1899/2080/1899 1930/2108/1930
f 1886/2081/1886 1917/2109/1917 1918/2111/1918
f 1900/2082/1900 1931/2110/1931 1932/2113/1932
f 1888/2086/1888 1887/2083/1887 1918/2111/1918
f 1874/2084/1874 1905/2112/1905 1906/2115/1906
f 1901/2085/1901 1932/2113/1932 1933/2116/1933
f 1889/2089/1889 1888/2086/1888 1919/2114/1919
f 1875/2087/1875 1906/2115/1906 1907/2118/1907
f 1903/2091/1903 1902/2088/1902 1933/2116/1933
f 1889/2089/1889 1920/2117/1920 1921/2120/1921
f 1877/2093/1877 1876/2090/1876 1907/2118/1907
f 1903/2091/1903 1934/2119/1934 1935/2122/1935
f 1890/2092/1890 1921/2120/1921 1922/2123/1922
f 1877/2093/1877 1908/2121/1908 1909/2124/1909
f 1891/2095/1891 1922/2123/1922 1923/2125/1923
f 1879/2098/1879 1878/2096/1878 1909/2124/1909
f 1893/2066/1893 1892/2097/1892 1923/2125/1923
f 1879/2098/1879 1910/2126/1910 1911/2128/1911
f 1894/2067/1894 1893/2066/1893 1924/2127/1924
f 1881/2069/1881 1880/2068/1880 1911/2128/1911
f 1894/2067/1894 1925/2129/1925 1926/2131/1926
f 1881/2069/1881 1912/2130/1912 1913/2132/1913
f 1928/2104/1928 1959/2164/1959 1960/2133/1960
f 1915/2105/1915 1946/2165/1946 1947/2134/1947
f 1930/2108/1930 1929/2106/1929 1960/2133/1960
f 1916/2107/1916 1947/2134/1947 1948/2136/1948
f 1930/2108/1930 1961/2135/1961 1962/2137/1962
f 1917/2109/1917 1948/2136/1948 1949/2138/1949
f 1931/2110/1931 1962/2137/1962 1963/2140/1963
f 1919/2114/1919 1918/2111/1918 1949/2138/1949
f 1905/2112/1905 1936/2139/1936 1937/2142/1937
f 1932/2113/1932 1963/2140/1963 1964/2143/1964
f 1920/2117/1920 1919/2114/1919 1950/2141/1950
f 1906/2115/1906 1937/2142/1937 1938/2145/1938
f 1934/2119/1934 1933/2116/1933 1964/2143/1964
f 1920/2117/1920 1951/2144/1951 1952/2147/1952
f 1908/2121/1908 1907/2118/1907 1938/2145/1938
f 1934/2119/1934 1965/2146/1965 1966/2149/1966
f 1921/2120/1921 1952/2147/1952 1953/2150/1953
f 1908/2121/1908 1939/2148/1939 1940/2151/1940
f 1923/2125/1923 1922/2123/1922 1953/2150/1953
f 1909/2124/1909 1940/2151/1940 1941/2153/1941
f 1924/2127/1924 1923/2125/1923 1954/2152/1954
f 1910/2126/1910 1941/2153/1941 1942/2155/1942
f 1925/2129/1925 1924/2127/1924 1955/2154/1955
f 1912/2130/1912 1911/2128/1911 1942/2155/1942
f 1925/2129/1925 1956/2156/1956 1957/2158/1957
f 1912/2159/1912 1943/2166/1943 1944/2160/1944
f 1926/2131/1926 1957/2158/1957 1958/2161/1958
f 1914/2102/1914 1913/2101/1913 1944/2160/1944
f 1928/2104/1928 1927/2103/1927 1958/2163/1958
f 1915/2105/1915 1914/2102/1914 1945/2162/1945
f 1961/2135/1961 12/8/12 1981/12/1981
f 1949/2138/1949 1948/2136/1948 5/10/5
f 1963/2140/1963 1962/2137/1962 1981/12/1981
f 1950/2141/1950 1949/2138/1949 6/14/6
f 1937/2142/1937 1936/2139/1936 1/15/1
f 1963/2140/1963 1982/19/1982 1983/25/1983
f 1951/2144/1951 1950/2141/1950 7/21/7
f 1937/2142/1937 2/23/2 1967/28/1967
f 1965/2146/1965 1964/2143/1964 1983/25/1983
f 1952/2147/1952 1951/2144/1951 8/27/8
f 1939/2148/1939 1938/2145/1938 1967/28/1967
f 1965/2146/1965 1984/30/1984 1985/37/1985
f 1952/2147/1952 1975/32/1975 9/39/9
f 1939/2148/1939 1968/34/1968 1969/40/1969
f 1953/2150/1953 9/39/9 1976/44/1976
f 1940/2151/1940 1969/40/1969 1970/45/1970
f 1955/2154/1955 1954/2152/1954 1976/44/1976
f 1941/2153/1941 1970/45/1970 1971/49/1971
f 1956/2156/1956 1955/2154/1955 10/48/10
f 1943/2157/1943 1942/2155/1942 1971/49/1971
f 1957/2158/1957 1956/2156/1956 11/52/11
f 1943/2166/1943 3/57/3 1972/59/1972
f 1957/2158/1957 1977/56/1977 1978/61/1978
f 1945/2162/1945 1944/2160/1944 1972/59/1972
f 1959/2164/1959 1958/2163/1958 1978/2167/1978
f 1945/2162/1945 1973/63/1973 4/66/4
f 1959/2164/1959 1979/1/1979 1980/3/1980
f 1946/2165/1946 4/66/4 1974/4/1974
f 1960/2133/1960 1980/3/1980 12/8/12
f 1947/2134/1947 1974/4/1974 5/10/5
