{
    "robot_poses": {
        "R1Pro": [
            {
                "position": [
                    4.562397003173828,
                    6.0430450439453125,
                    0.003765106201171875
                ],
                "orientation": [
                    0.0,
                    0.0,
                    0.7602934837341309,
                    0.6495797038078308
                ]
            }
        ],
        "Fetch": [
            {
                "position": [
                    4.032879829406738,
                    4.015194416046143,
                    0.0012933313846588135
                ],
                "orientation": [
                    0.002707168459892273,
                    0.001182330772280693,
                    0.916374921798706,
                    -0.4003101587295532
                ]
            }
        ],
        "R1": [
            {
                "position": [
                    4.8161845207214355,
                    4.367722988128662,
                    0.003765106201171875
                ],
                "orientation": [
                    -0.0012989062815904617,
                    0.004884284920990467,
                    0.9753934741020203,
                    0.220413938164711
                ]
            }
        ],
        "Stretch": [
            {
                "position": [
                    4.638994216918945,
                    7.07464075088501,
                    -0.0007995814085006714
                ],
                "orientation": [
                    0.0002605062909424305,
                    0.0019772013183683157,
                    -0.13060331344604492,
                    0.991432785987854
                ]
            }
        ],
        "Tiago": [
            {
                "position": [
                    4.9620466232299805,
                    5.588655471801758,
                    0.00034427642822265625
                ],
                "orientation": [
                    -5.6061111308736145e-08,
                    -1.4224717403976683e-08,
                    0.9572381973266602,
                    0.28930091857910156
                ]
            }
        ]
    }, 
    "pose_goal": {
        "goal_pos": [0.0, 0.0, 0.0],
        "goal_quat": [0.0, 0.0, 0.0, 1.0],
        "pos_tolerance": 0.1,
        "ori_tolerance": 0.1,
        "link_name": "robot_r1:zed_link:Camera:0"
    }
}