# Blender 4.5.11 LTS
# www.blender.org
mtllib visual.mtl
o ball_bearing.001
v 0.000000 0.000294 0.005986
v 0.000000 0.000585 0.005942
v 0.000000 0.000871 0.005871
v 0.000000 0.001903 0.005319
v 0.000000 0.002121 0.005121
v 0.000000 0.002871 0.003871
v 0.000000 0.002942 0.003585
v 0.000000 0.002986 0.003294
v 0.000000 0.002986 0.002706
v 0.000000 0.002942 0.002415
v 0.000000 0.001903 0.000681
v 0.000000 0.001414 0.000354
v 0.000000 0.000871 0.000129
v 0.000000 0.000585 0.000058
v 0.000000 0.000294 0.000014
v 0.000029 0.000293 0.005986
v 0.000057 0.000582 0.005942
v 0.000085 0.000867 0.005871
v 0.000113 0.001143 0.005772
v 0.000139 0.001407 0.005646
v 0.000163 0.001659 0.005494
v 0.000187 0.001894 0.005319
v 0.000208 0.002111 0.005121
v 0.000227 0.002308 0.004903
v 0.000244 0.002482 0.004667
v 0.000259 0.002633 0.004414
v 0.000272 0.002758 0.004148
v 0.000281 0.002857 0.003871
v 0.000288 0.002928 0.003585
v 0.000293 0.002971 0.003294
v 0.000294 0.002986 0.003000
v 0.000293 0.002971 0.002706
v 0.000288 0.002928 0.002415
v 0.000281 0.002857 0.002129
v 0.000272 0.002758 0.001852
v 0.000259 0.002633 0.001586
v 0.000244 0.002482 0.001333
v 0.000227 0.002308 0.001097
v 0.000208 0.002111 0.000879
v 0.000187 0.001894 0.000681
v 0.000163 0.001659 0.000506
v 0.000139 0.001407 0.000354
v 0.000113 0.001143 0.000228
v 0.000085 0.000867 0.000129
v 0.000057 0.000582 0.000058
v 0.000029 0.000293 0.000014
v 0.000057 0.000288 0.005986
v 0.000114 0.000574 0.005942
v 0.000170 0.000854 0.005871
v 0.000224 0.001126 0.005772
v 0.000276 0.001387 0.005646
v 0.000325 0.001635 0.005494
v 0.000371 0.001867 0.005319
v 0.000414 0.002081 0.005121
v 0.000452 0.002274 0.004903
v 0.000487 0.002446 0.004667
v 0.000516 0.002595 0.004414
v 0.000541 0.002718 0.004148
v 0.000560 0.002816 0.003871
v 0.000574 0.002886 0.003585
v 0.000582 0.002928 0.003294
v 0.000585 0.002942 0.003000
v 0.000582 0.002928 0.002706
v 0.000574 0.002886 0.002415
v 0.000560 0.002816 0.002129
v 0.000541 0.002718 0.001852
v 0.000516 0.002595 0.001586
v 0.000487 0.002446 0.001333
v 0.000452 0.002274 0.001097
v 0.000414 0.002081 0.000879
v 0.000371 0.001867 0.000681
v 0.000325 0.001635 0.000506
v 0.000276 0.001387 0.000354
v 0.000224 0.001126 0.000228
v 0.000170 0.000854 0.000129
v 0.000114 0.000574 0.000058
v 0.000057 0.000288 0.000014
v 0.000085 0.000281 0.005986
v 0.000170 0.000560 0.005942
v 0.000253 0.000833 0.005871
v 0.000333 0.001099 0.005772
v 0.000411 0.001353 0.005646
v 0.000484 0.001595 0.005494
v 0.000552 0.001821 0.005319
v 0.000616 0.002030 0.005121
v 0.000673 0.002219 0.004903
v 0.000724 0.002387 0.004667
v 0.000768 0.002532 0.004414
v 0.000805 0.002652 0.004148
v 0.000833 0.002747 0.003871
v 0.000854 0.002816 0.003585
v 0.000867 0.002857 0.003294
v 0.000871 0.002871 0.003000
v 0.000867 0.002857 0.002706
v 0.000854 0.002816 0.002415
v 0.000833 0.002747 0.002129
v 0.000805 0.002652 0.001852
v 0.000768 0.002532 0.001586
v 0.000724 0.002387 0.001333
v 0.000673 0.002219 0.001097
v 0.000616 0.002030 0.000879
v 0.000552 0.001821 0.000681
v 0.000484 0.001595 0.000506
v 0.000411 0.001353 0.000354
v 0.000333 0.001099 0.000228
v 0.000253 0.000833 0.000129
v 0.000170 0.000560 0.000058
v 0.000085 0.000281 0.000014
v 0.000113 0.000272 0.005986
v 0.000224 0.000541 0.005942
v 0.000333 0.000805 0.005871
v 0.000439 0.001061 0.005772
v 0.000541 0.001307 0.005646
v 0.000638 0.001540 0.005494
v 0.000728 0.001758 0.005319
v 0.000812 0.001960 0.005121
v 0.000887 0.002143 0.004903
v 0.000955 0.002305 0.004667
v 0.001012 0.002444 0.004414
v 0.001061 0.002561 0.004148
v 0.001099 0.002652 0.003871
v 0.001126 0.002718 0.003585
v 0.001143 0.002758 0.003294
v 0.001148 0.002772 0.003000
v 0.001143 0.002758 0.002706
v 0.001126 0.002718 0.002415
v 0.001099 0.002652 0.002129
v 0.001061 0.002561 0.001852
v 0.001012 0.002444 0.001586
v 0.000955 0.002305 0.001333
v 0.000887 0.002143 0.001097
v 0.000812 0.001960 0.000879
v 0.000728 0.001758 0.000681
v 0.000638 0.001540 0.000506
v 0.000541 0.001307 0.000354
v 0.000439 0.001061 0.000228
v 0.000333 0.000805 0.000129
v 0.000224 0.000541 0.000058
v 0.000113 0.000272 0.000014
v 0.000139 0.000259 0.005986
v 0.000276 0.000516 0.005942
v 0.000411 0.000768 0.005871
v 0.000541 0.001012 0.005772
v 0.000667 0.001247 0.005646
v 0.000786 0.001470 0.005494
v 0.000897 0.001678 0.005319
v 0.001000 0.001871 0.005121
v 0.001093 0.002045 0.004903
v 0.001176 0.002200 0.004667
v 0.001247 0.002333 0.004414
v 0.001307 0.002444 0.004148
v 0.001353 0.002532 0.003871
v 0.001387 0.002595 0.003585
v 0.001407 0.002633 0.003294
v 0.001414 0.002646 0.003000
v 0.001407 0.002633 0.002706
v 0.001387 0.002595 0.002415
v 0.001353 0.002532 0.002129
v 0.001307 0.002444 0.001852
v 0.001247 0.002333 0.001586
v 0.001176 0.002200 0.001333
v 0.001093 0.002045 0.001097
v 0.001000 0.001871 0.000879
v 0.000897 0.001678 0.000681
v 0.000786 0.001470 0.000506
v 0.000667 0.001247 0.000354
v 0.000541 0.001012 0.000228
v 0.000411 0.000768 0.000129
v 0.000276 0.000516 0.000058
v 0.000139 0.000259 0.000014
v 0.000163 0.000244 0.005986
v 0.000325 0.000487 0.005942
v 0.000484 0.000724 0.005871
v 0.000638 0.000955 0.005772
v 0.000786 0.001176 0.005646
v 0.000926 0.001386 0.005494
v 0.001057 0.001582 0.005319
v 0.001179 0.001764 0.005121
v 0.001288 0.001928 0.004903
v 0.001386 0.002074 0.004667
v 0.001470 0.002200 0.004414
v 0.001540 0.002305 0.004148
v 0.001595 0.002387 0.003871
v 0.001635 0.002446 0.003585
v 0.001659 0.002482 0.003294
v 0.001667 0.002494 0.003000
v 0.001659 0.002482 0.002706
v 0.001635 0.002446 0.002415
v 0.001595 0.002387 0.002129
v 0.001540 0.002305 0.001852
v 0.001470 0.002200 0.001586
v 0.001386 0.002074 0.001333
v 0.001288 0.001928 0.001097
v 0.001179 0.001764 0.000879
v 0.001057 0.001582 0.000681
v 0.000926 0.001386 0.000506
v 0.000786 0.001176 0.000354
v 0.000638 0.000955 0.000228
v 0.000484 0.000724 0.000129
v 0.000325 0.000487 0.000058
v 0.000163 0.000244 0.000014
v 0.000187 0.000227 0.005986
v 0.000371 0.000452 0.005942
v 0.000552 0.000673 0.005871
v 0.000728 0.000887 0.005772
v 0.000897 0.001093 0.005646
v 0.001057 0.001288 0.005494
v 0.001207 0.001471 0.005319
v 0.001346 0.001640 0.005121
v 0.001471 0.001793 0.004903
v 0.001582 0.001928 0.004667
v 0.001678 0.002045 0.004414
v 0.001758 0.002143 0.004148
v 0.001821 0.002219 0.003871
v 0.001867 0.002274 0.003585
v 0.001894 0.002308 0.003294
v 0.001903 0.002319 0.003000
v 0.001894 0.002308 0.002706
v 0.001867 0.002274 0.002415
v 0.001821 0.002219 0.002129
v 0.001758 0.002143 0.001852
v 0.001678 0.002045 0.001586
v 0.001582 0.001928 0.001333
v 0.001471 0.001793 0.001097
v 0.001346 0.001640 0.000879
v 0.001207 0.001471 0.000681
v 0.001057 0.001288 0.000506
v 0.000897 0.001093 0.000354
v 0.000728 0.000887 0.000228
v 0.000552 0.000673 0.000129
v 0.000371 0.000452 0.000058
v 0.000187 0.000227 0.000014
v 0.000208 0.000208 0.005986
v 0.000414 0.000414 0.005942
v 0.000616 0.000616 0.005871
v 0.000812 0.000812 0.005772
v 0.001000 0.001000 0.005646
v 0.001179 0.001179 0.005494
v 0.001346 0.001346 0.005319
v 0.001500 0.001500 0.005121
v 0.001640 0.001640 0.004903
v 0.001764 0.001764 0.004667
v 0.001871 0.001871 0.004414
v 0.001960 0.001960 0.004148
v 0.002030 0.002030 0.003871
v 0.002081 0.002081 0.003585
v 0.002111 0.002111 0.003294
v 0.002121 0.002121 0.003000
v 0.002111 0.002111 0.002706
v 0.002081 0.002081 0.002415
v 0.002030 0.002030 0.002129
v 0.001960 0.001960 0.001852
v 0.001871 0.001871 0.001586
v 0.001764 0.001764 0.001333
v 0.001640 0.001640 0.001097
v 0.001500 0.001500 0.000879
v 0.001346 0.001346 0.000681
v 0.001179 0.001179 0.000506
v 0.001000 0.001000 0.000354
v 0.000812 0.000812 0.000228
v 0.000616 0.000616 0.000129
v 0.000414 0.000414 0.000058
v 0.000208 0.000208 0.000014
v 0.000227 0.000187 0.005986
v 0.000452 0.000371 0.005942
v 0.000673 0.000552 0.005871
v 0.000887 0.000728 0.005772
v 0.001093 0.000897 0.005646
v 0.001288 0.001057 0.005494
v 0.001471 0.001207 0.005319
v 0.001640 0.001346 0.005121
v 0.001793 0.001471 0.004903
v 0.001928 0.001582 0.004667
v 0.002045 0.001678 0.004414
v 0.002143 0.001758 0.004148
v 0.002219 0.001821 0.003871
v 0.002274 0.001867 0.003585
v 0.002308 0.001894 0.003294
v 0.002319 0.001903 0.003000
v 0.002308 0.001894 0.002706
v 0.002274 0.001867 0.002415
v 0.002219 0.001821 0.002129
v 0.002143 0.001758 0.001852
v 0.002045 0.001678 0.001586
v 0.001928 0.001582 0.001333
v 0.001793 0.001471 0.001097
v 0.001640 0.001346 0.000879
v 0.001471 0.001207 0.000681
v 0.001288 0.001057 0.000506
v 0.001093 0.000897 0.000354
v 0.000887 0.000728 0.000228
v 0.000673 0.000552 0.000129
v 0.000452 0.000371 0.000058
v 0.000227 0.000187 0.000014
v 0.000244 0.000163 0.005986
v 0.000487 0.000325 0.005942
v 0.000724 0.000484 0.005871
v 0.000955 0.000638 0.005772
v 0.001176 0.000786 0.005646
v 0.001386 0.000926 0.005494
v 0.001582 0.001057 0.005319
v 0.001764 0.001179 0.005121
v 0.001928 0.001288 0.004903
v 0.002074 0.001386 0.004667
v 0.002200 0.001470 0.004414
v 0.002305 0.001540 0.004148
v 0.002387 0.001595 0.003871
v 0.002446 0.001635 0.003585
v 0.002482 0.001659 0.003294
v 0.002494 0.001667 0.003000
v 0.002482 0.001659 0.002706
v 0.002446 0.001635 0.002415
v 0.002387 0.001595 0.002129
v 0.002305 0.001540 0.001852
v 0.002200 0.001470 0.001586
v 0.002074 0.001386 0.001333
v 0.001928 0.001288 0.001097
v 0.001764 0.001179 0.000879
v 0.001582 0.001057 0.000681
v 0.001386 0.000926 0.000506
v 0.001176 0.000786 0.000354
v 0.000955 0.000638 0.000228
v 0.000724 0.000484 0.000129
v 0.000487 0.000325 0.000058
v 0.000244 0.000163 0.000014
v 0.000259 0.000139 0.005986
v 0.000516 0.000276 0.005942
v 0.000768 0.000411 0.005871
v 0.001012 0.000541 0.005772
v 0.001247 0.000667 0.005646
v 0.001470 0.000786 0.005494
v 0.001678 0.000897 0.005319
v 0.001871 0.001000 0.005121
v 0.002045 0.001093 0.004903
v 0.002200 0.001176 0.004667
v 0.002333 0.001247 0.004414
v 0.002444 0.001307 0.004148
v 0.002532 0.001353 0.003871
v 0.002595 0.001387 0.003585
v 0.002633 0.001407 0.003294
v 0.002646 0.001414 0.003000
v 0.002633 0.001407 0.002706
v 0.002595 0.001387 0.002415
v 0.002532 0.001353 0.002129
v 0.002444 0.001307 0.001852
v 0.002333 0.001247 0.001586
v 0.002200 0.001176 0.001333
v 0.002045 0.001093 0.001097
v 0.001871 0.001000 0.000879
v 0.001678 0.000897 0.000681
v 0.001470 0.000786 0.000506
v 0.001247 0.000667 0.000354
v 0.001012 0.000541 0.000228
v 0.000768 0.000411 0.000129
v 0.000516 0.000276 0.000058
v 0.000259 0.000139 0.000014
v 0.000272 0.000113 0.005986
v 0.000541 0.000224 0.005942
v 0.000805 0.000333 0.005871
v 0.001061 0.000439 0.005772
v 0.001307 0.000541 0.005646
v 0.001540 0.000638 0.005494
v 0.001758 0.000728 0.005319
v 0.001960 0.000812 0.005121
v 0.002143 0.000887 0.004903
v 0.002305 0.000955 0.004667
v 0.002444 0.001012 0.004414
v 0.002561 0.001061 0.004148
v 0.002652 0.001099 0.003871
v 0.002718 0.001126 0.003585
v 0.002758 0.001143 0.003294
v 0.002772 0.001148 0.003000
v 0.002758 0.001143 0.002706
v 0.002718 0.001126 0.002415
v 0.002652 0.001099 0.002129
v 0.002561 0.001061 0.001852
v 0.002444 0.001012 0.001586
v 0.002305 0.000955 0.001333
v 0.002143 0.000887 0.001097
v 0.001960 0.000812 0.000879
v 0.001758 0.000728 0.000681
v 0.001540 0.000638 0.000506
v 0.001307 0.000541 0.000354
v 0.001061 0.000439 0.000228
v 0.000805 0.000333 0.000129
v 0.000541 0.000224 0.000058
v 0.000272 0.000113 0.000014
v 0.000281 0.000085 0.005986
v 0.000560 0.000170 0.005942
v 0.000833 0.000253 0.005871
v 0.001099 0.000333 0.005772
v 0.001353 0.000411 0.005646
v 0.001595 0.000484 0.005494
v 0.001821 0.000552 0.005319
v 0.002030 0.000616 0.005121
v 0.002219 0.000673 0.004903
v 0.002387 0.000724 0.004667
v 0.002532 0.000768 0.004414
v 0.002652 0.000805 0.004148
v 0.002747 0.000833 0.003871
v 0.002816 0.000854 0.003585
v 0.002857 0.000867 0.003294
v 0.002871 0.000871 0.003000
v 0.002857 0.000867 0.002706
v 0.002816 0.000854 0.002415
v 0.002747 0.000833 0.002129
v 0.002652 0.000805 0.001852
v 0.002532 0.000768 0.001586
v 0.002387 0.000724 0.001333
v 0.002219 0.000673 0.001097
v 0.002030 0.000616 0.000879
v 0.001821 0.000552 0.000681
v 0.001595 0.000484 0.000506
v 0.001353 0.000411 0.000354
v 0.001099 0.000333 0.000228
v 0.000833 0.000253 0.000129
v 0.000560 0.000170 0.000058
v 0.000281 0.000085 0.000014
v 0.000288 0.000057 0.005986
v 0.000574 0.000114 0.005942
v 0.000854 0.000170 0.005871
v 0.001126 0.000224 0.005772
v 0.001387 0.000276 0.005646
v 0.001635 0.000325 0.005494
v 0.001867 0.000371 0.005319
v 0.002081 0.000414 0.005121
v 0.002274 0.000452 0.004903
v 0.002446 0.000487 0.004667
v 0.002595 0.000516 0.004414
v 0.002718 0.000541 0.004148
v 0.002816 0.000560 0.003871
v 0.002886 0.000574 0.003585
v 0.002928 0.000582 0.003294
v 0.002942 0.000585 0.003000
v 0.002928 0.000582 0.002706
v 0.002886 0.000574 0.002415
v 0.002816 0.000560 0.002129
v 0.002718 0.000541 0.001852
v 0.002595 0.000516 0.001586
v 0.002446 0.000487 0.001333
v 0.002274 0.000452 0.001097
v 0.002081 0.000414 0.000879
v 0.001867 0.000371 0.000681
v 0.001635 0.000325 0.000506
v 0.001387 0.000276 0.000354
v 0.001126 0.000224 0.000228
v 0.000854 0.000170 0.000129
v 0.000574 0.000114 0.000058
v 0.000288 0.000057 0.000014
v 0.000293 0.000029 0.005986
v 0.000582 0.000057 0.005942
v 0.000867 0.000085 0.005871
v 0.001143 0.000113 0.005772
v 0.001407 0.000139 0.005646
v 0.001659 0.000163 0.005494
v 0.001894 0.000187 0.005319
v 0.002111 0.000208 0.005121
v 0.002308 0.000227 0.004903
v 0.002482 0.000244 0.004667
v 0.002633 0.000259 0.004414
v 0.002758 0.000272 0.004148
v 0.002857 0.000281 0.003871
v 0.002928 0.000288 0.003585
v 0.002971 0.000293 0.003294
v 0.002986 0.000294 0.003000
v 0.002971 0.000293 0.002706
v 0.002928 0.000288 0.002415
v 0.002857 0.000281 0.002129
v 0.002758 0.000272 0.001852
v 0.002633 0.000259 0.001586
v 0.002482 0.000244 0.001333
v 0.002308 0.000227 0.001097
v 0.002111 0.000208 0.000879
v 0.001894 0.000187 0.000681
v 0.001659 0.000163 0.000506
v 0.001407 0.000139 0.000354
v 0.001143 0.000113 0.000228
v 0.000867 0.000085 0.000129
v 0.000582 0.000057 0.000058
v 0.000293 0.000029 0.000014
v 0.000294 -0.000000 0.005986
v 0.000585 -0.000000 0.005942
v 0.000871 -0.000000 0.005871
v 0.001148 0.000000 0.005772
v 0.001414 -0.000000 0.005646
v 0.001667 -0.000000 0.005494
v 0.001903 -0.000000 0.005319
v 0.002121 -0.000000 0.005121
v 0.002319 0.000000 0.004903
v 0.002494 0.000000 0.004667
v 0.002646 0.000000 0.004414
v 0.002772 0.000000 0.004148
v 0.002871 -0.000000 0.003871
v 0.002942 -0.000000 0.003585
v 0.002986 -0.000000 0.003294
v 0.003000 0.000000 0.003000
v 0.002986 -0.000000 0.002706
v 0.002942 -0.000000 0.002415
v 0.002871 -0.000000 0.002129
v 0.002772 0.000000 0.001852
v 0.002646 0.000000 0.001586
v 0.002494 0.000000 0.001333
v 0.002319 0.000000 0.001097
v 0.002121 -0.000000 0.000879
v 0.001903 -0.000000 0.000681
v 0.001667 -0.000000 0.000506
v 0.001414 -0.000000 0.000354
v 0.001148 0.000000 0.000228
v 0.000871 -0.000000 0.000129
v 0.000585 -0.000000 0.000058
v 0.000294 -0.000000 0.000014
v 0.000293 -0.000029 0.005986
v 0.000582 -0.000057 0.005942
v 0.000867 -0.000085 0.005871
v 0.001143 -0.000113 0.005772
v 0.001407 -0.000139 0.005646
v 0.001659 -0.000163 0.005494
v 0.001894 -0.000187 0.005319
v 0.002111 -0.000208 0.005121
v 0.002308 -0.000227 0.004903
v 0.002482 -0.000244 0.004667
v 0.002633 -0.000259 0.004414
v 0.002758 -0.000272 0.004148
v 0.002857 -0.000281 0.003871
v 0.002928 -0.000288 0.003585
v 0.002971 -0.000293 0.003294
v 0.002986 -0.000294 0.003000
v 0.002971 -0.000293 0.002706
v 0.002928 -0.000288 0.002415
v 0.002857 -0.000281 0.002129
v 0.002758 -0.000272 0.001852
v 0.002633 -0.000259 0.001586
v 0.002482 -0.000244 0.001333
v 0.002308 -0.000227 0.001097
v 0.002111 -0.000208 0.000879
v 0.001894 -0.000187 0.000681
v 0.001659 -0.000163 0.000506
v 0.001407 -0.000139 0.000354
v 0.001143 -0.000113 0.000228
v 0.000867 -0.000085 0.000129
v 0.000582 -0.000057 0.000058
v 0.000293 -0.000029 0.000014
v 0.000288 -0.000057 0.005986
v 0.000574 -0.000114 0.005942
v 0.000854 -0.000170 0.005871
v 0.001126 -0.000224 0.005772
v 0.001387 -0.000276 0.005646
v 0.001635 -0.000325 0.005494
v 0.001867 -0.000371 0.005319
v 0.002081 -0.000414 0.005121
v 0.002274 -0.000452 0.004903
v 0.002446 -0.000487 0.004667
v 0.002595 -0.000516 0.004414
v 0.002718 -0.000541 0.004148
v 0.002816 -0.000560 0.003871
v 0.002886 -0.000574 0.003585
v 0.002928 -0.000582 0.003294
v 0.002942 -0.000585 0.003000
v 0.002928 -0.000582 0.002706
v 0.002886 -0.000574 0.002415
v 0.002816 -0.000560 0.002129
v 0.002718 -0.000541 0.001852
v 0.002595 -0.000516 0.001586
v 0.002446 -0.000487 0.001333
v 0.002274 -0.000452 0.001097
v 0.002081 -0.000414 0.000879
v 0.001867 -0.000371 0.000681
v 0.001635 -0.000325 0.000506
v 0.001387 -0.000276 0.000354
v 0.001126 -0.000224 0.000228
v 0.000854 -0.000170 0.000129
v 0.000574 -0.000114 0.000058
v 0.000288 -0.000057 0.000014
v 0.000281 -0.000085 0.005986
v 0.000560 -0.000170 0.005942
v 0.000833 -0.000253 0.005871
v 0.001099 -0.000333 0.005772
v 0.001353 -0.000411 0.005646
v 0.001595 -0.000484 0.005494
v 0.001821 -0.000552 0.005319
v 0.002030 -0.000616 0.005121
v 0.002219 -0.000673 0.004903
v 0.002387 -0.000724 0.004667
v 0.002532 -0.000768 0.004414
v 0.002652 -0.000805 0.004148
v 0.002747 -0.000833 0.003871
v 0.002816 -0.000854 0.003585
v 0.002857 -0.000867 0.003294
v 0.002871 -0.000871 0.003000
v 0.002857 -0.000867 0.002706
v 0.002816 -0.000854 0.002415
v 0.002747 -0.000833 0.002129
v 0.002652 -0.000805 0.001852
v 0.002532 -0.000768 0.001586
v 0.002387 -0.000724 0.001333
v 0.002219 -0.000673 0.001097
v 0.002030 -0.000616 0.000879
v 0.001821 -0.000552 0.000681
v 0.001595 -0.000484 0.000506
v 0.001353 -0.000411 0.000354
v 0.001099 -0.000333 0.000228
v 0.000833 -0.000253 0.000129
v 0.000560 -0.000170 0.000058
v 0.000281 -0.000085 0.000014
v 0.000272 -0.000113 0.005986
v 0.000541 -0.000224 0.005942
v 0.000805 -0.000333 0.005871
v 0.001061 -0.000439 0.005772
v 0.001307 -0.000541 0.005646
v 0.001540 -0.000638 0.005494
v 0.001758 -0.000728 0.005319
v 0.001960 -0.000812 0.005121
v 0.002143 -0.000887 0.004903
v 0.002305 -0.000955 0.004667
v 0.002444 -0.001012 0.004414
v 0.002561 -0.001061 0.004148
v 0.002652 -0.001099 0.003871
v 0.002718 -0.001126 0.003585
v 0.002758 -0.001143 0.003294
v 0.002772 -0.001148 0.003000
v 0.002758 -0.001143 0.002706
v 0.002718 -0.001126 0.002415
v 0.002652 -0.001099 0.002129
v 0.002561 -0.001061 0.001852
v 0.002444 -0.001012 0.001586
v 0.002305 -0.000955 0.001333
v 0.002143 -0.000887 0.001097
v 0.001960 -0.000812 0.000879
v 0.001758 -0.000728 0.000681
v 0.001540 -0.000638 0.000506
v 0.001307 -0.000541 0.000354
v 0.001061 -0.000439 0.000228
v 0.000805 -0.000333 0.000129
v 0.000541 -0.000224 0.000058
v 0.000272 -0.000113 0.000014
v 0.000259 -0.000139 0.005986
v 0.000516 -0.000276 0.005942
v 0.000768 -0.000411 0.005871
v 0.001012 -0.000541 0.005772
v 0.001247 -0.000667 0.005646
v 0.001470 -0.000786 0.005494
v 0.001678 -0.000897 0.005319
v 0.001871 -0.001000 0.005121
v 0.002045 -0.001093 0.004903
v 0.002200 -0.001176 0.004667
v 0.002333 -0.001247 0.004414
v 0.002444 -0.001307 0.004148
v 0.002532 -0.001353 0.003871
v 0.002595 -0.001387 0.003585
v 0.002633 -0.001407 0.003294
v 0.002646 -0.001414 0.003000
v 0.002633 -0.001407 0.002706
v 0.002595 -0.001387 0.002415
v 0.002532 -0.001353 0.002129
v 0.002444 -0.001307 0.001852
v 0.002333 -0.001247 0.001586
v 0.002200 -0.001176 0.001333
v 0.002045 -0.001093 0.001097
v 0.001871 -0.001000 0.000879
v 0.001678 -0.000897 0.000681
v 0.001470 -0.000786 0.000506
v 0.001247 -0.000667 0.000354
v 0.001012 -0.000541 0.000228
v 0.000768 -0.000411 0.000129
v 0.000516 -0.000276 0.000058
v 0.000259 -0.000139 0.000014
v 0.000244 -0.000163 0.005986
v 0.000487 -0.000325 0.005942
v 0.000724 -0.000484 0.005871
v 0.000955 -0.000638 0.005772
v 0.001176 -0.000786 0.005646
v 0.001386 -0.000926 0.005494
v 0.001582 -0.001057 0.005319
v 0.001764 -0.001179 0.005121
v 0.001928 -0.001288 0.004903
v 0.002074 -0.001386 0.004667
v 0.002200 -0.001470 0.004414
v 0.002305 -0.001540 0.004148
v 0.002387 -0.001595 0.003871
v 0.002446 -0.001635 0.003585
v 0.002482 -0.001659 0.003294
v 0.002494 -0.001667 0.003000
v 0.002482 -0.001659 0.002706
v 0.002446 -0.001635 0.002415
v 0.002387 -0.001595 0.002129
v 0.002305 -0.001540 0.001852
v 0.002200 -0.001470 0.001586
v 0.002074 -0.001386 0.001333
v 0.001928 -0.001288 0.001097
v 0.001764 -0.001179 0.000879
v 0.001582 -0.001057 0.000681
v 0.001386 -0.000926 0.000506
v 0.001176 -0.000786 0.000354
v 0.000955 -0.000638 0.000228
v 0.000724 -0.000484 0.000129
v 0.000487 -0.000325 0.000058
v 0.000244 -0.000163 0.000014
v 0.000227 -0.000187 0.005986
v 0.000452 -0.000371 0.005942
v 0.000673 -0.000552 0.005871
v 0.000887 -0.000728 0.005772
v 0.001093 -0.000897 0.005646
v 0.001288 -0.001057 0.005494
v 0.001471 -0.001207 0.005319
v 0.001640 -0.001346 0.005121
v 0.001793 -0.001471 0.004903
v 0.001928 -0.001582 0.004667
v 0.002045 -0.001678 0.004414
v 0.002143 -0.001758 0.004148
v 0.002219 -0.001821 0.003871
v 0.002274 -0.001867 0.003585
v 0.002308 -0.001894 0.003294
v 0.002319 -0.001903 0.003000
v 0.002308 -0.001894 0.002706
v 0.002274 -0.001867 0.002415
v 0.002219 -0.001821 0.002129
v 0.002143 -0.001758 0.001852
v 0.002045 -0.001678 0.001586
v 0.001928 -0.001582 0.001333
v 0.001793 -0.001471 0.001097
v 0.001640 -0.001346 0.000879
v 0.001471 -0.001207 0.000681
v 0.001288 -0.001057 0.000506
v 0.001093 -0.000897 0.000354
v 0.000887 -0.000728 0.000228
v 0.000673 -0.000552 0.000129
v 0.000452 -0.000371 0.000058
v 0.000227 -0.000187 0.000014
v 0.000208 -0.000208 0.005986
v 0.000414 -0.000414 0.005942
v 0.000616 -0.000616 0.005871
v 0.000812 -0.000812 0.005772
v 0.001000 -0.001000 0.005646
v 0.001179 -0.001179 0.005494
v 0.001346 -0.001346 0.005319
v 0.001500 -0.001500 0.005121
v 0.001640 -0.001640 0.004903
v 0.001764 -0.001764 0.004667
v 0.001871 -0.001871 0.004414
v 0.001960 -0.001960 0.004148
v 0.002030 -0.002030 0.003871
v 0.002081 -0.002081 0.003585
v 0.002111 -0.002111 0.003294
v 0.002121 -0.002121 0.003000
v 0.002111 -0.002111 0.002706
v 0.002081 -0.002081 0.002415
v 0.002030 -0.002030 0.002129
v 0.001960 -0.001960 0.001852
v 0.001871 -0.001871 0.001586
v 0.001764 -0.001764 0.001333
v 0.001640 -0.001640 0.001097
v 0.001500 -0.001500 0.000879
v 0.001346 -0.001346 0.000681
v 0.001179 -0.001179 0.000506
v 0.001000 -0.001000 0.000354
v 0.000812 -0.000812 0.000228
v 0.000616 -0.000616 0.000129
v 0.000414 -0.000414 0.000058
v 0.000208 -0.000208 0.000014
v 0.000187 -0.000227 0.005986
v 0.000371 -0.000452 0.005942
v 0.000552 -0.000673 0.005871
v 0.000728 -0.000887 0.005772
v 0.000897 -0.001093 0.005646
v 0.001057 -0.001288 0.005494
v 0.001207 -0.001471 0.005319
v 0.001346 -0.001640 0.005121
v 0.001471 -0.001793 0.004903
v 0.001582 -0.001928 0.004667
v 0.001678 -0.002045 0.004414
v 0.001758 -0.002143 0.004148
v 0.001821 -0.002219 0.003871
v 0.001867 -0.002274 0.003585
v 0.001894 -0.002308 0.003294
v 0.001903 -0.002319 0.003000
v 0.001894 -0.002308 0.002706
v 0.001867 -0.002274 0.002415
v 0.001821 -0.002219 0.002129
v 0.001758 -0.002143 0.001852
v 0.001678 -0.002045 0.001586
v 0.001582 -0.001928 0.001333
v 0.001471 -0.001793 0.001097
v 0.001346 -0.001640 0.000879
v 0.001207 -0.001471 0.000681
v 0.001057 -0.001288 0.000506
v 0.000897 -0.001093 0.000354
v 0.000728 -0.000887 0.000228
v 0.000552 -0.000673 0.000129
v 0.000371 -0.000452 0.000058
v 0.000187 -0.000227 0.000014
v 0.000163 -0.000244 0.005986
v 0.000325 -0.000487 0.005942
v 0.000484 -0.000724 0.005871
v 0.000638 -0.000955 0.005772
v 0.000786 -0.001176 0.005646
v 0.000926 -0.001386 0.005494
v 0.001057 -0.001582 0.005319
v 0.001179 -0.001764 0.005121
v 0.001288 -0.001928 0.004903
v 0.001386 -0.002074 0.004667
v 0.001470 -0.002200 0.004414
v 0.001540 -0.002305 0.004148
v 0.001595 -0.002387 0.003871
v 0.001635 -0.002446 0.003585
v 0.001659 -0.002482 0.003294
v 0.001667 -0.002494 0.003000
v 0.001659 -0.002482 0.002706
v 0.001635 -0.002446 0.002415
v 0.001595 -0.002387 0.002129
v 0.001540 -0.002305 0.001852
v 0.001470 -0.002200 0.001586
v 0.001386 -0.002074 0.001333
v 0.001288 -0.001928 0.001097
v 0.001179 -0.001764 0.000879
v 0.001057 -0.001582 0.000681
v 0.000926 -0.001386 0.000506
v 0.000786 -0.001176 0.000354
v 0.000638 -0.000955 0.000228
v 0.000484 -0.000724 0.000129
v 0.000325 -0.000487 0.000058
v 0.000163 -0.000244 0.000014
v 0.000139 -0.000259 0.005986
v 0.000276 -0.000516 0.005942
v 0.000411 -0.000768 0.005871
v 0.000541 -0.001012 0.005772
v 0.000667 -0.001247 0.005646
v 0.000786 -0.001470 0.005494
v 0.000897 -0.001678 0.005319
v 0.001000 -0.001871 0.005121
v 0.001093 -0.002045 0.004903
v 0.001176 -0.002200 0.004667
v 0.001247 -0.002333 0.004414
v 0.001307 -0.002444 0.004148
v 0.001353 -0.002532 0.003871
v 0.001387 -0.002595 0.003585
v 0.001407 -0.002633 0.003294
v 0.001414 -0.002646 0.003000
v 0.001407 -0.002633 0.002706
v 0.001387 -0.002595 0.002415
v 0.001353 -0.002532 0.002129
v 0.001307 -0.002444 0.001852
v 0.001247 -0.002333 0.001586
v 0.001176 -0.002200 0.001333
v 0.001093 -0.002045 0.001097
v 0.001000 -0.001871 0.000879
v 0.000897 -0.001678 0.000681
v 0.000786 -0.001470 0.000506
v 0.000667 -0.001247 0.000354
v 0.000541 -0.001012 0.000228
v 0.000411 -0.000768 0.000129
v 0.000276 -0.000516 0.000058
v 0.000139 -0.000259 0.000014
v 0.000113 -0.000272 0.005986
v 0.000224 -0.000541 0.005942
v 0.000333 -0.000805 0.005871
v 0.000439 -0.001061 0.005772
v 0.000541 -0.001307 0.005646
v 0.000638 -0.001540 0.005494
v 0.000728 -0.001758 0.005319
v 0.000812 -0.001960 0.005121
v 0.000887 -0.002143 0.004903
v 0.000955 -0.002305 0.004667
v 0.001012 -0.002444 0.004414
v 0.001061 -0.002561 0.004148
v 0.001099 -0.002652 0.003871
v 0.001126 -0.002718 0.003585
v 0.001143 -0.002758 0.003294
v 0.001148 -0.002772 0.003000
v 0.001143 -0.002758 0.002706
v 0.001126 -0.002718 0.002415
v 0.001099 -0.002652 0.002129
v 0.001061 -0.002561 0.001852
v 0.001012 -0.002444 0.001586
v 0.000955 -0.002305 0.001333
v 0.000887 -0.002143 0.001097
v 0.000812 -0.001960 0.000879
v 0.000728 -0.001758 0.000681
v 0.000638 -0.001540 0.000506
v 0.000541 -0.001307 0.000354
v 0.000439 -0.001061 0.000228
v 0.000333 -0.000805 0.000129
v 0.000224 -0.000541 0.000058
v 0.000113 -0.000272 0.000014
v 0.000085 -0.000281 0.005986
v 0.000170 -0.000560 0.005942
v 0.000253 -0.000833 0.005871
v 0.000333 -0.001099 0.005772
v 0.000411 -0.001353 0.005646
v 0.000484 -0.001595 0.005494
v 0.000552 -0.001821 0.005319
v 0.000616 -0.002030 0.005121
v 0.000673 -0.002219 0.004903
v 0.000724 -0.002387 0.004667
v 0.000768 -0.002532 0.004414
v 0.000805 -0.002652 0.004148
v 0.000833 -0.002747 0.003871
v 0.000854 -0.002816 0.003585
v 0.000867 -0.002857 0.003294
v 0.000871 -0.002871 0.003000
v 0.000867 -0.002857 0.002706
v 0.000854 -0.002816 0.002415
v 0.000833 -0.002747 0.002129
v 0.000805 -0.002652 0.001852
v 0.000768 -0.002532 0.001586
v 0.000724 -0.002387 0.001333
v 0.000673 -0.002219 0.001097
v 0.000616 -0.002030 0.000879
v 0.000552 -0.001821 0.000681
v 0.000484 -0.001595 0.000506
v 0.000411 -0.001353 0.000354
v 0.000333 -0.001099 0.000228
v 0.000253 -0.000833 0.000129
v 0.000170 -0.000560 0.000058
v 0.000085 -0.000281 0.000014
v 0.000057 -0.000288 0.005986
v 0.000114 -0.000574 0.005942
v 0.000170 -0.000854 0.005871
v 0.000224 -0.001126 0.005772
v 0.000276 -0.001387 0.005646
v 0.000325 -0.001635 0.005494
v 0.000371 -0.001867 0.005319
v 0.000414 -0.002081 0.005121
v 0.000452 -0.002274 0.004903
v 0.000487 -0.002446 0.004667
v 0.000516 -0.002595 0.004414
v 0.000541 -0.002718 0.004148
v 0.000560 -0.002816 0.003871
v 0.000574 -0.002886 0.003585
v 0.000582 -0.002928 0.003294
v 0.000585 -0.002942 0.003000
v 0.000582 -0.002928 0.002706
v 0.000574 -0.002886 0.002415
v 0.000560 -0.002816 0.002129
v 0.000541 -0.002718 0.001852
v 0.000516 -0.002595 0.001586
v 0.000487 -0.002446 0.001333
v 0.000452 -0.002274 0.001097
v 0.000414 -0.002081 0.000879
v 0.000371 -0.001867 0.000681
v 0.000325 -0.001635 0.000506
v 0.000276 -0.001387 0.000354
v 0.000224 -0.001126 0.000228
v 0.000170 -0.000854 0.000129
v 0.000114 -0.000574 0.000058
v 0.000057 -0.000288 0.000014
v 0.000029 -0.000293 0.005986
v 0.000057 -0.000582 0.005942
v 0.000085 -0.000867 0.005871
v 0.000113 -0.001143 0.005772
v 0.000139 -0.001407 0.005646
v 0.000163 -0.001659 0.005494
v 0.000187 -0.001894 0.005319
v 0.000208 -0.002111 0.005121
v 0.000227 -0.002308 0.004903
v 0.000244 -0.002482 0.004667
v 0.000259 -0.002633 0.004414
v 0.000272 -0.002758 0.004148
v 0.000281 -0.002857 0.003871
v 0.000288 -0.002928 0.003585
v 0.000293 -0.002971 0.003294
v 0.000294 -0.002986 0.003000
v 0.000293 -0.002971 0.002706
v 0.000288 -0.002928 0.002415
v 0.000281 -0.002857 0.002129
v 0.000272 -0.002758 0.001852
v 0.000259 -0.002633 0.001586
v 0.000244 -0.002482 0.001333
v 0.000227 -0.002308 0.001097
v 0.000208 -0.002111 0.000879
v 0.000187 -0.001894 0.000681
v 0.000163 -0.001659 0.000506
v 0.000139 -0.001407 0.000354
v 0.000113 -0.001143 0.000228
v 0.000085 -0.000867 0.000129
v 0.000057 -0.000582 0.000058
v 0.000029 -0.000293 0.000014
v -0.000000 -0.000294 0.005986
v -0.000000 -0.000585 0.005942
v -0.000000 -0.000871 0.005871
v -0.000000 -0.001148 0.005772
v -0.000000 -0.001414 0.005646
v 0.000000 -0.001667 0.005494
v -0.000000 -0.001903 0.005319
v -0.000000 -0.002121 0.005121
v 0.000000 -0.002319 0.004903
v -0.000000 -0.002494 0.004667
v 0.000000 -0.002646 0.004414
v 0.000000 -0.002772 0.004148
v -0.000000 -0.002871 0.003871
v -0.000000 -0.002942 0.003585
v -0.000000 -0.002986 0.003294
v 0.000000 -0.003000 0.003000
v -0.000000 -0.002986 0.002706
v -0.000000 -0.002942 0.002415
v -0.000000 -0.002871 0.002129
v 0.000000 -0.002772 0.001852
v 0.000000 -0.002646 0.001586
v -0.000000 -0.002494 0.001333
v 0.000000 -0.002319 0.001097
v -0.000000 -0.002121 0.000879
v -0.000000 -0.001903 0.000681
v 0.000000 -0.001667 0.000506
v -0.000000 -0.001414 0.000354
v -0.000000 -0.001148 0.000228
v -0.000000 -0.000871 0.000129
v -0.000000 -0.000585 0.000058
v -0.000000 -0.000294 0.000014
v -0.000029 -0.000293 0.005986
v -0.000057 -0.000582 0.005942
v -0.000085 -0.000867 0.005871
v -0.000113 -0.001143 0.005772
v -0.000139 -0.001407 0.005646
v -0.000163 -0.001659 0.005494
v -0.000187 -0.001894 0.005319
v -0.000208 -0.002111 0.005121
v -0.000227 -0.002308 0.004903
v -0.000244 -0.002482 0.004667
v -0.000259 -0.002633 0.004414
v -0.000272 -0.002758 0.004148
v -0.000281 -0.002857 0.003871
v -0.000288 -0.002928 0.003585
v -0.000293 -0.002971 0.003294
v -0.000294 -0.002986 0.003000
v -0.000293 -0.002971 0.002706
v -0.000288 -0.002928 0.002415
v -0.000281 -0.002857 0.002129
v -0.000272 -0.002758 0.001852
v -0.000259 -0.002633 0.001586
v -0.000244 -0.002482 0.001333
v -0.000227 -0.002308 0.001097
v -0.000208 -0.002111 0.000879
v -0.000187 -0.001894 0.000681
v -0.000163 -0.001659 0.000506
v -0.000139 -0.001407 0.000354
v -0.000113 -0.001143 0.000228
v -0.000085 -0.000867 0.000129
v -0.000057 -0.000582 0.000058
v -0.000029 -0.000293 0.000014
v -0.000057 -0.000288 0.005986
v -0.000114 -0.000574 0.005942
v -0.000170 -0.000854 0.005871
v -0.000224 -0.001126 0.005772
v -0.000276 -0.001387 0.005646
v -0.000325 -0.001635 0.005494
v -0.000371 -0.001867 0.005319
v -0.000414 -0.002081 0.005121
v -0.000452 -0.002274 0.004903
v -0.000487 -0.002446 0.004667
v -0.000516 -0.002595 0.004414
v -0.000541 -0.002718 0.004148
v -0.000560 -0.002816 0.003871
v -0.000574 -0.002886 0.003585
v -0.000582 -0.002928 0.003294
v -0.000585 -0.002942 0.003000
v -0.000582 -0.002928 0.002706
v -0.000574 -0.002886 0.002415
v -0.000560 -0.002816 0.002129
v -0.000541 -0.002718 0.001852
v -0.000516 -0.002595 0.001586
v -0.000487 -0.002446 0.001333
v -0.000452 -0.002274 0.001097
v -0.000414 -0.002081 0.000879
v -0.000371 -0.001867 0.000681
v -0.000325 -0.001635 0.000506
v -0.000276 -0.001387 0.000354
v -0.000224 -0.001126 0.000228
v -0.000170 -0.000854 0.000129
v -0.000114 -0.000574 0.000058
v -0.000057 -0.000288 0.000014
v 0.000000 0.000000 0.006000
v -0.000085 -0.000281 0.005986
v -0.000170 -0.000560 0.005942
v -0.000253 -0.000833 0.005871
v -0.000333 -0.001099 0.005772
v -0.000411 -0.001353 0.005646
v -0.000484 -0.001595 0.005494
v -0.000552 -0.001821 0.005319
v -0.000616 -0.002030 0.005121
v -0.000673 -0.002219 0.004903
v -0.000724 -0.002387 0.004667
v -0.000768 -0.002532 0.004414
v -0.000805 -0.002652 0.004148
v -0.000833 -0.002747 0.003871
v -0.000854 -0.002816 0.003585
v -0.000867 -0.002857 0.003294
v -0.000871 -0.002871 0.003000
v -0.000867 -0.002857 0.002706
v -0.000854 -0.002816 0.002415
v -0.000833 -0.002747 0.002129
v -0.000805 -0.002652 0.001852
v -0.000768 -0.002532 0.001586
v -0.000724 -0.002387 0.001333
v -0.000673 -0.002219 0.001097
v -0.000616 -0.002030 0.000879
v -0.000552 -0.001821 0.000681
v -0.000484 -0.001595 0.000506
v -0.000411 -0.001353 0.000354
v -0.000333 -0.001099 0.000228
v -0.000253 -0.000833 0.000129
v -0.000170 -0.000560 0.000058
v -0.000085 -0.000281 0.000014
v -0.000113 -0.000272 0.005986
v -0.000224 -0.000541 0.005942
v -0.000333 -0.000805 0.005871
v -0.000439 -0.001061 0.005772
v -0.000541 -0.001307 0.005646
v -0.000638 -0.001540 0.005494
v -0.000728 -0.001758 0.005319
v -0.000812 -0.001960 0.005121
v -0.000887 -0.002143 0.004903
v -0.000955 -0.002305 0.004667
v -0.001012 -0.002444 0.004414
v -0.001061 -0.002561 0.004148
v -0.001099 -0.002652 0.003871
v -0.001126 -0.002718 0.003585
v -0.001143 -0.002758 0.003294
v -0.001148 -0.002772 0.003000
v -0.001143 -0.002758 0.002706
v -0.001126 -0.002718 0.002415
v -0.001099 -0.002652 0.002129
v -0.001061 -0.002561 0.001852
v -0.001012 -0.002444 0.001586
v -0.000955 -0.002305 0.001333
v -0.000887 -0.002143 0.001097
v -0.000812 -0.001960 0.000879
v -0.000728 -0.001758 0.000681
v -0.000638 -0.001540 0.000506
v -0.000541 -0.001307 0.000354
v -0.000439 -0.001061 0.000228
v -0.000333 -0.000805 0.000129
v -0.000224 -0.000541 0.000058
v -0.000113 -0.000272 0.000014
v -0.000139 -0.000259 0.005986
v -0.000276 -0.000516 0.005942
v -0.000411 -0.000768 0.005871
v -0.000541 -0.001012 0.005772
v -0.000667 -0.001247 0.005646
v -0.000786 -0.001470 0.005494
v -0.000897 -0.001678 0.005319
v -0.001000 -0.001871 0.005121
v -0.001093 -0.002045 0.004903
v -0.001176 -0.002200 0.004667
v -0.001247 -0.002333 0.004414
v -0.001307 -0.002444 0.004148
v -0.001353 -0.002532 0.003871
v -0.001387 -0.002595 0.003585
v -0.001407 -0.002633 0.003294
v -0.001414 -0.002646 0.003000
v -0.001407 -0.002633 0.002706
v -0.001387 -0.002595 0.002415
v -0.001353 -0.002532 0.002129
v -0.001307 -0.002444 0.001852
v -0.001247 -0.002333 0.001586
v -0.001176 -0.002200 0.001333
v -0.001093 -0.002045 0.001097
v -0.001000 -0.001871 0.000879
v -0.000897 -0.001678 0.000681
v -0.000786 -0.001470 0.000506
v -0.000667 -0.001247 0.000354
v -0.000541 -0.001012 0.000228
v -0.000411 -0.000768 0.000129
v -0.000276 -0.000516 0.000058
v -0.000139 -0.000259 0.000014
v -0.000163 -0.000244 0.005986
v -0.000325 -0.000487 0.005942
v -0.000484 -0.000724 0.005871
v -0.000638 -0.000955 0.005772
v -0.000786 -0.001176 0.005646
v -0.000926 -0.001386 0.005494
v -0.001057 -0.001582 0.005319
v -0.001179 -0.001764 0.005121
v -0.001288 -0.001928 0.004903
v -0.001386 -0.002074 0.004667
v -0.001470 -0.002200 0.004414
v -0.001540 -0.002305 0.004148
v -0.001595 -0.002387 0.003871
v -0.001635 -0.002446 0.003585
v -0.001659 -0.002482 0.003294
v -0.001667 -0.002494 0.003000
v -0.001659 -0.002482 0.002706
v -0.001635 -0.002446 0.002415
v -0.001595 -0.002387 0.002129
v -0.001540 -0.002305 0.001852
v -0.001470 -0.002200 0.001586
v -0.001386 -0.002074 0.001333
v -0.001288 -0.001928 0.001097
v -0.001179 -0.001764 0.000879
v -0.001057 -0.001582 0.000681
v -0.000926 -0.001386 0.000506
v -0.000786 -0.001176 0.000354
v -0.000638 -0.000955 0.000228
v -0.000484 -0.000724 0.000129
v -0.000325 -0.000487 0.000058
v -0.000163 -0.000244 0.000014
v -0.000187 -0.000227 0.005986
v -0.000371 -0.000452 0.005942
v -0.000552 -0.000673 0.005871
v -0.000728 -0.000887 0.005772
v -0.000897 -0.001093 0.005646
v -0.001057 -0.001288 0.005494
v -0.001207 -0.001471 0.005319
v -0.001346 -0.001640 0.005121
v -0.001471 -0.001793 0.004903
v -0.001582 -0.001928 0.004667
v -0.001678 -0.002045 0.004414
v -0.001758 -0.002143 0.004148
v -0.001821 -0.002219 0.003871
v -0.001867 -0.002274 0.003585
v -0.001894 -0.002308 0.003294
v -0.001903 -0.002319 0.003000
v -0.001894 -0.002308 0.002706
v -0.001867 -0.002274 0.002415
v -0.001821 -0.002219 0.002129
v -0.001758 -0.002143 0.001852
v -0.001678 -0.002045 0.001586
v -0.001582 -0.001928 0.001333
v -0.001471 -0.001793 0.001097
v -0.001346 -0.001640 0.000879
v -0.001207 -0.001471 0.000681
v -0.001057 -0.001288 0.000506
v -0.000897 -0.001093 0.000354
v -0.000728 -0.000887 0.000228
v -0.000552 -0.000673 0.000129
v -0.000371 -0.000452 0.000058
v -0.000187 -0.000227 0.000014
v 0.000000 0.000000 0.000000
v -0.000208 -0.000208 0.005986
v -0.000414 -0.000414 0.005942
v -0.000616 -0.000616 0.005871
v -0.000812 -0.000812 0.005772
v -0.001000 -0.001000 0.005646
v -0.001179 -0.001179 0.005494
v -0.001346 -0.001346 0.005319
v -0.001500 -0.001500 0.005121
v -0.001640 -0.001640 0.004903
v -0.001764 -0.001764 0.004667
v -0.001871 -0.001871 0.004414
v -0.001960 -0.001960 0.004148
v -0.002030 -0.002030 0.003871
v -0.002081 -0.002081 0.003585
v -0.002111 -0.002111 0.003294
v -0.002121 -0.002121 0.003000
v -0.002111 -0.002111 0.002706
v -0.002081 -0.002081 0.002415
v -0.002030 -0.002030 0.002129
v -0.001960 -0.001960 0.001852
v -0.001871 -0.001871 0.001586
v -0.001764 -0.001764 0.001333
v -0.001640 -0.001640 0.001097
v -0.001500 -0.001500 0.000879
v -0.001346 -0.001346 0.000681
v -0.001179 -0.001179 0.000506
v -0.001000 -0.001000 0.000354
v -0.000812 -0.000812 0.000228
v -0.000616 -0.000616 0.000129
v -0.000414 -0.000414 0.000058
v -0.000208 -0.000208 0.000014
v -0.000227 -0.000187 0.005986
v -0.000452 -0.000371 0.005942
v -0.000673 -0.000552 0.005871
v -0.000887 -0.000728 0.005772
v -0.001093 -0.000897 0.005646
v -0.001288 -0.001057 0.005494
v -0.001471 -0.001207 0.005319
v -0.001640 -0.001346 0.005121
v -0.001793 -0.001471 0.004903
v -0.001928 -0.001582 0.004667
v -0.002045 -0.001678 0.004414
v -0.002143 -0.001758 0.004148
v -0.002219 -0.001821 0.003871
v -0.002274 -0.001867 0.003585
v -0.002308 -0.001894 0.003294
v -0.002319 -0.001903 0.003000
v -0.002308 -0.001894 0.002706
v -0.002274 -0.001867 0.002415
v -0.002219 -0.001821 0.002129
v -0.002143 -0.001758 0.001852
v -0.002045 -0.001678 0.001586
v -0.001928 -0.001582 0.001333
v -0.001793 -0.001471 0.001097
v -0.001640 -0.001346 0.000879
v -0.001471 -0.001207 0.000681
v -0.001288 -0.001057 0.000506
v -0.001093 -0.000897 0.000354
v -0.000887 -0.000728 0.000228
v -0.000673 -0.000552 0.000129
v -0.000452 -0.000371 0.000058
v -0.000227 -0.000187 0.000014
v -0.000244 -0.000163 0.005986
v -0.000487 -0.000325 0.005942
v -0.000724 -0.000484 0.005871
v -0.000955 -0.000638 0.005772
v -0.001176 -0.000786 0.005646
v -0.001386 -0.000926 0.005494
v -0.001582 -0.001057 0.005319
v -0.001764 -0.001179 0.005121
v -0.001928 -0.001288 0.004903
v -0.002074 -0.001386 0.004667
v -0.002200 -0.001470 0.004414
v -0.002305 -0.001540 0.004148
v -0.002387 -0.001595 0.003871
v -0.002446 -0.001635 0.003585
v -0.002482 -0.001659 0.003294
v -0.002494 -0.001667 0.003000
v -0.002482 -0.001659 0.002706
v -0.002446 -0.001635 0.002415
v -0.002387 -0.001595 0.002129
v -0.002305 -0.001540 0.001852
v -0.002200 -0.001470 0.001586
v -0.002074 -0.001386 0.001333
v -0.001928 -0.001288 0.001097
v -0.001764 -0.001179 0.000879
v -0.001582 -0.001057 0.000681
v -0.001386 -0.000926 0.000506
v -0.001176 -0.000786 0.000354
v -0.000955 -0.000638 0.000228
v -0.000724 -0.000484 0.000129
v -0.000487 -0.000325 0.000058
v -0.000244 -0.000163 0.000014
v -0.000259 -0.000139 0.005986
v -0.000516 -0.000276 0.005942
v -0.000768 -0.000411 0.005871
v -0.001012 -0.000541 0.005772
v -0.001247 -0.000667 0.005646
v -0.001470 -0.000786 0.005494
v -0.001678 -0.000897 0.005319
v -0.001871 -0.001000 0.005121
v -0.002045 -0.001093 0.004903
v -0.002200 -0.001176 0.004667
v -0.002333 -0.001247 0.004414
v -0.002444 -0.001307 0.004148
v -0.002532 -0.001353 0.003871
v -0.002595 -0.001387 0.003585
v -0.002633 -0.001407 0.003294
v -0.002646 -0.001414 0.003000
v -0.002633 -0.001407 0.002706
v -0.002595 -0.001387 0.002415
v -0.002532 -0.001353 0.002129
v -0.002444 -0.001307 0.001852
v -0.002333 -0.001247 0.001586
v -0.002200 -0.001176 0.001333
v -0.002045 -0.001093 0.001097
v -0.001871 -0.001000 0.000879
v -0.001678 -0.000897 0.000681
v -0.001470 -0.000786 0.000506
v -0.001247 -0.000667 0.000354
v -0.001012 -0.000541 0.000228
v -0.000768 -0.000411 0.000129
v -0.000516 -0.000276 0.000058
v -0.000259 -0.000139 0.000014
v -0.000272 -0.000113 0.005986
v -0.000541 -0.000224 0.005942
v -0.000805 -0.000333 0.005871
v -0.001061 -0.000439 0.005772
v -0.001307 -0.000541 0.005646
v -0.001540 -0.000638 0.005494
v -0.001758 -0.000728 0.005319
v -0.001960 -0.000812 0.005121
v -0.002143 -0.000887 0.004903
v -0.002305 -0.000955 0.004667
v -0.002444 -0.001012 0.004414
v -0.002561 -0.001061 0.004148
v -0.002652 -0.001099 0.003871
v -0.002718 -0.001126 0.003585
v -0.002758 -0.001143 0.003294
v -0.002772 -0.001148 0.003000
v -0.002758 -0.001143 0.002706
v -0.002718 -0.001126 0.002415
v -0.002652 -0.001099 0.002129
v -0.002561 -0.001061 0.001852
v -0.002444 -0.001012 0.001586
v -0.002305 -0.000955 0.001333
v -0.002143 -0.000887 0.001097
v -0.001960 -0.000812 0.000879
v -0.001758 -0.000728 0.000681
v -0.001540 -0.000638 0.000506
v -0.001307 -0.000541 0.000354
v -0.001061 -0.000439 0.000228
v -0.000805 -0.000333 0.000129
v -0.000541 -0.000224 0.000058
v -0.000272 -0.000113 0.000014
v -0.000281 -0.000085 0.005986
v -0.000560 -0.000170 0.005942
v -0.000833 -0.000253 0.005871
v -0.001099 -0.000333 0.005772
v -0.001353 -0.000411 0.005646
v -0.001595 -0.000484 0.005494
v -0.001821 -0.000552 0.005319
v -0.002030 -0.000616 0.005121
v -0.002219 -0.000673 0.004903
v -0.002387 -0.000724 0.004667
v -0.002532 -0.000768 0.004414
v -0.002652 -0.000805 0.004148
v -0.002747 -0.000833 0.003871
v -0.002816 -0.000854 0.003585
v -0.002857 -0.000867 0.003294
v -0.002871 -0.000871 0.003000
v -0.002857 -0.000867 0.002706
v -0.002816 -0.000854 0.002415
v -0.002747 -0.000833 0.002129
v -0.002652 -0.000805 0.001852
v -0.002532 -0.000768 0.001586
v -0.002387 -0.000724 0.001333
v -0.002219 -0.000673 0.001097
v -0.002030 -0.000616 0.000879
v -0.001821 -0.000552 0.000681
v -0.001595 -0.000484 0.000506
v -0.001353 -0.000411 0.000354
v -0.001099 -0.000333 0.000228
v -0.000833 -0.000253 0.000129
v -0.000560 -0.000170 0.000058
v -0.000281 -0.000085 0.000014
v -0.000288 -0.000057 0.005986
v -0.000574 -0.000114 0.005942
v -0.000854 -0.000170 0.005871
v -0.001126 -0.000224 0.005772
v -0.001387 -0.000276 0.005646
v -0.001635 -0.000325 0.005494
v -0.001867 -0.000371 0.005319
v -0.002081 -0.000414 0.005121
v -0.002274 -0.000452 0.004903
v -0.002446 -0.000487 0.004667
v -0.002595 -0.000516 0.004414
v -0.002718 -0.000541 0.004148
v -0.002816 -0.000560 0.003871
v -0.002886 -0.000574 0.003585
v -0.002928 -0.000582 0.003294
v -0.002942 -0.000585 0.003000
v -0.002928 -0.000582 0.002706
v -0.002886 -0.000574 0.002415
v -0.002816 -0.000560 0.002129
v -0.002718 -0.000541 0.001852
v -0.002595 -0.000516 0.001586
v -0.002446 -0.000487 0.001333
v -0.002274 -0.000452 0.001097
v -0.002081 -0.000414 0.000879
v -0.001867 -0.000371 0.000681
v -0.001635 -0.000325 0.000506
v -0.001387 -0.000276 0.000354
v -0.001126 -0.000224 0.000228
v -0.000854 -0.000170 0.000129
v -0.000574 -0.000114 0.000058
v -0.000288 -0.000057 0.000014
v -0.000293 -0.000029 0.005986
v -0.000582 -0.000057 0.005942
v -0.000867 -0.000085 0.005871
v -0.001143 -0.000113 0.005772
v -0.001407 -0.000139 0.005646
v -0.001659 -0.000163 0.005494
v -0.001894 -0.000187 0.005319
v -0.002111 -0.000208 0.005121
v -0.002308 -0.000227 0.004903
v -0.002482 -0.000244 0.004667
v -0.002633 -0.000259 0.004414
v -0.002758 -0.000272 0.004148
v -0.002857 -0.000281 0.003871
v -0.002928 -0.000288 0.003585
v -0.002971 -0.000293 0.003294
v -0.002986 -0.000294 0.003000
v -0.002971 -0.000293 0.002706
v -0.002928 -0.000288 0.002415
v -0.002857 -0.000281 0.002129
v -0.002758 -0.000272 0.001852
v -0.002633 -0.000259 0.001586
v -0.002482 -0.000244 0.001333
v -0.002308 -0.000227 0.001097
v -0.002111 -0.000208 0.000879
v -0.001894 -0.000187 0.000681
v -0.001659 -0.000163 0.000506
v -0.001407 -0.000139 0.000354
v -0.001143 -0.000113 0.000228
v -0.000867 -0.000085 0.000129
v -0.000582 -0.000057 0.000058
v -0.000293 -0.000029 0.000014
v -0.000294 0.000000 0.005986
v -0.000585 0.000000 0.005942
v -0.000871 0.000000 0.005871
v -0.001148 0.000000 0.005772
v -0.001414 0.000000 0.005646
v -0.001667 -0.000000 0.005494
v -0.001903 0.000000 0.005319
v -0.002121 0.000000 0.005121
v -0.002319 -0.000000 0.004903
v -0.002494 0.000000 0.004667
v -0.002646 -0.000000 0.004414
v -0.002772 -0.000000 0.004148
v -0.002871 0.000000 0.003871
v -0.002942 0.000000 0.003585
v -0.002986 0.000000 0.003294
v -0.003000 -0.000000 0.003000
v -0.002986 0.000000 0.002706
v -0.002942 0.000000 0.002415
v -0.002871 0.000000 0.002129
v -0.002772 -0.000000 0.001852
v -0.002646 -0.000000 0.001586
v -0.002494 0.000000 0.001333
v -0.002319 -0.000000 0.001097
v -0.002121 0.000000 0.000879
v -0.001903 0.000000 0.000681
v -0.001667 -0.000000 0.000506
v -0.001414 0.000000 0.000354
v -0.001148 0.000000 0.000228
v -0.000871 0.000000 0.000129
v -0.000585 0.000000 0.000058
v -0.000294 0.000000 0.000014
v -0.000293 0.000029 0.005986
v -0.000582 0.000057 0.005942
v -0.000867 0.000085 0.005871
v -0.001143 0.000113 0.005772
v -0.001407 0.000139 0.005646
v -0.001659 0.000163 0.005494
v -0.001894 0.000187 0.005319
v -0.002111 0.000208 0.005121
v -0.002308 0.000227 0.004903
v -0.002482 0.000244 0.004667
v -0.002633 0.000259 0.004414
v -0.002758 0.000272 0.004148
v -0.002857 0.000281 0.003871
v -0.002928 0.000288 0.003585
v -0.002971 0.000293 0.003294
v -0.002986 0.000294 0.003000
v -0.002971 0.000293 0.002706
v -0.002928 0.000288 0.002415
v -0.002857 0.000281 0.002129
v -0.002758 0.000272 0.001852
v -0.002633 0.000259 0.001586
v -0.002482 0.000244 0.001333
v -0.002308 0.000227 0.001097
v -0.002111 0.000208 0.000879
v -0.001894 0.000187 0.000681
v -0.001659 0.000163 0.000506
v -0.001407 0.000139 0.000354
v -0.001143 0.000113 0.000228
v -0.000867 0.000085 0.000129
v -0.000582 0.000057 0.000058
v -0.000293 0.000029 0.000014
v -0.000288 0.000057 0.005986
v -0.000574 0.000114 0.005942
v -0.000854 0.000170 0.005871
v -0.001126 0.000224 0.005772
v -0.001387 0.000276 0.005646
v -0.001635 0.000325 0.005494
v -0.001867 0.000371 0.005319
v -0.002081 0.000414 0.005121
v -0.002274 0.000452 0.004903
v -0.002446 0.000487 0.004667
v -0.002595 0.000516 0.004414
v -0.002718 0.000541 0.004148
v -0.002816 0.000560 0.003871
v -0.002886 0.000574 0.003585
v -0.002928 0.000582 0.003294
v -0.002942 0.000585 0.003000
v -0.002928 0.000582 0.002706
v -0.002886 0.000574 0.002415
v -0.002816 0.000560 0.002129
v -0.002718 0.000541 0.001852
v -0.002595 0.000516 0.001586
v -0.002446 0.000487 0.001333
v -0.002274 0.000452 0.001097
v -0.002081 0.000414 0.000879
v -0.001867 0.000371 0.000681
v -0.001635 0.000325 0.000506
v -0.001387 0.000276 0.000354
v -0.001126 0.000224 0.000228
v -0.000854 0.000170 0.000129
v -0.000574 0.000114 0.000058
v -0.000288 0.000057 0.000014
v -0.000281 0.000085 0.005986
v -0.000560 0.000170 0.005942
v -0.000833 0.000253 0.005871
v -0.001099 0.000333 0.005772
v -0.001353 0.000411 0.005646
v -0.001595 0.000484 0.005494
v -0.001821 0.000552 0.005319
v -0.002030 0.000616 0.005121
v -0.002219 0.000673 0.004903
v -0.002387 0.000724 0.004667
v -0.002532 0.000768 0.004414
v -0.002652 0.000805 0.004148
v -0.002747 0.000833 0.003871
v -0.002816 0.000854 0.003585
v -0.002857 0.000867 0.003294
v -0.002871 0.000871 0.003000
v -0.002857 0.000867 0.002706
v -0.002816 0.000854 0.002415
v -0.002747 0.000833 0.002129
v -0.002652 0.000805 0.001852
v -0.002532 0.000768 0.001586
v -0.002387 0.000724 0.001333
v -0.002219 0.000673 0.001097
v -0.002030 0.000616 0.000879
v -0.001821 0.000552 0.000681
v -0.001595 0.000484 0.000506
v -0.001353 0.000411 0.000354
v -0.001099 0.000333 0.000228
v -0.000833 0.000253 0.000129
v -0.000560 0.000170 0.000058
v -0.000281 0.000085 0.000014
v -0.000272 0.000113 0.005986
v -0.000541 0.000224 0.005942
v -0.000805 0.000333 0.005871
v -0.001061 0.000439 0.005772
v -0.001307 0.000541 0.005646
v -0.001540 0.000638 0.005494
v -0.001758 0.000728 0.005319
v -0.001960 0.000812 0.005121
v -0.002143 0.000887 0.004903
v -0.002305 0.000955 0.004667
v -0.002444 0.001012 0.004414
v -0.002561 0.001061 0.004148
v -0.002652 0.001099 0.003871
v -0.002718 0.001126 0.003585
v -0.002758 0.001143 0.003294
v -0.002772 0.001148 0.003000
v -0.002758 0.001143 0.002706
v -0.002718 0.001126 0.002415
v -0.002652 0.001099 0.002129
v -0.002561 0.001061 0.001852
v -0.002444 0.001012 0.001586
v -0.002305 0.000955 0.001333
v -0.002143 0.000887 0.001097
v -0.001960 0.000812 0.000879
v -0.001758 0.000728 0.000681
v -0.001540 0.000638 0.000506
v -0.001307 0.000541 0.000354
v -0.001061 0.000439 0.000228
v -0.000805 0.000333 0.000129
v -0.000541 0.000224 0.000058
v -0.000272 0.000113 0.000014
v -0.000259 0.000139 0.005986
v -0.000516 0.000276 0.005942
v -0.000768 0.000411 0.005871
v -0.001012 0.000541 0.005772
v -0.001247 0.000667 0.005646
v -0.001470 0.000786 0.005494
v -0.001678 0.000897 0.005319
v -0.001871 0.001000 0.005121
v -0.002045 0.001093 0.004903
v -0.002200 0.001176 0.004667
v -0.002333 0.001247 0.004414
v -0.002444 0.001307 0.004148
v -0.002532 0.001353 0.003871
v -0.002595 0.001387 0.003585
v -0.002633 0.001407 0.003294
v -0.002646 0.001414 0.003000
v -0.002633 0.001407 0.002706
v -0.002595 0.001387 0.002415
v -0.002532 0.001353 0.002129
v -0.002444 0.001307 0.001852
v -0.002333 0.001247 0.001586
v -0.002200 0.001176 0.001333
v -0.002045 0.001093 0.001097
v -0.001871 0.001000 0.000879
v -0.001678 0.000897 0.000681
v -0.001470 0.000786 0.000506
v -0.001247 0.000667 0.000354
v -0.001012 0.000541 0.000228
v -0.000768 0.000411 0.000129
v -0.000516 0.000276 0.000058
v -0.000259 0.000139 0.000014
v -0.000244 0.000163 0.005986
v -0.000487 0.000325 0.005942
v -0.000724 0.000484 0.005871
v -0.000955 0.000638 0.005772
v -0.001176 0.000786 0.005646
v -0.001386 0.000926 0.005494
v -0.001582 0.001057 0.005319
v -0.001764 0.001179 0.005121
v -0.001928 0.001288 0.004903
v -0.002074 0.001386 0.004667
v -0.002200 0.001470 0.004414
v -0.002305 0.001540 0.004148
v -0.002387 0.001595 0.003871
v -0.002446 0.001635 0.003585
v -0.002482 0.001659 0.003294
v -0.002494 0.001667 0.003000
v -0.002482 0.001659 0.002706
v -0.002446 0.001635 0.002415
v -0.002387 0.001595 0.002129
v -0.002305 0.001540 0.001852
v -0.002200 0.001470 0.001586
v -0.002074 0.001386 0.001333
v -0.001928 0.001288 0.001097
v -0.001764 0.001179 0.000879
v -0.001582 0.001057 0.000681
v -0.001386 0.000926 0.000506
v -0.001176 0.000786 0.000354
v -0.000955 0.000638 0.000228
v -0.000724 0.000484 0.000129
v -0.000487 0.000325 0.000058
v -0.000244 0.000163 0.000014
v -0.000227 0.000187 0.005986
v -0.000452 0.000371 0.005942
v -0.000673 0.000552 0.005871
v -0.000887 0.000728 0.005772
v -0.001093 0.000897 0.005646
v -0.001288 0.001057 0.005494
v -0.001471 0.001207 0.005319
v -0.001640 0.001346 0.005121
v -0.001793 0.001471 0.004903
v -0.001928 0.001582 0.004667
v -0.002045 0.001678 0.004414
v -0.002143 0.001758 0.004148
v -0.002219 0.001821 0.003871
v -0.002274 0.001867 0.003585
v -0.002308 0.001894 0.003294
v -0.002319 0.001903 0.003000
v -0.002308 0.001894 0.002706
v -0.002274 0.001867 0.002415
v -0.002219 0.001821 0.002129
v -0.002143 0.001758 0.001852
v -0.002045 0.001678 0.001586
v -0.001928 0.001582 0.001333
v -0.001793 0.001471 0.001097
v -0.001640 0.001346 0.000879
v -0.001471 0.001207 0.000681
v -0.001288 0.001057 0.000506
v -0.001093 0.000897 0.000354
v -0.000887 0.000728 0.000228
v -0.000673 0.000552 0.000129
v -0.000452 0.000371 0.000058
v -0.000227 0.000187 0.000014
v -0.000208 0.000208 0.005986
v -0.000414 0.000414 0.005942
v -0.000616 0.000616 0.005871
v -0.000812 0.000812 0.005772
v -0.001000 0.001000 0.005646
v -0.001179 0.001179 0.005494
v -0.001346 0.001346 0.005319
v -0.001500 0.001500 0.005121
v -0.001640 0.001640 0.004903
v -0.001764 0.001764 0.004667
v -0.001871 0.001871 0.004414
v -0.001960 0.001960 0.004148
v -0.002030 0.002030 0.003871
v -0.002081 0.002081 0.003585
v -0.002111 0.002111 0.003294
v -0.002121 0.002121 0.003000
v -0.002111 0.002111 0.002706
v -0.002081 0.002081 0.002415
v -0.002030 0.002030 0.002129
v -0.001960 0.001960 0.001852
v -0.001871 0.001871 0.001586
v -0.001764 0.001764 0.001333
v -0.001640 0.001640 0.001097
v -0.001500 0.001500 0.000879
v -0.001346 0.001346 0.000681
v -0.001179 0.001179 0.000506
v -0.001000 0.001000 0.000354
v -0.000812 0.000812 0.000228
v -0.000616 0.000616 0.000129
v -0.000414 0.000414 0.000058
v -0.000208 0.000208 0.000014
v -0.000187 0.000227 0.005986
v -0.000371 0.000452 0.005942
v -0.000552 0.000673 0.005871
v -0.000728 0.000887 0.005772
v -0.000897 0.001093 0.005646
v -0.001057 0.001288 0.005494
v -0.001207 0.001471 0.005319
v -0.001346 0.001640 0.005121
v -0.001471 0.001793 0.004903
v -0.001582 0.001928 0.004667
v -0.001678 0.002045 0.004414
v -0.001758 0.002143 0.004148
v -0.001821 0.002219 0.003871
v -0.001867 0.002274 0.003585
v -0.001894 0.002308 0.003294
v -0.001903 0.002319 0.003000
v -0.001894 0.002308 0.002706
v -0.001867 0.002274 0.002415
v -0.001821 0.002219 0.002129
v -0.001758 0.002143 0.001852
v -0.001678 0.002045 0.001586
v -0.001582 0.001928 0.001333
v -0.001471 0.001793 0.001097
v -0.001346 0.001640 0.000879
v -0.001207 0.001471 0.000681
v -0.001057 0.001288 0.000506
v -0.000897 0.001093 0.000354
v -0.000728 0.000887 0.000228
v -0.000552 0.000673 0.000129
v -0.000371 0.000452 0.000058
v -0.000187 0.000227 0.000014
v -0.000163 0.000244 0.005986
v -0.000325 0.000487 0.005942
v -0.000484 0.000724 0.005871
v -0.000638 0.000955 0.005772
v -0.000786 0.001176 0.005646
v -0.000926 0.001386 0.005494
v -0.001057 0.001582 0.005319
v -0.001179 0.001764 0.005121
v -0.001288 0.001928 0.004903
v -0.001386 0.002074 0.004667
v -0.001470 0.002200 0.004414
v -0.001540 0.002305 0.004148
v -0.001595 0.002387 0.003871
v -0.001635 0.002446 0.003585
v -0.001659 0.002482 0.003294
v -0.001667 0.002494 0.003000
v -0.001659 0.002482 0.002706
v -0.001635 0.002446 0.002415
v -0.001595 0.002387 0.002129
v -0.001540 0.002305 0.001852
v -0.001470 0.002200 0.001586
v -0.001386 0.002074 0.001333
v -0.001288 0.001928 0.001097
v -0.001179 0.001764 0.000879
v -0.001057 0.001582 0.000681
v -0.000926 0.001386 0.000506
v -0.000786 0.001176 0.000354
v -0.000638 0.000955 0.000228
v -0.000484 0.000724 0.000129
v -0.000325 0.000487 0.000058
v -0.000163 0.000244 0.000014
v -0.000139 0.000259 0.005986
v -0.000276 0.000516 0.005942
v -0.000411 0.000768 0.005871
v -0.000541 0.001012 0.005772
v -0.000667 0.001247 0.005646
v -0.000786 0.001470 0.005494
v -0.000897 0.001678 0.005319
v -0.001000 0.001871 0.005121
v -0.001093 0.002045 0.004903
v -0.001176 0.002200 0.004667
v -0.001247 0.002333 0.004414
v -0.001307 0.002444 0.004148
v -0.001353 0.002532 0.003871
v -0.001387 0.002595 0.003585
v -0.001407 0.002633 0.003294
v -0.001414 0.002646 0.003000
v -0.001407 0.002633 0.002706
v -0.001387 0.002595 0.002415
v -0.001353 0.002532 0.002129
v -0.001307 0.002444 0.001852
v -0.001247 0.002333 0.001586
v -0.001176 0.002200 0.001333
v -0.001093 0.002045 0.001097
v -0.001000 0.001871 0.000879
v -0.000897 0.001678 0.000681
v -0.000786 0.001470 0.000506
v -0.000667 0.001247 0.000354
v -0.000541 0.001012 0.000228
v -0.000411 0.000768 0.000129
v -0.000276 0.000516 0.000058
v -0.000139 0.000259 0.000014
v -0.000113 0.000272 0.005986
v -0.000224 0.000541 0.005942
v -0.000333 0.000805 0.005871
v -0.000439 0.001061 0.005772
v -0.000541 0.001307 0.005646
v -0.000638 0.001540 0.005494
v -0.000728 0.001758 0.005319
v -0.000812 0.001960 0.005121
v -0.000887 0.002143 0.004903
v -0.000955 0.002305 0.004667
v -0.001012 0.002444 0.004414
v -0.001061 0.002561 0.004148
v -0.001099 0.002652 0.003871
v -0.001126 0.002718 0.003585
v -0.001143 0.002758 0.003294
v -0.001148 0.002772 0.003000
v -0.001143 0.002758 0.002706
v -0.001126 0.002718 0.002415
v -0.001099 0.002652 0.002129
v -0.001061 0.002561 0.001852
v -0.001012 0.002444 0.001586
v -0.000955 0.002305 0.001333
v -0.000887 0.002143 0.001097
v -0.000812 0.001960 0.000879
v -0.000728 0.001758 0.000681
v -0.000638 0.001540 0.000506
v -0.000541 0.001307 0.000354
v -0.000439 0.001061 0.000228
v -0.000333 0.000805 0.000129
v -0.000224 0.000541 0.000058
v -0.000113 0.000272 0.000014
v -0.000085 0.000281 0.005986
v -0.000170 0.000560 0.005942
v -0.000253 0.000833 0.005871
v -0.000333 0.001099 0.005772
v -0.000411 0.001353 0.005646
v -0.000484 0.001595 0.005494
v -0.000552 0.001821 0.005319
v -0.000616 0.002030 0.005121
v -0.000673 0.002219 0.004903
v -0.000724 0.002387 0.004667
v -0.000768 0.002532 0.004414
v -0.000805 0.002652 0.004148
v -0.000833 0.002747 0.003871
v -0.000854 0.002816 0.003585
v -0.000867 0.002857 0.003294
v -0.000871 0.002871 0.003000
v -0.000867 0.002857 0.002706
v -0.000854 0.002816 0.002415
v -0.000833 0.002747 0.002129
v -0.000805 0.002652 0.001852
v -0.000768 0.002532 0.001586
v -0.000724 0.002387 0.001333
v -0.000673 0.002219 0.001097
v -0.000616 0.002030 0.000879
v -0.000552 0.001821 0.000681
v -0.000484 0.001595 0.000506
v -0.000411 0.001353 0.000354
v -0.000333 0.001099 0.000228
v -0.000253 0.000833 0.000129
v -0.000170 0.000560 0.000058
v -0.000085 0.000281 0.000014
v -0.000057 0.000288 0.005986
v -0.000114 0.000574 0.005942
v -0.000170 0.000854 0.005871
v -0.000224 0.001126 0.005772
v -0.000276 0.001387 0.005646
v -0.000325 0.001635 0.005494
v -0.000371 0.001867 0.005319
v -0.000414 0.002081 0.005121
v -0.000452 0.002274 0.004903
v -0.000487 0.002446 0.004667
v -0.000516 0.002595 0.004414
v -0.000541 0.002718 0.004148
v -0.000560 0.002816 0.003871
v -0.000574 0.002886 0.003585
v -0.000582 0.002928 0.003294
v -0.000585 0.002942 0.003000
v -0.000582 0.002928 0.002706
v -0.000574 0.002886 0.002415
v -0.000560 0.002816 0.002129
v -0.000541 0.002718 0.001852
v -0.000516 0.002595 0.001586
v -0.000487 0.002446 0.001333
v -0.000452 0.002274 0.001097
v -0.000414 0.002081 0.000879
v -0.000371 0.001867 0.000681
v -0.000325 0.001635 0.000506
v -0.000276 0.001387 0.000354
v -0.000224 0.001126 0.000228
v -0.000170 0.000854 0.000129
v -0.000114 0.000574 0.000058
v -0.000057 0.000288 0.000014
v -0.000029 0.000293 0.005986
v -0.000057 0.000582 0.005942
v -0.000085 0.000867 0.005871
v -0.000113 0.001143 0.005772
v -0.000139 0.001407 0.005646
v -0.000163 0.001659 0.005494
v -0.000187 0.001894 0.005319
v -0.000208 0.002111 0.005121
v -0.000227 0.002308 0.004903
v -0.000244 0.002482 0.004667
v -0.000259 0.002633 0.004414
v -0.000272 0.002758 0.004148
v -0.000281 0.002857 0.003871
v -0.000288 0.002928 0.003585
v -0.000293 0.002971 0.003294
v -0.000294 0.002986 0.003000
v -0.000293 0.002971 0.002706
v -0.000288 0.002928 0.002415
v -0.000281 0.002857 0.002129
v -0.000272 0.002758 0.001852
v -0.000259 0.002633 0.001586
v -0.000244 0.002482 0.001333
v -0.000227 0.002308 0.001097
v -0.000208 0.002111 0.000879
v -0.000187 0.001894 0.000681
v -0.000163 0.001659 0.000506
v -0.000139 0.001407 0.000354
v -0.000113 0.001143 0.000228
v -0.000085 0.000867 0.000129
v -0.000057 0.000582 0.000058
v -0.000029 0.000293 0.000014
v 0.000000 0.001148 0.005772
v 0.000000 0.001414 0.005646
v -0.000000 0.001667 0.005494
v -0.000000 0.002319 0.004903
v 0.000000 0.002494 0.004667
v -0.000000 0.002646 0.004414
v -0.000000 0.002772 0.004148
v -0.000000 0.003000 0.003000
v 0.000000 0.002871 0.002129
v -0.000000 0.002772 0.001852
v -0.000000 0.002646 0.001586
v 0.000000 0.002494 0.001333
v -0.000000 0.002319 0.001097
v 0.000000 0.002121 0.000879
v -0.000000 0.001667 0.000506
v 0.000000 0.001148 0.000228
vn -0.0000 0.0995 0.9950
vn -0.0000 0.1966 0.9805
vn -0.0000 0.2917 0.9565
vn -0.0000 0.6353 0.7723
vn -0.0000 0.7079 0.7063
vn -0.0000 0.9571 0.2899
vn -0.0000 0.9808 0.1948
vn -0.0000 0.9952 0.0979
vn -0.0000 0.9952 -0.0979
vn -0.0000 0.9808 -0.1948
vn -0.0000 0.6353 -0.7723
vn -0.0000 0.4726 -0.8813
vn -0.0000 0.2917 -0.9565
vn -0.0000 0.1966 -0.9805
vn -0.0000 0.0995 -0.9950
vn 0.0098 0.0991 0.9950
vn 0.0193 0.1956 0.9805
vn 0.0286 0.2903 0.9565
vn 0.0376 0.3821 0.9233
vn 0.0463 0.4703 0.8813
vn 0.0546 0.5539 0.8308
vn 0.0623 0.6322 0.7723
vn 0.0694 0.7045 0.7063
vn 0.0758 0.7699 0.6336
vn 0.0815 0.8279 0.5549
vn 0.0865 0.8780 0.4708
vn 0.0906 0.9197 0.3821
vn 0.0938 0.9525 0.2899
vn 0.0961 0.9761 0.1948
vn 0.0975 0.9904 0.0979
vn 0.0980 0.9952 -0.0000
vn 0.0975 0.9904 -0.0979
vn 0.0961 0.9761 -0.1948
vn 0.0938 0.9525 -0.2899
vn 0.0906 0.9197 -0.3821
vn 0.0865 0.8780 -0.4708
vn 0.0815 0.8279 -0.5549
vn 0.0758 0.7699 -0.6336
vn 0.0694 0.7045 -0.7063
vn 0.0623 0.6322 -0.7723
vn 0.0546 0.5539 -0.8308
vn 0.0463 0.4703 -0.8813
vn 0.0376 0.3821 -0.9233
vn 0.0286 0.2903 -0.9565
vn 0.0193 0.1956 -0.9805
vn 0.0098 0.0991 -0.9950
vn 0.0194 0.0976 0.9950
vn 0.0383 0.1928 0.9805
vn 0.0569 0.2861 0.9565
vn 0.0749 0.3766 0.9233
vn 0.0922 0.4635 0.8813
vn 0.1086 0.5459 0.8308
vn 0.1239 0.6231 0.7723
vn 0.1381 0.6943 0.7063
vn 0.1509 0.7588 0.6336
vn 0.1623 0.8160 0.5549
vn 0.1721 0.8653 0.4708
vn 0.1803 0.9063 0.3821
vn 0.1867 0.9387 0.2899
vn 0.1914 0.9620 0.1948
vn 0.1942 0.9761 0.0979
vn 0.1951 0.9808 -0.0000
vn 0.1942 0.9761 -0.0979
vn 0.1914 0.9620 -0.1948
vn 0.1867 0.9387 -0.2899
vn 0.1803 0.9063 -0.3821
vn 0.1721 0.8653 -0.4708
vn 0.1623 0.8160 -0.5549
vn 0.1509 0.7588 -0.6336
vn 0.1381 0.6943 -0.7063
vn 0.1239 0.6231 -0.7723
vn 0.1086 0.5459 -0.8308
vn 0.0922 0.4635 -0.8813
vn 0.0749 0.3766 -0.9233
vn 0.0569 0.2861 -0.9565
vn 0.0383 0.1928 -0.9805
vn 0.0194 0.0976 -0.9950
vn 0.0289 0.0952 0.9950
vn 0.0571 0.1881 0.9805
vn 0.0847 0.2791 0.9565
vn 0.1115 0.3675 0.9233
vn 0.1372 0.4522 0.8813
vn 0.1616 0.5327 0.8308
vn 0.1844 0.6080 0.7723
vn 0.2055 0.6774 0.7063
vn 0.2246 0.7403 0.6336
vn 0.2415 0.7961 0.5549
vn 0.2561 0.8443 0.4708
vn 0.2683 0.8843 0.3821
vn 0.2778 0.9159 0.2899
vn 0.2847 0.9386 0.1948
vn 0.2889 0.9523 0.0979
vn 0.2903 0.9569 -0.0000
vn 0.2889 0.9523 -0.0979
vn 0.2847 0.9386 -0.1948
vn 0.2778 0.9159 -0.2899
vn 0.2683 0.8843 -0.3821
vn 0.2561 0.8443 -0.4708
vn 0.2415 0.7961 -0.5549
vn 0.2246 0.7403 -0.6336
vn 0.2055 0.6774 -0.7063
vn 0.1844 0.6080 -0.7723
vn 0.1616 0.5327 -0.8308
vn 0.1372 0.4522 -0.8813
vn 0.1115 0.3675 -0.9233
vn 0.0847 0.2791 -0.9565
vn 0.0571 0.1881 -0.9805
vn 0.0289 0.0952 -0.9950
vn 0.0381 0.0920 0.9950
vn 0.0752 0.1816 0.9805
vn 0.1116 0.2695 0.9565
vn 0.1469 0.3548 0.9233
vn 0.1809 0.4366 0.8813
vn 0.2130 0.5143 0.8308
vn 0.2431 0.5869 0.7723
vn 0.2709 0.6540 0.7063
vn 0.2961 0.7147 0.6336
vn 0.3184 0.7686 0.5549
vn 0.3376 0.8151 0.4708
vn 0.3536 0.8538 0.3821
vn 0.3663 0.8842 0.2899
vn 0.3754 0.9062 0.1948
vn 0.3808 0.9194 0.0979
vn 0.3827 0.9239 -0.0000
vn 0.3808 0.9194 -0.0979
vn 0.3754 0.9062 -0.1948
vn 0.3663 0.8842 -0.2899
vn 0.3536 0.8538 -0.3821
vn 0.3376 0.8151 -0.4708
vn 0.3184 0.7686 -0.5549
vn 0.2961 0.7147 -0.6336
vn 0.2709 0.6540 -0.7063
vn 0.2431 0.5869 -0.7723
vn 0.2130 0.5143 -0.8308
vn 0.1809 0.4366 -0.8813
vn 0.1469 0.3548 -0.9233
vn 0.1116 0.2695 -0.9565
vn 0.0752 0.1816 -0.9805
vn 0.0381 0.0920 -0.9950
vn 0.0469 0.0878 0.9950
vn 0.0927 0.1734 0.9805
vn 0.1375 0.2572 0.9565
vn 0.1810 0.3386 0.9233
vn 0.2228 0.4168 0.8813
vn 0.2624 0.4909 0.8308
vn 0.2995 0.5603 0.7723
vn 0.3337 0.6243 0.7063
vn 0.3647 0.6823 0.6336
vn 0.3922 0.7337 0.5549
vn 0.4159 0.7781 0.4708
vn 0.4356 0.8150 0.3821
vn 0.4512 0.8441 0.2899
vn 0.4624 0.8650 0.1948
vn 0.4691 0.8777 0.0979
vn 0.4714 0.8819 -0.0000
vn 0.4691 0.8777 -0.0979
vn 0.4624 0.8650 -0.1948
vn 0.4512 0.8441 -0.2899
vn 0.4356 0.8150 -0.3821
vn 0.4159 0.7781 -0.4708
vn 0.3922 0.7337 -0.5549
vn 0.3647 0.6823 -0.6336
vn 0.3337 0.6243 -0.7063
vn 0.2995 0.5603 -0.7723
vn 0.2624 0.4909 -0.8308
vn 0.2228 0.4168 -0.8813
vn 0.1810 0.3386 -0.9233
vn 0.1375 0.2572 -0.9565
vn 0.0927 0.1734 -0.9805
vn 0.0469 0.0878 -0.9950
vn 0.0553 0.0828 0.9950
vn 0.1092 0.1634 0.9805
vn 0.1621 0.2425 0.9565
vn 0.2133 0.3193 0.9233
vn 0.2626 0.3929 0.8813
vn 0.3092 0.4628 0.8308
vn 0.3530 0.5282 0.7723
vn 0.3933 0.5886 0.7063
vn 0.4298 0.6432 0.6336
vn 0.4622 0.6917 0.5549
vn 0.4902 0.7336 0.4708
vn 0.5134 0.7684 0.3821
vn 0.5317 0.7958 0.2899
vn 0.5449 0.8155 0.1948
vn 0.5529 0.8275 0.0979
vn 0.5556 0.8315 -0.0000
vn 0.5529 0.8275 -0.0979
vn 0.5449 0.8155 -0.1948
vn 0.5317 0.7958 -0.2899
vn 0.5134 0.7684 -0.3821
vn 0.4902 0.7336 -0.4708
vn 0.4622 0.6917 -0.5549
vn 0.4298 0.6432 -0.6336
vn 0.3933 0.5886 -0.7063
vn 0.3530 0.5282 -0.7723
vn 0.3092 0.4628 -0.8308
vn 0.2626 0.3929 -0.8813
vn 0.2133 0.3193 -0.9233
vn 0.1621 0.2425 -0.9565
vn 0.1092 0.1634 -0.9805
vn 0.0553 0.0828 -0.9950
vn 0.0631 0.0769 0.9950
vn 0.1247 0.1519 0.9805
vn 0.1850 0.2255 0.9565
vn 0.2436 0.2968 0.9233
vn 0.2998 0.3653 0.8813
vn 0.3531 0.4303 0.8308
vn 0.4030 0.4911 0.7723
vn 0.4491 0.5472 0.7063
vn 0.4908 0.5980 0.6336
vn 0.5278 0.6431 0.5549
vn 0.5597 0.6820 0.4708
vn 0.5862 0.7143 0.3821
vn 0.6072 0.7398 0.2899
vn 0.6222 0.7582 0.1948
vn 0.6313 0.7693 0.0979
vn 0.6344 0.7730 -0.0000
vn 0.6313 0.7693 -0.0979
vn 0.6222 0.7582 -0.1948
vn 0.6072 0.7398 -0.2899
vn 0.5862 0.7143 -0.3821
vn 0.5597 0.6820 -0.4708
vn 0.5278 0.6431 -0.5549
vn 0.4908 0.5980 -0.6336
vn 0.4491 0.5472 -0.7063
vn 0.4030 0.4911 -0.7723
vn 0.3531 0.4303 -0.8308
vn 0.2998 0.3653 -0.8813
vn 0.2436 0.2968 -0.9233
vn 0.1850 0.2255 -0.9565
vn 0.1247 0.1519 -0.9805
vn 0.0631 0.0769 -0.9950
vn 0.0704 0.0704 0.9950
vn 0.1390 0.1390 0.9805
vn 0.2063 0.2063 0.9565
vn 0.2715 0.2715 0.9233
vn 0.3342 0.3342 0.8813
vn 0.3936 0.3936 0.8308
vn 0.4492 0.4492 0.7723
vn 0.5005 0.5005 0.7063
vn 0.5470 0.5470 0.6336
vn 0.5883 0.5883 0.5549
vn 0.6239 0.6239 0.4708
vn 0.6534 0.6534 0.3821
vn 0.6768 0.6767 0.2899
vn 0.6936 0.6936 0.1948
vn 0.7037 0.7037 0.0979
vn 0.7071 0.7071 -0.0000
vn 0.7037 0.7037 -0.0979
vn 0.6936 0.6936 -0.1948
vn 0.6768 0.6767 -0.2899
vn 0.6534 0.6534 -0.3821
vn 0.6239 0.6239 -0.4708
vn 0.5883 0.5883 -0.5549
vn 0.5470 0.5470 -0.6336
vn 0.5005 0.5005 -0.7063
vn 0.4492 0.4492 -0.7723
vn 0.3936 0.3936 -0.8308
vn 0.3342 0.3342 -0.8813
vn 0.2715 0.2715 -0.9233
vn 0.2063 0.2063 -0.9565
vn 0.1390 0.1390 -0.9805
vn 0.0704 0.0704 -0.9950
vn 0.0769 0.0631 0.9950
vn 0.1519 0.1247 0.9805
vn 0.2255 0.1850 0.9565
vn 0.2968 0.2436 0.9233
vn 0.3653 0.2998 0.8813
vn 0.4303 0.3531 0.8308
vn 0.4911 0.4030 0.7723
vn 0.5472 0.4491 0.7063
vn 0.5980 0.4908 0.6336
vn 0.6431 0.5278 0.5549
vn 0.6820 0.5597 0.4708
vn 0.7143 0.5862 0.3821
vn 0.7398 0.6072 0.2899
vn 0.7582 0.6222 0.1948
vn 0.7693 0.6313 0.0979
vn 0.7730 0.6344 -0.0000
vn 0.7693 0.6313 -0.0979
vn 0.7582 0.6222 -0.1948
vn 0.7398 0.6072 -0.2899
vn 0.7143 0.5862 -0.3821
vn 0.6820 0.5597 -0.4708
vn 0.6431 0.5278 -0.5549
vn 0.5980 0.4908 -0.6336
vn 0.5472 0.4491 -0.7063
vn 0.4911 0.4030 -0.7723
vn 0.4303 0.3531 -0.8308
vn 0.3653 0.2998 -0.8813
vn 0.2968 0.2436 -0.9233
vn 0.2255 0.1850 -0.9565
vn 0.1519 0.1247 -0.9805
vn 0.0769 0.0631 -0.9950
vn 0.0828 0.0553 0.9950
vn 0.1634 0.1092 0.9805
vn 0.2425 0.1621 0.9565
vn 0.3193 0.2133 0.9233
vn 0.3929 0.2626 0.8813
vn 0.4628 0.3092 0.8308
vn 0.5282 0.3530 0.7723
vn 0.5886 0.3933 0.7063
vn 0.6432 0.4298 0.6336
vn 0.6917 0.4622 0.5549
vn 0.7336 0.4902 0.4708
vn 0.7684 0.5134 0.3821
vn 0.7958 0.5317 0.2899
vn 0.8155 0.5449 0.1948
vn 0.8275 0.5529 0.0979
vn 0.8315 0.5556 -0.0000
vn 0.8275 0.5529 -0.0979
vn 0.8155 0.5449 -0.1948
vn 0.7958 0.5317 -0.2899
vn 0.7684 0.5134 -0.3821
vn 0.7336 0.4902 -0.4708
vn 0.6917 0.4622 -0.5549
vn 0.6432 0.4298 -0.6336
vn 0.5886 0.3933 -0.7063
vn 0.5282 0.3530 -0.7723
vn 0.4628 0.3092 -0.8308
vn 0.3929 0.2626 -0.8813
vn 0.3193 0.2133 -0.9233
vn 0.2425 0.1621 -0.9565
vn 0.1634 0.1092 -0.9805
vn 0.0828 0.0553 -0.9950
vn 0.0878 0.0469 0.9950
vn 0.1734 0.0927 0.9805
vn 0.2572 0.1375 0.9565
vn 0.3386 0.1810 0.9233
vn 0.4168 0.2228 0.8813
vn 0.4909 0.2624 0.8308
vn 0.5603 0.2995 0.7723
vn 0.6243 0.3337 0.7063
vn 0.6823 0.3647 0.6336
vn 0.7337 0.3922 0.5549
vn 0.7781 0.4159 0.4708
vn 0.8150 0.4356 0.3821
vn 0.8441 0.4512 0.2899
vn 0.8650 0.4624 0.1948
vn 0.8777 0.4691 0.0979
vn 0.8819 0.4714 -0.0000
vn 0.8777 0.4691 -0.0979
vn 0.8650 0.4624 -0.1948
vn 0.8441 0.4512 -0.2899
vn 0.8150 0.4356 -0.3821
vn 0.7781 0.4159 -0.4708
vn 0.7337 0.3922 -0.5549
vn 0.6823 0.3647 -0.6336
vn 0.6243 0.3337 -0.7063
vn 0.5603 0.2995 -0.7723
vn 0.4909 0.2624 -0.8308
vn 0.4168 0.2228 -0.8813
vn 0.3386 0.1810 -0.9233
vn 0.2572 0.1375 -0.9565
vn 0.1734 0.0927 -0.9805
vn 0.0878 0.0469 -0.9950
vn 0.0920 0.0381 0.9950
vn 0.1816 0.0752 0.9805
vn 0.2695 0.1116 0.9565
vn 0.3548 0.1469 0.9233
vn 0.4366 0.1809 0.8813
vn 0.5143 0.2130 0.8308
vn 0.5869 0.2431 0.7723
vn 0.6540 0.2709 0.7063
vn 0.7147 0.2961 0.6336
vn 0.7686 0.3184 0.5549
vn 0.8151 0.3376 0.4708
vn 0.8538 0.3536 0.3821
vn 0.8842 0.3663 0.2899
vn 0.9062 0.3754 0.1948
vn 0.9194 0.3808 0.0979
vn 0.9239 0.3827 -0.0000
vn 0.9194 0.3808 -0.0979
vn 0.9062 0.3754 -0.1948
vn 0.8842 0.3663 -0.2899
vn 0.8538 0.3536 -0.3821
vn 0.8151 0.3376 -0.4708
vn 0.7686 0.3184 -0.5549
vn 0.7147 0.2961 -0.6336
vn 0.6540 0.2709 -0.7063
vn 0.5869 0.2431 -0.7723
vn 0.5143 0.2130 -0.8308
vn 0.4366 0.1809 -0.8813
vn 0.3548 0.1469 -0.9233
vn 0.2695 0.1116 -0.9565
vn 0.1816 0.0752 -0.9805
vn 0.0920 0.0381 -0.9950
vn 0.0953 0.0289 0.9950
vn 0.1881 0.0571 0.9805
vn 0.2791 0.0847 0.9565
vn 0.3675 0.1115 0.9233
vn 0.4522 0.1372 0.8813
vn 0.5327 0.1616 0.8308
vn 0.6080 0.1844 0.7723
vn 0.6774 0.2055 0.7063
vn 0.7403 0.2246 0.6336
vn 0.7961 0.2415 0.5549
vn 0.8443 0.2561 0.4708
vn 0.8843 0.2683 0.3821
vn 0.9159 0.2778 0.2899
vn 0.9386 0.2847 0.1948
vn 0.9523 0.2889 0.0979
vn 0.9569 0.2903 -0.0000
vn 0.9523 0.2889 -0.0979
vn 0.9386 0.2847 -0.1948
vn 0.9159 0.2778 -0.2899
vn 0.8843 0.2683 -0.3821
vn 0.8443 0.2561 -0.4708
vn 0.7961 0.2415 -0.5549
vn 0.7403 0.2246 -0.6336
vn 0.6774 0.2055 -0.7063
vn 0.6080 0.1844 -0.7723
vn 0.5327 0.1616 -0.8308
vn 0.4522 0.1372 -0.8813
vn 0.3675 0.1115 -0.9233
vn 0.2791 0.0847 -0.9565
vn 0.1881 0.0571 -0.9805
vn 0.0952 0.0289 -0.9950
vn 0.0976 0.0194 0.9950
vn 0.1928 0.0383 0.9805
vn 0.2861 0.0569 0.9565
vn 0.3766 0.0749 0.9233
vn 0.4635 0.0922 0.8813
vn 0.5459 0.1086 0.8308
vn 0.6231 0.1239 0.7723
vn 0.6943 0.1381 0.7063
vn 0.7588 0.1509 0.6336
vn 0.8160 0.1623 0.5549
vn 0.8653 0.1721 0.4708
vn 0.9063 0.1803 0.3821
vn 0.9387 0.1867 0.2899
vn 0.9620 0.1914 0.1948
vn 0.9761 0.1942 0.0979
vn 0.9808 0.1951 -0.0000
vn 0.9761 0.1942 -0.0979
vn 0.9620 0.1914 -0.1948
vn 0.9387 0.1867 -0.2899
vn 0.9063 0.1803 -0.3821
vn 0.8653 0.1721 -0.4708
vn 0.8160 0.1623 -0.5549
vn 0.7588 0.1509 -0.6336
vn 0.6943 0.1381 -0.7063
vn 0.6231 0.1239 -0.7723
vn 0.5459 0.1086 -0.8308
vn 0.4635 0.0922 -0.8813
vn 0.3766 0.0749 -0.9233
vn 0.2861 0.0569 -0.9565
vn 0.1928 0.0383 -0.9805
vn 0.0976 0.0194 -0.9950
vn 0.0991 0.0098 0.9950
vn 0.1956 0.0193 0.9805
vn 0.2903 0.0286 0.9565
vn 0.3821 0.0376 0.9233
vn 0.4703 0.0463 0.8813
vn 0.5539 0.0546 0.8308
vn 0.6322 0.0623 0.7723
vn 0.7045 0.0694 0.7063
vn 0.7699 0.0758 0.6336
vn 0.8279 0.0815 0.5549
vn 0.8780 0.0865 0.4708
vn 0.9197 0.0906 0.3821
vn 0.9525 0.0938 0.2899
vn 0.9761 0.0961 0.1948
vn 0.9904 0.0975 0.0979
vn 0.9952 0.0980 -0.0000
vn 0.9904 0.0975 -0.0979
vn 0.9761 0.0961 -0.1948
vn 0.9525 0.0938 -0.2899
vn 0.9197 0.0906 -0.3821
vn 0.8780 0.0865 -0.4708
vn 0.8279 0.0815 -0.5549
vn 0.7699 0.0758 -0.6336
vn 0.7045 0.0694 -0.7063
vn 0.6322 0.0623 -0.7723
vn 0.5539 0.0546 -0.8308
vn 0.4703 0.0463 -0.8813
vn 0.3821 0.0376 -0.9233
vn 0.2903 0.0286 -0.9565
vn 0.1956 0.0193 -0.9805
vn 0.0991 0.0098 -0.9950
vn 0.0995 -0.0000 0.9950
vn 0.1966 -0.0000 0.9805
vn 0.2917 -0.0000 0.9565
vn 0.3840 -0.0000 0.9233
vn 0.4726 -0.0000 0.8813
vn 0.5566 -0.0000 0.8308
vn 0.6353 -0.0000 0.7723
vn 0.7079 -0.0000 0.7063
vn 0.7736 -0.0000 0.6336
vn 0.8319 -0.0000 0.5549
vn 0.8823 -0.0000 0.4708
vn 0.9241 -0.0000 0.3821
vn 0.9571 -0.0000 0.2899
vn 0.9808 -0.0000 0.1948
vn 0.9952 -0.0000 0.0979
vn 1.0000 -0.0000 -0.0000
vn 0.9952 -0.0000 -0.0979
vn 0.9808 -0.0000 -0.1948
vn 0.9571 -0.0000 -0.2899
vn 0.9241 -0.0000 -0.3821
vn 0.8823 -0.0000 -0.4708
vn 0.8319 -0.0000 -0.5549
vn 0.7736 -0.0000 -0.6336
vn 0.7079 -0.0000 -0.7063
vn 0.6353 -0.0000 -0.7723
vn 0.5566 -0.0000 -0.8308
vn 0.4726 -0.0000 -0.8813
vn 0.3840 -0.0000 -0.9233
vn 0.2917 -0.0000 -0.9565
vn 0.1966 -0.0000 -0.9805
vn 0.0995 -0.0000 -0.9950
vn 0.0991 -0.0098 0.9950
vn 0.1956 -0.0193 0.9805
vn 0.2903 -0.0286 0.9565
vn 0.3821 -0.0376 0.9233
vn 0.4703 -0.0463 0.8813
vn 0.5539 -0.0546 0.8308
vn 0.6322 -0.0623 0.7723
vn 0.7045 -0.0694 0.7063
vn 0.7699 -0.0758 0.6336
vn 0.8279 -0.0815 0.5549
vn 0.8780 -0.0865 0.4708
vn 0.9197 -0.0906 0.3821
vn 0.9525 -0.0938 0.2899
vn 0.9761 -0.0961 0.1948
vn 0.9904 -0.0975 0.0979
vn 0.9952 -0.0980 -0.0000
vn 0.9904 -0.0975 -0.0979
vn 0.9761 -0.0961 -0.1948
vn 0.9525 -0.0938 -0.2899
vn 0.9197 -0.0906 -0.3821
vn 0.8780 -0.0865 -0.4708
vn 0.8279 -0.0815 -0.5549
vn 0.7699 -0.0758 -0.6336
vn 0.7045 -0.0694 -0.7063
vn 0.6322 -0.0623 -0.7723
vn 0.5539 -0.0546 -0.8308
vn 0.4703 -0.0463 -0.8813
vn 0.3821 -0.0376 -0.9233
vn 0.2903 -0.0286 -0.9565
vn 0.1956 -0.0193 -0.9805
vn 0.0991 -0.0098 -0.9950
vn 0.0976 -0.0194 0.9950
vn 0.1928 -0.0383 0.9805
vn 0.2861 -0.0569 0.9565
vn 0.3766 -0.0749 0.9233
vn 0.4635 -0.0922 0.8813
vn 0.5459 -0.1086 0.8308
vn 0.6231 -0.1239 0.7723
vn 0.6943 -0.1381 0.7063
vn 0.7588 -0.1509 0.6336
vn 0.8160 -0.1623 0.5549
vn 0.8653 -0.1721 0.4708
vn 0.9063 -0.1803 0.3821
vn 0.9387 -0.1867 0.2899
vn 0.9620 -0.1914 0.1948
vn 0.9761 -0.1942 0.0979
vn 0.9808 -0.1951 -0.0000
vn 0.9761 -0.1942 -0.0979
vn 0.9620 -0.1914 -0.1948
vn 0.9387 -0.1867 -0.2899
vn 0.9063 -0.1803 -0.3821
vn 0.8653 -0.1721 -0.4708
vn 0.8160 -0.1623 -0.5549
vn 0.7588 -0.1509 -0.6336
vn 0.6943 -0.1381 -0.7063
vn 0.6231 -0.1239 -0.7723
vn 0.5459 -0.1086 -0.8308
vn 0.4635 -0.0922 -0.8813
vn 0.3766 -0.0749 -0.9233
vn 0.2861 -0.0569 -0.9565
vn 0.1928 -0.0383 -0.9805
vn 0.0976 -0.0194 -0.9950
vn 0.0952 -0.0289 0.9950
vn 0.1881 -0.0571 0.9805
vn 0.2791 -0.0847 0.9565
vn 0.3675 -0.1115 0.9233
vn 0.4522 -0.1372 0.8813
vn 0.5327 -0.1616 0.8308
vn 0.6080 -0.1844 0.7723
vn 0.6774 -0.2055 0.7063
vn 0.7403 -0.2246 0.6336
vn 0.7961 -0.2415 0.5549
vn 0.8443 -0.2561 0.4708
vn 0.8843 -0.2683 0.3821
vn 0.9159 -0.2778 0.2899
vn 0.9386 -0.2847 0.1948
vn 0.9523 -0.2889 0.0979
vn 0.9569 -0.2903 -0.0000
vn 0.9523 -0.2889 -0.0979
vn 0.9386 -0.2847 -0.1948
vn 0.9159 -0.2778 -0.2899
vn 0.8843 -0.2683 -0.3821
vn 0.8443 -0.2561 -0.4708
vn 0.7961 -0.2415 -0.5549
vn 0.7403 -0.2246 -0.6336
vn 0.6774 -0.2055 -0.7063
vn 0.6080 -0.1844 -0.7723
vn 0.5327 -0.1616 -0.8308
vn 0.4522 -0.1372 -0.8813
vn 0.3675 -0.1115 -0.9233
vn 0.2791 -0.0847 -0.9565
vn 0.1881 -0.0571 -0.9805
vn 0.0952 -0.0289 -0.9950
vn 0.0920 -0.0381 0.9950
vn 0.1816 -0.0752 0.9805
vn 0.2695 -0.1116 0.9565
vn 0.3548 -0.1469 0.9233
vn 0.4366 -0.1809 0.8813
vn 0.5143 -0.2130 0.8308
vn 0.5869 -0.2431 0.7723
vn 0.6540 -0.2709 0.7063
vn 0.7147 -0.2961 0.6336
vn 0.7686 -0.3184 0.5549
vn 0.8151 -0.3376 0.4708
vn 0.8538 -0.3536 0.3821
vn 0.8842 -0.3663 0.2899
vn 0.9062 -0.3754 0.1948
vn 0.9194 -0.3808 0.0979
vn 0.9239 -0.3827 -0.0000
vn 0.9194 -0.3808 -0.0979
vn 0.9062 -0.3754 -0.1948
vn 0.8842 -0.3663 -0.2899
vn 0.8538 -0.3536 -0.3821
vn 0.8151 -0.3376 -0.4708
vn 0.7686 -0.3184 -0.5549
vn 0.7147 -0.2961 -0.6336
vn 0.6540 -0.2709 -0.7063
vn 0.5869 -0.2431 -0.7723
vn 0.5143 -0.2130 -0.8308
vn 0.4366 -0.1809 -0.8813
vn 0.3548 -0.1469 -0.9233
vn 0.2695 -0.1116 -0.9565
vn 0.1816 -0.0752 -0.9805
vn 0.0920 -0.0381 -0.9950
vn 0.0878 -0.0469 0.9950
vn 0.1734 -0.0927 0.9805
vn 0.2572 -0.1375 0.9565
vn 0.3386 -0.1810 0.9233
vn 0.4168 -0.2228 0.8813
vn 0.4909 -0.2624 0.8308
vn 0.5603 -0.2995 0.7723
vn 0.6243 -0.3337 0.7063
vn 0.6823 -0.3647 0.6336
vn 0.7337 -0.3922 0.5549
vn 0.7781 -0.4159 0.4708
vn 0.8150 -0.4356 0.3821
vn 0.8441 -0.4512 0.2899
vn 0.8650 -0.4624 0.1948
vn 0.8777 -0.4691 0.0979
vn 0.8819 -0.4714 -0.0000
vn 0.8777 -0.4691 -0.0979
vn 0.8650 -0.4624 -0.1948
vn 0.8441 -0.4512 -0.2899
vn 0.8150 -0.4356 -0.3821
vn 0.7781 -0.4159 -0.4708
vn 0.7337 -0.3922 -0.5549
vn 0.6823 -0.3647 -0.6336
vn 0.6243 -0.3337 -0.7063
vn 0.5603 -0.2995 -0.7723
vn 0.4909 -0.2624 -0.8308
vn 0.4168 -0.2228 -0.8813
vn 0.3386 -0.1810 -0.9233
vn 0.2572 -0.1375 -0.9565
vn 0.1734 -0.0927 -0.9805
vn 0.0878 -0.0469 -0.9950
vn 0.0828 -0.0553 0.9950
vn 0.1634 -0.1092 0.9805
vn 0.2425 -0.1621 0.9565
vn 0.3193 -0.2133 0.9233
vn 0.3929 -0.2626 0.8813
vn 0.4628 -0.3092 0.8308
vn 0.5282 -0.3530 0.7723
vn 0.5886 -0.3933 0.7063
vn 0.6432 -0.4298 0.6336
vn 0.6917 -0.4622 0.5549
vn 0.7336 -0.4902 0.4708
vn 0.7684 -0.5134 0.3821
vn 0.7958 -0.5317 0.2899
vn 0.8155 -0.5449 0.1948
vn 0.8275 -0.5529 0.0979
vn 0.8315 -0.5556 -0.0000
vn 0.8275 -0.5529 -0.0979
vn 0.8155 -0.5449 -0.1948
vn 0.7958 -0.5317 -0.2899
vn 0.7684 -0.5134 -0.3821
vn 0.7336 -0.4902 -0.4708
vn 0.6917 -0.4622 -0.5549
vn 0.6432 -0.4298 -0.6336
vn 0.5886 -0.3933 -0.7063
vn 0.5282 -0.3530 -0.7723
vn 0.4628 -0.3092 -0.8308
vn 0.3929 -0.2626 -0.8813
vn 0.3193 -0.2133 -0.9233
vn 0.2425 -0.1621 -0.9565
vn 0.1634 -0.1092 -0.9805
vn 0.0828 -0.0553 -0.9950
vn 0.0769 -0.0631 0.9950
vn 0.1519 -0.1247 0.9805
vn 0.2255 -0.1850 0.9565
vn 0.2968 -0.2436 0.9233
vn 0.3653 -0.2998 0.8813
vn 0.4303 -0.3531 0.8308
vn 0.4911 -0.4030 0.7723
vn 0.5472 -0.4491 0.7063
vn 0.5980 -0.4908 0.6336
vn 0.6431 -0.5278 0.5549
vn 0.6820 -0.5597 0.4708
vn 0.7143 -0.5862 0.3821
vn 0.7398 -0.6072 0.2899
vn 0.7582 -0.6222 0.1948
vn 0.7693 -0.6313 0.0979
vn 0.7730 -0.6344 -0.0000
vn 0.7693 -0.6313 -0.0979
vn 0.7582 -0.6222 -0.1948
vn 0.7398 -0.6072 -0.2899
vn 0.7143 -0.5862 -0.3821
vn 0.6820 -0.5597 -0.4708
vn 0.6431 -0.5278 -0.5549
vn 0.5980 -0.4908 -0.6336
vn 0.5472 -0.4491 -0.7063
vn 0.4911 -0.4030 -0.7723
vn 0.4303 -0.3531 -0.8308
vn 0.3653 -0.2998 -0.8813
vn 0.2968 -0.2436 -0.9233
vn 0.2255 -0.1850 -0.9565
vn 0.1519 -0.1247 -0.9805
vn 0.0769 -0.0631 -0.9950
vn 0.0704 -0.0704 0.9950
vn 0.1390 -0.1390 0.9805
vn 0.2063 -0.2063 0.9565
vn 0.2715 -0.2715 0.9233
vn 0.3342 -0.3342 0.8813
vn 0.3936 -0.3936 0.8308
vn 0.4492 -0.4492 0.7723
vn 0.5005 -0.5005 0.7063
vn 0.5470 -0.5470 0.6336
vn 0.5883 -0.5883 0.5549
vn 0.6239 -0.6239 0.4708
vn 0.6534 -0.6534 0.3821
vn 0.6767 -0.6768 0.2899
vn 0.6936 -0.6936 0.1948
vn 0.7037 -0.7037 0.0979
vn 0.7071 -0.7071 -0.0000
vn 0.7037 -0.7037 -0.0979
vn 0.6936 -0.6936 -0.1948
vn 0.6767 -0.6768 -0.2899
vn 0.6534 -0.6534 -0.3821
vn 0.6239 -0.6239 -0.4708
vn 0.5883 -0.5883 -0.5549
vn 0.5470 -0.5470 -0.6336
vn 0.5005 -0.5005 -0.7063
vn 0.4492 -0.4492 -0.7723
vn 0.3936 -0.3936 -0.8308
vn 0.3342 -0.3342 -0.8813
vn 0.2715 -0.2715 -0.9233
vn 0.2063 -0.2063 -0.9565
vn 0.1390 -0.1390 -0.9805
vn 0.0704 -0.0704 -0.9950
vn 0.0632 -0.0769 0.9950
vn 0.1247 -0.1519 0.9805
vn 0.1850 -0.2255 0.9565
vn 0.2436 -0.2968 0.9233
vn 0.2998 -0.3653 0.8813
vn 0.3531 -0.4303 0.8308
vn 0.4030 -0.4911 0.7723
vn 0.4491 -0.5472 0.7063
vn 0.4908 -0.5980 0.6336
vn 0.5278 -0.6431 0.5549
vn 0.5597 -0.6820 0.4708
vn 0.5862 -0.7143 0.3821
vn 0.6072 -0.7398 0.2899
vn 0.6222 -0.7582 0.1948
vn 0.6313 -0.7693 0.0979
vn 0.6344 -0.7730 -0.0000
vn 0.6313 -0.7693 -0.0979
vn 0.6222 -0.7582 -0.1948
vn 0.6072 -0.7398 -0.2899
vn 0.5862 -0.7143 -0.3821
vn 0.5597 -0.6820 -0.4708
vn 0.5278 -0.6431 -0.5549
vn 0.4908 -0.5980 -0.6336
vn 0.4491 -0.5472 -0.7063
vn 0.4030 -0.4911 -0.7723
vn 0.3531 -0.4303 -0.8308
vn 0.2998 -0.3653 -0.8813
vn 0.2436 -0.2968 -0.9233
vn 0.1850 -0.2255 -0.9565
vn 0.1247 -0.1519 -0.9805
vn 0.0631 -0.0769 -0.9950
vn 0.0553 -0.0828 0.9950
vn 0.1092 -0.1634 0.9805
vn 0.1621 -0.2425 0.9565
vn 0.2133 -0.3193 0.9233
vn 0.2626 -0.3929 0.8813
vn 0.3092 -0.4628 0.8308
vn 0.3530 -0.5282 0.7723
vn 0.3933 -0.5886 0.7063
vn 0.4298 -0.6432 0.6336
vn 0.4622 -0.6917 0.5549
vn 0.4902 -0.7336 0.4708
vn 0.5134 -0.7684 0.3821
vn 0.5317 -0.7958 0.2899
vn 0.5449 -0.8155 0.1948
vn 0.5529 -0.8275 0.0979
vn 0.5556 -0.8315 -0.0000
vn 0.5529 -0.8275 -0.0979
vn 0.5449 -0.8155 -0.1948
vn 0.5317 -0.7958 -0.2899
vn 0.5134 -0.7684 -0.3821
vn 0.4902 -0.7336 -0.4708
vn 0.4622 -0.6917 -0.5549
vn 0.4298 -0.6432 -0.6336
vn 0.3933 -0.5886 -0.7063
vn 0.3530 -0.5282 -0.7723
vn 0.3092 -0.4628 -0.8308
vn 0.2626 -0.3929 -0.8813
vn 0.2133 -0.3193 -0.9233
vn 0.1621 -0.2425 -0.9565
vn 0.1092 -0.1634 -0.9805
vn 0.0553 -0.0828 -0.9950
vn 0.0469 -0.0878 0.9950
vn 0.0927 -0.1734 0.9805
vn 0.1375 -0.2572 0.9565
vn 0.1810 -0.3386 0.9233
vn 0.2228 -0.4168 0.8813
vn 0.2624 -0.4909 0.8308
vn 0.2995 -0.5603 0.7723
vn 0.3337 -0.6243 0.7063
vn 0.3647 -0.6823 0.6336
vn 0.3922 -0.7337 0.5549
vn 0.4159 -0.7781 0.4708
vn 0.4356 -0.8150 0.3821
vn 0.4512 -0.8441 0.2899
vn 0.4624 -0.8650 0.1948
vn 0.4691 -0.8777 0.0979
vn 0.4714 -0.8819 -0.0000
vn 0.4691 -0.8777 -0.0979
vn 0.4624 -0.8650 -0.1948
vn 0.4512 -0.8441 -0.2899
vn 0.4356 -0.8150 -0.3821
vn 0.4159 -0.7781 -0.4708
vn 0.3922 -0.7337 -0.5549
vn 0.3647 -0.6823 -0.6336
vn 0.3337 -0.6243 -0.7063
vn 0.2995 -0.5603 -0.7723
vn 0.2624 -0.4909 -0.8308
vn 0.2228 -0.4168 -0.8813
vn 0.1810 -0.3386 -0.9233
vn 0.1375 -0.2572 -0.9565
vn 0.0927 -0.1734 -0.9805
vn 0.0469 -0.0878 -0.9950
vn 0.0381 -0.0920 0.9950
vn 0.0752 -0.1816 0.9805
vn 0.1116 -0.2695 0.9565
vn 0.1469 -0.3548 0.9233
vn 0.1809 -0.4366 0.8813
vn 0.2130 -0.5143 0.8308
vn 0.2431 -0.5869 0.7723
vn 0.2709 -0.6540 0.7063
vn 0.2961 -0.7147 0.6336
vn 0.3184 -0.7686 0.5549
vn 0.3376 -0.8151 0.4708
vn 0.3536 -0.8538 0.3821
vn 0.3663 -0.8842 0.2899
vn 0.3754 -0.9062 0.1948
vn 0.3808 -0.9194 0.0979
vn 0.3827 -0.9239 -0.0000
vn 0.3808 -0.9194 -0.0979
vn 0.3754 -0.9062 -0.1948
vn 0.3663 -0.8842 -0.2899
vn 0.3536 -0.8538 -0.3821
vn 0.3376 -0.8151 -0.4708
vn 0.3184 -0.7686 -0.5549
vn 0.2961 -0.7147 -0.6336
vn 0.2709 -0.6540 -0.7063
vn 0.2431 -0.5869 -0.7723
vn 0.2130 -0.5143 -0.8308
vn 0.1809 -0.4366 -0.8813
vn 0.1469 -0.3548 -0.9233
vn 0.1116 -0.2695 -0.9565
vn 0.0752 -0.1816 -0.9805
vn 0.0381 -0.0920 -0.9950
vn 0.0289 -0.0952 0.9950
vn 0.0571 -0.1881 0.9805
vn 0.0847 -0.2791 0.9565
vn 0.1115 -0.3675 0.9233
vn 0.1372 -0.4522 0.8813
vn 0.1616 -0.5327 0.8308
vn 0.1844 -0.6080 0.7723
vn 0.2055 -0.6774 0.7063
vn 0.2246 -0.7403 0.6336
vn 0.2415 -0.7961 0.5549
vn 0.2561 -0.8443 0.4708
vn 0.2683 -0.8843 0.3821
vn 0.2778 -0.9159 0.2899
vn 0.2847 -0.9386 0.1948
vn 0.2889 -0.9523 0.0979
vn 0.2903 -0.9569 -0.0000
vn 0.2889 -0.9523 -0.0979
vn 0.2847 -0.9386 -0.1948
vn 0.2778 -0.9159 -0.2899
vn 0.2683 -0.8843 -0.3821
vn 0.2561 -0.8443 -0.4708
vn 0.2415 -0.7961 -0.5549
vn 0.2246 -0.7403 -0.6336
vn 0.2055 -0.6774 -0.7063
vn 0.1844 -0.6080 -0.7723
vn 0.1616 -0.5327 -0.8308
vn 0.1372 -0.4522 -0.8813
vn 0.1115 -0.3675 -0.9233
vn 0.0847 -0.2791 -0.9565
vn 0.0571 -0.1881 -0.9805
vn 0.0289 -0.0952 -0.9950
vn 0.0194 -0.0976 0.9950
vn 0.0383 -0.1928 0.9805
vn 0.0569 -0.2861 0.9565
vn 0.0749 -0.3766 0.9233
vn 0.0922 -0.4635 0.8813
vn 0.1086 -0.5459 0.8308
vn 0.1239 -0.6231 0.7723
vn 0.1381 -0.6943 0.7063
vn 0.1509 -0.7588 0.6336
vn 0.1623 -0.8160 0.5549
vn 0.1721 -0.8653 0.4708
vn 0.1803 -0.9063 0.3821
vn 0.1867 -0.9387 0.2899
vn 0.1914 -0.9620 0.1948
vn 0.1942 -0.9761 0.0979
vn 0.1951 -0.9808 -0.0000
vn 0.1942 -0.9761 -0.0979
vn 0.1914 -0.9620 -0.1948
vn 0.1867 -0.9387 -0.2899
vn 0.1803 -0.9063 -0.3821
vn 0.1721 -0.8653 -0.4708
vn 0.1623 -0.8160 -0.5549
vn 0.1509 -0.7588 -0.6336
vn 0.1381 -0.6943 -0.7063
vn 0.1239 -0.6231 -0.7723
vn 0.1086 -0.5459 -0.8308
vn 0.0922 -0.4635 -0.8813
vn 0.0749 -0.3766 -0.9233
vn 0.0569 -0.2861 -0.9565
vn 0.0383 -0.1928 -0.9805
vn 0.0194 -0.0976 -0.9950
vn 0.0098 -0.0991 0.9950
vn 0.0193 -0.1956 0.9805
vn 0.0286 -0.2903 0.9565
vn 0.0376 -0.3821 0.9233
vn 0.0463 -0.4703 0.8813
vn 0.0546 -0.5539 0.8308
vn 0.0623 -0.6322 0.7723
vn 0.0694 -0.7045 0.7063
vn 0.0758 -0.7699 0.6336
vn 0.0815 -0.8279 0.5549
vn 0.0865 -0.8780 0.4708
vn 0.0906 -0.9197 0.3821
vn 0.0938 -0.9525 0.2899
vn 0.0961 -0.9761 0.1948
vn 0.0975 -0.9904 0.0979
vn 0.0980 -0.9952 -0.0000
vn 0.0975 -0.9904 -0.0979
vn 0.0961 -0.9761 -0.1948
vn 0.0938 -0.9525 -0.2899
vn 0.0906 -0.9197 -0.3821
vn 0.0865 -0.8780 -0.4708
vn 0.0815 -0.8279 -0.5549
vn 0.0758 -0.7699 -0.6336
vn 0.0694 -0.7045 -0.7063
vn 0.0623 -0.6322 -0.7723
vn 0.0546 -0.5539 -0.8308
vn 0.0463 -0.4703 -0.8813
vn 0.0376 -0.3821 -0.9233
vn 0.0286 -0.2903 -0.9565
vn 0.0193 -0.1956 -0.9805
vn 0.0098 -0.0991 -0.9950
vn -0.0000 -0.0995 0.9950
vn -0.0000 -0.1966 0.9805
vn -0.0000 -0.2917 0.9565
vn -0.0000 -0.3840 0.9233
vn -0.0000 -0.4726 0.8813
vn -0.0000 -0.5566 0.8308
vn -0.0000 -0.6353 0.7723
vn -0.0000 -0.7079 0.7063
vn -0.0000 -0.7736 0.6336
vn -0.0000 -0.8319 0.5549
vn -0.0000 -0.8823 0.4708
vn -0.0000 -0.9241 0.3821
vn -0.0000 -0.9571 0.2899
vn -0.0000 -0.9808 0.1948
vn -0.0000 -0.9952 0.0979
vn -0.0000 -1.0000 -0.0000
vn -0.0000 -0.9952 -0.0979
vn -0.0000 -0.9808 -0.1948
vn -0.0000 -0.9571 -0.2899
vn -0.0000 -0.9241 -0.3821
vn -0.0000 -0.8823 -0.4708
vn -0.0000 -0.8319 -0.5549
vn -0.0000 -0.7736 -0.6336
vn -0.0000 -0.7079 -0.7063
vn -0.0000 -0.6353 -0.7723
vn -0.0000 -0.5566 -0.8308
vn -0.0000 -0.4726 -0.8813
vn -0.0000 -0.3840 -0.9233
vn -0.0000 -0.2917 -0.9565
vn -0.0000 -0.1966 -0.9805
vn -0.0000 -0.0995 -0.9950
vn -0.0098 -0.0991 0.9950
vn -0.0193 -0.1956 0.9805
vn -0.0286 -0.2903 0.9565
vn -0.0376 -0.3821 0.9233
vn -0.0463 -0.4703 0.8813
vn -0.0546 -0.5539 0.8308
vn -0.0623 -0.6322 0.7723
vn -0.0694 -0.7045 0.7063
vn -0.0758 -0.7699 0.6336
vn -0.0815 -0.8279 0.5549
vn -0.0865 -0.8780 0.4708
vn -0.0906 -0.9197 0.3821
vn -0.0938 -0.9525 0.2899
vn -0.0961 -0.9761 0.1948
vn -0.0975 -0.9904 0.0979
vn -0.0980 -0.9952 -0.0000
vn -0.0975 -0.9904 -0.0979
vn -0.0961 -0.9761 -0.1948
vn -0.0938 -0.9525 -0.2899
vn -0.0906 -0.9197 -0.3821
vn -0.0865 -0.8780 -0.4708
vn -0.0815 -0.8279 -0.5549
vn -0.0758 -0.7699 -0.6336
vn -0.0694 -0.7045 -0.7063
vn -0.0623 -0.6322 -0.7723
vn -0.0546 -0.5539 -0.8308
vn -0.0463 -0.4703 -0.8813
vn -0.0376 -0.3821 -0.9233
vn -0.0286 -0.2903 -0.9565
vn -0.0193 -0.1956 -0.9805
vn -0.0098 -0.0991 -0.9950
vn -0.0194 -0.0976 0.9950
vn -0.0383 -0.1928 0.9805
vn -0.0569 -0.2861 0.9565
vn -0.0749 -0.3766 0.9233
vn -0.0922 -0.4635 0.8813
vn -0.1086 -0.5459 0.8308
vn -0.1239 -0.6231 0.7723
vn -0.1381 -0.6943 0.7063
vn -0.1509 -0.7588 0.6336
vn -0.1623 -0.8160 0.5549
vn -0.1721 -0.8653 0.4708
vn -0.1803 -0.9063 0.3821
vn -0.1867 -0.9387 0.2899
vn -0.1914 -0.9620 0.1948
vn -0.1942 -0.9761 0.0979
vn -0.1951 -0.9808 -0.0000
vn -0.1942 -0.9761 -0.0979
vn -0.1914 -0.9620 -0.1948
vn -0.1867 -0.9387 -0.2899
vn -0.1803 -0.9063 -0.3821
vn -0.1721 -0.8653 -0.4708
vn -0.1623 -0.8160 -0.5549
vn -0.1509 -0.7588 -0.6336
vn -0.1381 -0.6943 -0.7063
vn -0.1239 -0.6231 -0.7723
vn -0.1086 -0.5459 -0.8308
vn -0.0922 -0.4635 -0.8813
vn -0.0749 -0.3766 -0.9233
vn -0.0569 -0.2861 -0.9565
vn -0.0383 -0.1928 -0.9805
vn -0.0194 -0.0976 -0.9950
vn -0.0000 -0.0000 1.0000
vn -0.0289 -0.0952 0.9950
vn -0.0571 -0.1881 0.9805
vn -0.0847 -0.2791 0.9565
vn -0.1115 -0.3675 0.9233
vn -0.1372 -0.4522 0.8813
vn -0.1616 -0.5327 0.8308
vn -0.1844 -0.6080 0.7723
vn -0.2055 -0.6774 0.7063
vn -0.2246 -0.7403 0.6336
vn -0.2415 -0.7961 0.5549
vn -0.2561 -0.8443 0.4708
vn -0.2683 -0.8843 0.3821
vn -0.2778 -0.9159 0.2899
vn -0.2847 -0.9386 0.1948
vn -0.2889 -0.9523 0.0979
vn -0.2903 -0.9569 -0.0000
vn -0.2889 -0.9523 -0.0979
vn -0.2847 -0.9386 -0.1948
vn -0.2778 -0.9159 -0.2899
vn -0.2683 -0.8843 -0.3821
vn -0.2561 -0.8443 -0.4708
vn -0.2415 -0.7961 -0.5549
vn -0.2246 -0.7403 -0.6336
vn -0.2055 -0.6774 -0.7063
vn -0.1844 -0.6080 -0.7723
vn -0.1616 -0.5327 -0.8308
vn -0.1372 -0.4522 -0.8813
vn -0.1115 -0.3675 -0.9233
vn -0.0847 -0.2791 -0.9565
vn -0.0571 -0.1881 -0.9805
vn -0.0289 -0.0952 -0.9950
vn -0.0381 -0.0920 0.9950
vn -0.0752 -0.1816 0.9805
vn -0.1116 -0.2695 0.9565
vn -0.1469 -0.3548 0.9233
vn -0.1809 -0.4366 0.8813
vn -0.2130 -0.5143 0.8308
vn -0.2431 -0.5869 0.7723
vn -0.2709 -0.6540 0.7063
vn -0.2961 -0.7147 0.6336
vn -0.3184 -0.7686 0.5549
vn -0.3376 -0.8151 0.4708
vn -0.3536 -0.8538 0.3821
vn -0.3663 -0.8842 0.2899
vn -0.3754 -0.9062 0.1948
vn -0.3808 -0.9194 0.0979
vn -0.3827 -0.9239 -0.0000
vn -0.3808 -0.9194 -0.0979
vn -0.3754 -0.9062 -0.1948
vn -0.3663 -0.8842 -0.2899
vn -0.3536 -0.8538 -0.3821
vn -0.3376 -0.8151 -0.4708
vn -0.3184 -0.7686 -0.5549
vn -0.2961 -0.7147 -0.6336
vn -0.2709 -0.6540 -0.7063
vn -0.2431 -0.5869 -0.7723
vn -0.2130 -0.5143 -0.8308
vn -0.1809 -0.4366 -0.8813
vn -0.1469 -0.3548 -0.9233
vn -0.1116 -0.2695 -0.9565
vn -0.0752 -0.1816 -0.9805
vn -0.0381 -0.0920 -0.9950
vn -0.0469 -0.0878 0.9950
vn -0.0927 -0.1734 0.9805
vn -0.1375 -0.2572 0.9565
vn -0.1810 -0.3386 0.9233
vn -0.2228 -0.4168 0.8813
vn -0.2624 -0.4909 0.8308
vn -0.2995 -0.5603 0.7723
vn -0.3337 -0.6243 0.7063
vn -0.3647 -0.6823 0.6336
vn -0.3922 -0.7337 0.5549
vn -0.4159 -0.7781 0.4708
vn -0.4356 -0.8150 0.3821
vn -0.4512 -0.8441 0.2899
vn -0.4624 -0.8650 0.1948
vn -0.4691 -0.8777 0.0979
vn -0.4714 -0.8819 -0.0000
vn -0.4691 -0.8777 -0.0979
vn -0.4624 -0.8650 -0.1948
vn -0.4512 -0.8441 -0.2899
vn -0.4356 -0.8150 -0.3821
vn -0.4159 -0.7781 -0.4708
vn -0.3922 -0.7337 -0.5549
vn -0.3647 -0.6823 -0.6336
vn -0.3337 -0.6243 -0.7063
vn -0.2995 -0.5603 -0.7723
vn -0.2624 -0.4909 -0.8308
vn -0.2228 -0.4168 -0.8813
vn -0.1810 -0.3386 -0.9233
vn -0.1375 -0.2572 -0.9565
vn -0.0927 -0.1734 -0.9805
vn -0.0469 -0.0878 -0.9950
vn -0.0553 -0.0828 0.9950
vn -0.1092 -0.1634 0.9805
vn -0.1621 -0.2425 0.9565
vn -0.2133 -0.3193 0.9233
vn -0.2626 -0.3929 0.8813
vn -0.3092 -0.4628 0.8308
vn -0.3530 -0.5282 0.7723
vn -0.3933 -0.5886 0.7063
vn -0.4298 -0.6432 0.6336
vn -0.4622 -0.6917 0.5549
vn -0.4902 -0.7336 0.4708
vn -0.5134 -0.7684 0.3821
vn -0.5317 -0.7958 0.2899
vn -0.5449 -0.8155 0.1948
vn -0.5529 -0.8275 0.0979
vn -0.5556 -0.8315 -0.0000
vn -0.5529 -0.8275 -0.0979
vn -0.5449 -0.8155 -0.1948
vn -0.5317 -0.7958 -0.2899
vn -0.5134 -0.7684 -0.3821
vn -0.4902 -0.7336 -0.4708
vn -0.4622 -0.6917 -0.5549
vn -0.4298 -0.6432 -0.6336
vn -0.3933 -0.5886 -0.7063
vn -0.3530 -0.5282 -0.7723
vn -0.3092 -0.4628 -0.8308
vn -0.2626 -0.3929 -0.8813
vn -0.2133 -0.3193 -0.9233
vn -0.1621 -0.2425 -0.9565
vn -0.1092 -0.1634 -0.9805
vn -0.0553 -0.0828 -0.9950
vn -0.0631 -0.0769 0.9950
vn -0.1247 -0.1519 0.9805
vn -0.1850 -0.2255 0.9565
vn -0.2436 -0.2968 0.9233
vn -0.2998 -0.3653 0.8813
vn -0.3531 -0.4303 0.8308
vn -0.4030 -0.4911 0.7723
vn -0.4491 -0.5472 0.7063
vn -0.4908 -0.5980 0.6336
vn -0.5278 -0.6431 0.5549
vn -0.5597 -0.6820 0.4708
vn -0.5862 -0.7143 0.3821
vn -0.6072 -0.7398 0.2899
vn -0.6222 -0.7582 0.1948
vn -0.6313 -0.7693 0.0979
vn -0.6344 -0.7730 -0.0000
vn -0.6313 -0.7693 -0.0979
vn -0.6222 -0.7582 -0.1948
vn -0.6072 -0.7398 -0.2899
vn -0.5862 -0.7143 -0.3821
vn -0.5597 -0.6820 -0.4708
vn -0.5278 -0.6431 -0.5549
vn -0.4908 -0.5980 -0.6336
vn -0.4491 -0.5472 -0.7063
vn -0.4030 -0.4911 -0.7723
vn -0.3531 -0.4303 -0.8308
vn -0.2998 -0.3653 -0.8813
vn -0.2436 -0.2968 -0.9233
vn -0.1850 -0.2255 -0.9565
vn -0.1247 -0.1519 -0.9805
vn -0.0631 -0.0769 -0.9950
vn -0.0000 -0.0000 -1.0000
vn -0.0704 -0.0704 0.9950
vn -0.1390 -0.1390 0.9805
vn -0.2063 -0.2063 0.9565
vn -0.2715 -0.2715 0.9233
vn -0.3342 -0.3342 0.8813
vn -0.3936 -0.3936 0.8308
vn -0.4492 -0.4492 0.7723
vn -0.5005 -0.5005 0.7063
vn -0.5470 -0.5470 0.6336
vn -0.5883 -0.5883 0.5549
vn -0.6239 -0.6239 0.4708
vn -0.6534 -0.6534 0.3821
vn -0.6768 -0.6767 0.2899
vn -0.6936 -0.6936 0.1948
vn -0.7037 -0.7037 0.0979
vn -0.7071 -0.7071 -0.0000
vn -0.7037 -0.7037 -0.0979
vn -0.6936 -0.6936 -0.1948
vn -0.6768 -0.6767 -0.2899
vn -0.6534 -0.6534 -0.3821
vn -0.6239 -0.6239 -0.4708
vn -0.5883 -0.5883 -0.5549
vn -0.5470 -0.5470 -0.6336
vn -0.5005 -0.5005 -0.7063
vn -0.4492 -0.4492 -0.7723
vn -0.3936 -0.3936 -0.8308
vn -0.3342 -0.3342 -0.8813
vn -0.2715 -0.2715 -0.9233
vn -0.2063 -0.2063 -0.9565
vn -0.1390 -0.1390 -0.9805
vn -0.0704 -0.0704 -0.9950
vn -0.0769 -0.0631 0.9950
vn -0.1519 -0.1247 0.9805
vn -0.2255 -0.1850 0.9565
vn -0.2968 -0.2436 0.9233
vn -0.3653 -0.2998 0.8813
vn -0.4303 -0.3531 0.8308
vn -0.4911 -0.4030 0.7723
vn -0.5472 -0.4491 0.7063
vn -0.5980 -0.4908 0.6336
vn -0.6431 -0.5278 0.5549
vn -0.6820 -0.5597 0.4708
vn -0.7143 -0.5862 0.3821
vn -0.7398 -0.6072 0.2899
vn -0.7582 -0.6222 0.1948
vn -0.7693 -0.6313 0.0979
vn -0.7730 -0.6344 -0.0000
vn -0.7693 -0.6313 -0.0979
vn -0.7582 -0.6222 -0.1948
vn -0.7398 -0.6072 -0.2899
vn -0.7143 -0.5862 -0.3821
vn -0.6820 -0.5597 -0.4708
vn -0.6431 -0.5278 -0.5549
vn -0.5980 -0.4908 -0.6336
vn -0.5472 -0.4491 -0.7063
vn -0.4911 -0.4030 -0.7723
vn -0.4303 -0.3531 -0.8308
vn -0.3653 -0.2998 -0.8813
vn -0.2968 -0.2436 -0.9233
vn -0.2255 -0.1850 -0.9565
vn -0.1519 -0.1247 -0.9805
vn -0.0769 -0.0631 -0.9950
vn -0.0828 -0.0553 0.9950
vn -0.1634 -0.1092 0.9805
vn -0.2425 -0.1621 0.9565
vn -0.3193 -0.2133 0.9233
vn -0.3929 -0.2626 0.8813
vn -0.4628 -0.3092 0.8308
vn -0.5282 -0.3530 0.7723
vn -0.5886 -0.3933 0.7063
vn -0.6432 -0.4298 0.6336
vn -0.6917 -0.4622 0.5549
vn -0.7336 -0.4902 0.4708
vn -0.7684 -0.5134 0.3821
vn -0.7958 -0.5317 0.2899
vn -0.8155 -0.5449 0.1948
vn -0.8275 -0.5529 0.0979
vn -0.8315 -0.5556 -0.0000
vn -0.8275 -0.5529 -0.0979
vn -0.8155 -0.5449 -0.1948
vn -0.7958 -0.5317 -0.2899
vn -0.7684 -0.5134 -0.3821
vn -0.7336 -0.4902 -0.4708
vn -0.6917 -0.4622 -0.5549
vn -0.6432 -0.4298 -0.6336
vn -0.5886 -0.3933 -0.7063
vn -0.5282 -0.3530 -0.7723
vn -0.4628 -0.3092 -0.8308
vn -0.3929 -0.2626 -0.8813
vn -0.3193 -0.2133 -0.9233
vn -0.2425 -0.1621 -0.9565
vn -0.1634 -0.1092 -0.9805
vn -0.0828 -0.0553 -0.9950
vn -0.0878 -0.0469 0.9950
vn -0.1734 -0.0927 0.9805
vn -0.2572 -0.1375 0.9565
vn -0.3386 -0.1810 0.9233
vn -0.4168 -0.2228 0.8813
vn -0.4909 -0.2624 0.8308
vn -0.5603 -0.2995 0.7723
vn -0.6243 -0.3337 0.7063
vn -0.6823 -0.3647 0.6336
vn -0.7337 -0.3922 0.5549
vn -0.7781 -0.4159 0.4708
vn -0.8150 -0.4356 0.3821
vn -0.8441 -0.4512 0.2899
vn -0.8650 -0.4624 0.1948
vn -0.8777 -0.4691 0.0979
vn -0.8819 -0.4714 -0.0000
vn -0.8777 -0.4691 -0.0979
vn -0.8650 -0.4624 -0.1948
vn -0.8441 -0.4512 -0.2899
vn -0.8150 -0.4356 -0.3821
vn -0.7781 -0.4159 -0.4708
vn -0.7337 -0.3922 -0.5549
vn -0.6823 -0.3647 -0.6336
vn -0.6243 -0.3337 -0.7063
vn -0.5603 -0.2995 -0.7723
vn -0.4909 -0.2624 -0.8308
vn -0.4168 -0.2228 -0.8813
vn -0.3386 -0.1810 -0.9233
vn -0.2572 -0.1375 -0.9565
vn -0.1734 -0.0927 -0.9805
vn -0.0878 -0.0469 -0.9950
vn -0.0920 -0.0381 0.9950
vn -0.1816 -0.0752 0.9805
vn -0.2695 -0.1116 0.9565
vn -0.3548 -0.1469 0.9233
vn -0.4366 -0.1809 0.8813
vn -0.5143 -0.2130 0.8308
vn -0.5869 -0.2431 0.7723
vn -0.6540 -0.2709 0.7063
vn -0.7147 -0.2961 0.6336
vn -0.7686 -0.3184 0.5549
vn -0.8151 -0.3376 0.4708
vn -0.8538 -0.3536 0.3821
vn -0.8842 -0.3663 0.2899
vn -0.9062 -0.3754 0.1948
vn -0.9194 -0.3808 0.0979
vn -0.9239 -0.3827 -0.0000
vn -0.9194 -0.3808 -0.0979
vn -0.9062 -0.3754 -0.1948
vn -0.8842 -0.3663 -0.2899
vn -0.8538 -0.3536 -0.3821
vn -0.8151 -0.3376 -0.4708
vn -0.7686 -0.3184 -0.5549
vn -0.7147 -0.2961 -0.6336
vn -0.6540 -0.2709 -0.7063
vn -0.5869 -0.2431 -0.7723
vn -0.5143 -0.2130 -0.8308
vn -0.4366 -0.1809 -0.8813
vn -0.3548 -0.1469 -0.9233
vn -0.2695 -0.1116 -0.9565
vn -0.1816 -0.0752 -0.9805
vn -0.0920 -0.0381 -0.9950
vn -0.0952 -0.0289 0.9950
vn -0.1881 -0.0571 0.9805
vn -0.2791 -0.0847 0.9565
vn -0.3675 -0.1115 0.9233
vn -0.4522 -0.1372 0.8813
vn -0.5327 -0.1616 0.8308
vn -0.6080 -0.1844 0.7723
vn -0.6774 -0.2055 0.7063
vn -0.7403 -0.2246 0.6336
vn -0.7961 -0.2415 0.5549
vn -0.8443 -0.2561 0.4708
vn -0.8843 -0.2683 0.3821
vn -0.9159 -0.2778 0.2899
vn -0.9386 -0.2847 0.1948
vn -0.9523 -0.2889 0.0979
vn -0.9569 -0.2903 -0.0000
vn -0.9523 -0.2889 -0.0979
vn -0.9386 -0.2847 -0.1948
vn -0.9159 -0.2778 -0.2899
vn -0.8843 -0.2683 -0.3821
vn -0.8443 -0.2561 -0.4708
vn -0.7961 -0.2415 -0.5549
vn -0.7403 -0.2246 -0.6336
vn -0.6774 -0.2055 -0.7063
vn -0.6080 -0.1844 -0.7723
vn -0.5327 -0.1616 -0.8308
vn -0.4522 -0.1372 -0.8813
vn -0.3675 -0.1115 -0.9233
vn -0.2791 -0.0847 -0.9565
vn -0.1881 -0.0571 -0.9805
vn -0.0952 -0.0289 -0.9950
vn -0.0976 -0.0194 0.9950
vn -0.1928 -0.0383 0.9805
vn -0.2861 -0.0569 0.9565
vn -0.3766 -0.0749 0.9233
vn -0.4635 -0.0922 0.8813
vn -0.5459 -0.1086 0.8308
vn -0.6231 -0.1239 0.7723
vn -0.6943 -0.1381 0.7063
vn -0.7588 -0.1509 0.6336
vn -0.8160 -0.1623 0.5549
vn -0.8653 -0.1721 0.4708
vn -0.9063 -0.1803 0.3821
vn -0.9387 -0.1867 0.2899
vn -0.9620 -0.1914 0.1948
vn -0.9761 -0.1942 0.0979
vn -0.9808 -0.1951 -0.0000
vn -0.9761 -0.1942 -0.0979
vn -0.9620 -0.1914 -0.1948
vn -0.9387 -0.1867 -0.2899
vn -0.9063 -0.1803 -0.3821
vn -0.8653 -0.1721 -0.4708
vn -0.8160 -0.1623 -0.5549
vn -0.7588 -0.1509 -0.6336
vn -0.6943 -0.1381 -0.7063
vn -0.6231 -0.1239 -0.7723
vn -0.5459 -0.1086 -0.8308
vn -0.4635 -0.0922 -0.8813
vn -0.3766 -0.0749 -0.9233
vn -0.2861 -0.0569 -0.9565
vn -0.1928 -0.0383 -0.9805
vn -0.0976 -0.0194 -0.9950
vn -0.0991 -0.0098 0.9950
vn -0.1956 -0.0193 0.9805
vn -0.2903 -0.0286 0.9565
vn -0.3821 -0.0376 0.9233
vn -0.4703 -0.0463 0.8813
vn -0.5539 -0.0546 0.8308
vn -0.6322 -0.0623 0.7723
vn -0.7045 -0.0694 0.7063
vn -0.7699 -0.0758 0.6336
vn -0.8279 -0.0815 0.5549
vn -0.8780 -0.0865 0.4708
vn -0.9197 -0.0906 0.3821
vn -0.9525 -0.0938 0.2899
vn -0.9761 -0.0961 0.1948
vn -0.9904 -0.0975 0.0979
vn -0.9952 -0.0980 -0.0000
vn -0.9904 -0.0975 -0.0979
vn -0.9761 -0.0961 -0.1948
vn -0.9525 -0.0938 -0.2899
vn -0.9197 -0.0906 -0.3821
vn -0.8780 -0.0865 -0.4708
vn -0.8279 -0.0815 -0.5549
vn -0.7699 -0.0758 -0.6336
vn -0.7045 -0.0694 -0.7063
vn -0.6322 -0.0623 -0.7723
vn -0.5539 -0.0546 -0.8308
vn -0.4703 -0.0463 -0.8813
vn -0.3821 -0.0376 -0.9233
vn -0.2903 -0.0286 -0.9565
vn -0.1956 -0.0193 -0.9805
vn -0.0991 -0.0098 -0.9950
vn -0.0995 -0.0000 0.9950
vn -0.1966 -0.0000 0.9805
vn -0.2917 -0.0000 0.9565
vn -0.3840 -0.0000 0.9233
vn -0.4726 -0.0000 0.8813
vn -0.5566 -0.0000 0.8308
vn -0.6353 -0.0000 0.7723
vn -0.7079 -0.0000 0.7063
vn -0.7736 -0.0000 0.6336
vn -0.8319 -0.0000 0.5549
vn -0.8823 -0.0000 0.4708
vn -0.9241 -0.0000 0.3821
vn -0.9571 -0.0000 0.2899
vn -0.9808 -0.0000 0.1948
vn -0.9952 -0.0000 0.0979
vn -1.0000 -0.0000 -0.0000
vn -0.9952 -0.0000 -0.0979
vn -0.9808 -0.0000 -0.1948
vn -0.9571 -0.0000 -0.2899
vn -0.9241 -0.0000 -0.3821
vn -0.8823 -0.0000 -0.4708
vn -0.8319 -0.0000 -0.5549
vn -0.7736 -0.0000 -0.6336
vn -0.7079 -0.0000 -0.7063
vn -0.6353 -0.0000 -0.7723
vn -0.5566 -0.0000 -0.8308
vn -0.4726 -0.0000 -0.8813
vn -0.3840 -0.0000 -0.9233
vn -0.2917 -0.0000 -0.9565
vn -0.1966 -0.0000 -0.9805
vn -0.0995 -0.0000 -0.9950
vn -0.0991 0.0098 0.9950
vn -0.1956 0.0193 0.9805
vn -0.2903 0.0286 0.9565
vn -0.3821 0.0376 0.9233
vn -0.4703 0.0463 0.8813
vn -0.5539 0.0546 0.8308
vn -0.6322 0.0623 0.7723
vn -0.7045 0.0694 0.7063
vn -0.7699 0.0758 0.6336
vn -0.8279 0.0815 0.5549
vn -0.8780 0.0865 0.4708
vn -0.9197 0.0906 0.3821
vn -0.9525 0.0938 0.2899
vn -0.9761 0.0961 0.1948
vn -0.9904 0.0975 0.0979
vn -0.9952 0.0980 -0.0000
vn -0.9904 0.0975 -0.0979
vn -0.9761 0.0961 -0.1948
vn -0.9525 0.0938 -0.2899
vn -0.9197 0.0906 -0.3821
vn -0.8780 0.0865 -0.4708
vn -0.8279 0.0815 -0.5549
vn -0.7699 0.0758 -0.6336
vn -0.7045 0.0694 -0.7063
vn -0.6322 0.0623 -0.7723
vn -0.5539 0.0546 -0.8308
vn -0.4703 0.0463 -0.8813
vn -0.3821 0.0376 -0.9233
vn -0.2903 0.0286 -0.9565
vn -0.1956 0.0193 -0.9805
vn -0.0991 0.0098 -0.9950
vn -0.0976 0.0194 0.9950
vn -0.1928 0.0383 0.9805
vn -0.2861 0.0569 0.9565
vn -0.3766 0.0749 0.9233
vn -0.4635 0.0922 0.8813
vn -0.5459 0.1086 0.8308
vn -0.6231 0.1239 0.7723
vn -0.6943 0.1381 0.7063
vn -0.7588 0.1509 0.6336
vn -0.8160 0.1623 0.5549
vn -0.8653 0.1721 0.4708
vn -0.9063 0.1803 0.3821
vn -0.9387 0.1867 0.2899
vn -0.9620 0.1914 0.1948
vn -0.9761 0.1942 0.0979
vn -0.9808 0.1951 -0.0000
vn -0.9761 0.1942 -0.0979
vn -0.9620 0.1914 -0.1948
vn -0.9387 0.1867 -0.2899
vn -0.9063 0.1803 -0.3821
vn -0.8653 0.1721 -0.4708
vn -0.8160 0.1623 -0.5549
vn -0.7588 0.1509 -0.6336
vn -0.6943 0.1381 -0.7063
vn -0.6231 0.1239 -0.7723
vn -0.5459 0.1086 -0.8308
vn -0.4635 0.0922 -0.8813
vn -0.3766 0.0749 -0.9233
vn -0.2861 0.0569 -0.9565
vn -0.1928 0.0383 -0.9805
vn -0.0976 0.0194 -0.9950
vn -0.0952 0.0289 0.9950
vn -0.1881 0.0571 0.9805
vn -0.2791 0.0847 0.9565
vn -0.3675 0.1115 0.9233
vn -0.4522 0.1372 0.8813
vn -0.5327 0.1616 0.8308
vn -0.6080 0.1844 0.7723
vn -0.6774 0.2055 0.7063
vn -0.7403 0.2246 0.6336
vn -0.7961 0.2415 0.5549
vn -0.8443 0.2561 0.4708
vn -0.8843 0.2683 0.3821
vn -0.9159 0.2778 0.2899
vn -0.9386 0.2847 0.1948
vn -0.9523 0.2889 0.0979
vn -0.9569 0.2903 -0.0000
vn -0.9523 0.2889 -0.0979
vn -0.9386 0.2847 -0.1948
vn -0.9159 0.2778 -0.2899
vn -0.8843 0.2683 -0.3821
vn -0.8443 0.2561 -0.4708
vn -0.7961 0.2415 -0.5549
vn -0.7403 0.2246 -0.6336
vn -0.6774 0.2055 -0.7063
vn -0.6080 0.1844 -0.7723
vn -0.5327 0.1616 -0.8308
vn -0.4522 0.1372 -0.8813
vn -0.3675 0.1115 -0.9233
vn -0.2791 0.0847 -0.9565
vn -0.1881 0.0571 -0.9805
vn -0.0952 0.0289 -0.9950
vn -0.0920 0.0381 0.9950
vn -0.1816 0.0752 0.9805
vn -0.2695 0.1116 0.9565
vn -0.3548 0.1469 0.9233
vn -0.4366 0.1809 0.8813
vn -0.5143 0.2130 0.8308
vn -0.5869 0.2431 0.7723
vn -0.6540 0.2709 0.7063
vn -0.7147 0.2961 0.6336
vn -0.7686 0.3184 0.5549
vn -0.8151 0.3376 0.4708
vn -0.8538 0.3536 0.3821
vn -0.8842 0.3663 0.2899
vn -0.9062 0.3754 0.1948
vn -0.9194 0.3808 0.0979
vn -0.9239 0.3827 -0.0000
vn -0.9194 0.3808 -0.0979
vn -0.9062 0.3754 -0.1948
vn -0.8842 0.3663 -0.2899
vn -0.8538 0.3536 -0.3821
vn -0.8151 0.3376 -0.4708
vn -0.7686 0.3184 -0.5549
vn -0.7147 0.2961 -0.6336
vn -0.6540 0.2709 -0.7063
vn -0.5869 0.2431 -0.7723
vn -0.5143 0.2130 -0.8308
vn -0.4366 0.1809 -0.8813
vn -0.3548 0.1469 -0.9233
vn -0.2695 0.1116 -0.9565
vn -0.1816 0.0752 -0.9805
vn -0.0920 0.0381 -0.9950
vn -0.0878 0.0469 0.9950
vn -0.1734 0.0927 0.9805
vn -0.2572 0.1375 0.9565
vn -0.3386 0.1810 0.9233
vn -0.4168 0.2228 0.8813
vn -0.4909 0.2624 0.8308
vn -0.5603 0.2995 0.7723
vn -0.6243 0.3337 0.7063
vn -0.6823 0.3647 0.6336
vn -0.7337 0.3922 0.5549
vn -0.7781 0.4159 0.4708
vn -0.8150 0.4356 0.3821
vn -0.8441 0.4512 0.2899
vn -0.8650 0.4624 0.1948
vn -0.8777 0.4691 0.0979
vn -0.8819 0.4714 -0.0000
vn -0.8777 0.4691 -0.0979
vn -0.8650 0.4624 -0.1948
vn -0.8441 0.4512 -0.2899
vn -0.8150 0.4356 -0.3821
vn -0.7781 0.4159 -0.4708
vn -0.7337 0.3922 -0.5549
vn -0.6823 0.3647 -0.6336
vn -0.6243 0.3337 -0.7063
vn -0.5603 0.2995 -0.7723
vn -0.4909 0.2624 -0.8308
vn -0.4168 0.2228 -0.8813
vn -0.3386 0.1810 -0.9233
vn -0.2572 0.1375 -0.9565
vn -0.1734 0.0927 -0.9805
vn -0.0878 0.0469 -0.9950
vn -0.0828 0.0553 0.9950
vn -0.1634 0.1092 0.9805
vn -0.2425 0.1621 0.9565
vn -0.3193 0.2133 0.9233
vn -0.3929 0.2626 0.8813
vn -0.4628 0.3092 0.8308
vn -0.5282 0.3530 0.7723
vn -0.5886 0.3933 0.7063
vn -0.6432 0.4298 0.6336
vn -0.6917 0.4622 0.5549
vn -0.7336 0.4902 0.4708
vn -0.7684 0.5134 0.3821
vn -0.7958 0.5317 0.2899
vn -0.8155 0.5449 0.1948
vn -0.8275 0.5529 0.0979
vn -0.8315 0.5556 -0.0000
vn -0.8275 0.5529 -0.0979
vn -0.8155 0.5449 -0.1948
vn -0.7958 0.5317 -0.2899
vn -0.7684 0.5134 -0.3821
vn -0.7336 0.4902 -0.4708
vn -0.6917 0.4622 -0.5549
vn -0.6432 0.4298 -0.6336
vn -0.5886 0.3933 -0.7063
vn -0.5282 0.3530 -0.7723
vn -0.4628 0.3092 -0.8308
vn -0.3929 0.2626 -0.8813
vn -0.3193 0.2133 -0.9233
vn -0.2425 0.1621 -0.9565
vn -0.1634 0.1092 -0.9805
vn -0.0828 0.0553 -0.9950
vn -0.0770 0.0631 0.9950
vn -0.1519 0.1247 0.9805
vn -0.2255 0.1850 0.9565
vn -0.2968 0.2436 0.9233
vn -0.3653 0.2998 0.8813
vn -0.4303 0.3531 0.8308
vn -0.4911 0.4030 0.7723
vn -0.5472 0.4491 0.7063
vn -0.5980 0.4908 0.6336
vn -0.6431 0.5278 0.5549
vn -0.6820 0.5597 0.4708
vn -0.7143 0.5862 0.3821
vn -0.7398 0.6072 0.2899
vn -0.7582 0.6222 0.1948
vn -0.7693 0.6313 0.0979
vn -0.7730 0.6344 -0.0000
vn -0.7693 0.6313 -0.0979
vn -0.7582 0.6222 -0.1948
vn -0.7398 0.6072 -0.2899
vn -0.7143 0.5862 -0.3821
vn -0.6820 0.5597 -0.4708
vn -0.6431 0.5278 -0.5549
vn -0.5980 0.4908 -0.6336
vn -0.5472 0.4491 -0.7063
vn -0.4911 0.4030 -0.7723
vn -0.4303 0.3531 -0.8308
vn -0.3653 0.2998 -0.8813
vn -0.2968 0.2436 -0.9233
vn -0.2255 0.1850 -0.9565
vn -0.1519 0.1247 -0.9805
vn -0.0769 0.0631 -0.9950
vn -0.0704 0.0704 0.9950
vn -0.1390 0.1390 0.9805
vn -0.2063 0.2063 0.9565
vn -0.2715 0.2715 0.9233
vn -0.3342 0.3342 0.8813
vn -0.3936 0.3936 0.8308
vn -0.4492 0.4492 0.7723
vn -0.5005 0.5005 0.7063
vn -0.5470 0.5470 0.6336
vn -0.5883 0.5883 0.5549
vn -0.6239 0.6239 0.4708
vn -0.6534 0.6534 0.3821
vn -0.6767 0.6768 0.2899
vn -0.6936 0.6936 0.1948
vn -0.7037 0.7037 0.0979
vn -0.7071 0.7071 -0.0000
vn -0.7037 0.7037 -0.0979
vn -0.6936 0.6936 -0.1948
vn -0.6767 0.6768 -0.2899
vn -0.6534 0.6534 -0.3821
vn -0.6239 0.6238 -0.4708
vn -0.5883 0.5883 -0.5549
vn -0.5470 0.5470 -0.6336
vn -0.5005 0.5005 -0.7063
vn -0.4492 0.4492 -0.7723
vn -0.3936 0.3936 -0.8308
vn -0.3342 0.3342 -0.8813
vn -0.2715 0.2715 -0.9233
vn -0.2063 0.2063 -0.9565
vn -0.1390 0.1390 -0.9805
vn -0.0704 0.0704 -0.9950
vn -0.0631 0.0769 0.9950
vn -0.1247 0.1519 0.9805
vn -0.1850 0.2255 0.9565
vn -0.2436 0.2968 0.9233
vn -0.2998 0.3653 0.8813
vn -0.3531 0.4303 0.8308
vn -0.4030 0.4911 0.7723
vn -0.4491 0.5472 0.7063
vn -0.4908 0.5980 0.6336
vn -0.5278 0.6431 0.5549
vn -0.5597 0.6820 0.4708
vn -0.5862 0.7143 0.3821
vn -0.6072 0.7398 0.2899
vn -0.6222 0.7582 0.1948
vn -0.6313 0.7693 0.0979
vn -0.6344 0.7730 -0.0000
vn -0.6313 0.7693 -0.0979
vn -0.6222 0.7582 -0.1948
vn -0.6072 0.7398 -0.2899
vn -0.5862 0.7143 -0.3821
vn -0.5597 0.6820 -0.4708
vn -0.5278 0.6431 -0.5549
vn -0.4908 0.5980 -0.6336
vn -0.4491 0.5472 -0.7063
vn -0.4030 0.4911 -0.7723
vn -0.3531 0.4303 -0.8308
vn -0.2998 0.3653 -0.8813
vn -0.2436 0.2968 -0.9233
vn -0.1850 0.2255 -0.9565
vn -0.1247 0.1519 -0.9805
vn -0.0631 0.0769 -0.9950
vn -0.0553 0.0828 0.9950
vn -0.1092 0.1634 0.9805
vn -0.1621 0.2425 0.9565
vn -0.2133 0.3193 0.9233
vn -0.2626 0.3929 0.8813
vn -0.3092 0.4628 0.8308
vn -0.3530 0.5282 0.7723
vn -0.3933 0.5886 0.7063
vn -0.4298 0.6432 0.6336
vn -0.4622 0.6917 0.5549
vn -0.4902 0.7336 0.4708
vn -0.5134 0.7684 0.3821
vn -0.5317 0.7958 0.2899
vn -0.5449 0.8155 0.1948
vn -0.5529 0.8275 0.0979
vn -0.5556 0.8315 -0.0000
vn -0.5529 0.8275 -0.0979
vn -0.5449 0.8155 -0.1948
vn -0.5317 0.7958 -0.2899
vn -0.5134 0.7684 -0.3821
vn -0.4902 0.7336 -0.4708
vn -0.4622 0.6917 -0.5549
vn -0.4298 0.6432 -0.6336
vn -0.3933 0.5886 -0.7063
vn -0.3530 0.5282 -0.7723
vn -0.3092 0.4628 -0.8308
vn -0.2626 0.3929 -0.8813
vn -0.2133 0.3193 -0.9233
vn -0.1621 0.2425 -0.9565
vn -0.1092 0.1634 -0.9805
vn -0.0553 0.0828 -0.9950
vn -0.0469 0.0878 0.9950
vn -0.0927 0.1734 0.9805
vn -0.1375 0.2572 0.9565
vn -0.1810 0.3386 0.9233
vn -0.2228 0.4168 0.8813
vn -0.2624 0.4909 0.8308
vn -0.2995 0.5603 0.7723
vn -0.3337 0.6243 0.7063
vn -0.3647 0.6823 0.6336
vn -0.3922 0.7337 0.5549
vn -0.4159 0.7781 0.4708
vn -0.4356 0.8150 0.3821
vn -0.4512 0.8441 0.2899
vn -0.4624 0.8650 0.1948
vn -0.4691 0.8777 0.0979
vn -0.4714 0.8819 -0.0000
vn -0.4691 0.8777 -0.0979
vn -0.4624 0.8650 -0.1948
vn -0.4512 0.8441 -0.2899
vn -0.4356 0.8150 -0.3821
vn -0.4159 0.7781 -0.4708
vn -0.3922 0.7337 -0.5549
vn -0.3647 0.6823 -0.6336
vn -0.3337 0.6243 -0.7063
vn -0.2995 0.5603 -0.7723
vn -0.2624 0.4909 -0.8308
vn -0.2228 0.4168 -0.8813
vn -0.1810 0.3386 -0.9233
vn -0.1375 0.2572 -0.9565
vn -0.0927 0.1734 -0.9805
vn -0.0469 0.0878 -0.9950
vn -0.0381 0.0920 0.9950
vn -0.0752 0.1816 0.9805
vn -0.1116 0.2695 0.9565
vn -0.1469 0.3548 0.9233
vn -0.1809 0.4366 0.8813
vn -0.2130 0.5143 0.8308
vn -0.2431 0.5869 0.7723
vn -0.2709 0.6540 0.7063
vn -0.2961 0.7147 0.6336
vn -0.3184 0.7686 0.5549
vn -0.3376 0.8151 0.4708
vn -0.3536 0.8538 0.3821
vn -0.3663 0.8842 0.2899
vn -0.3754 0.9062 0.1948
vn -0.3808 0.9194 0.0979
vn -0.3827 0.9239 -0.0000
vn -0.3808 0.9194 -0.0979
vn -0.3754 0.9062 -0.1948
vn -0.3663 0.8842 -0.2899
vn -0.3536 0.8538 -0.3821
vn -0.3376 0.8151 -0.4708
vn -0.3184 0.7686 -0.5549
vn -0.2961 0.7147 -0.6336
vn -0.2709 0.6540 -0.7063
vn -0.2431 0.5869 -0.7723
vn -0.2130 0.5143 -0.8308
vn -0.1809 0.4366 -0.8813
vn -0.1469 0.3548 -0.9233
vn -0.1116 0.2695 -0.9565
vn -0.0752 0.1816 -0.9805
vn -0.0381 0.0920 -0.9950
vn -0.0289 0.0952 0.9950
vn -0.0571 0.1881 0.9805
vn -0.0847 0.2791 0.9565
vn -0.1115 0.3675 0.9233
vn -0.1372 0.4522 0.8813
vn -0.1616 0.5327 0.8308
vn -0.1844 0.6080 0.7723
vn -0.2055 0.6774 0.7063
vn -0.2246 0.7403 0.6336
vn -0.2415 0.7961 0.5549
vn -0.2561 0.8443 0.4708
vn -0.2683 0.8843 0.3821
vn -0.2778 0.9159 0.2899
vn -0.2847 0.9386 0.1948
vn -0.2889 0.9523 0.0979
vn -0.2903 0.9569 -0.0000
vn -0.2889 0.9523 -0.0979
vn -0.2847 0.9386 -0.1948
vn -0.2778 0.9159 -0.2899
vn -0.2683 0.8843 -0.3821
vn -0.2561 0.8443 -0.4708
vn -0.2415 0.7961 -0.5549
vn -0.2246 0.7403 -0.6336
vn -0.2055 0.6774 -0.7063
vn -0.1844 0.6080 -0.7723
vn -0.1616 0.5327 -0.8308
vn -0.1372 0.4522 -0.8813
vn -0.1115 0.3675 -0.9233
vn -0.0847 0.2791 -0.9565
vn -0.0571 0.1881 -0.9805
vn -0.0289 0.0952 -0.9950
vn -0.0194 0.0976 0.9950
vn -0.0383 0.1928 0.9805
vn -0.0569 0.2861 0.9565
vn -0.0749 0.3766 0.9233
vn -0.0922 0.4635 0.8813
vn -0.1086 0.5459 0.8308
vn -0.1239 0.6231 0.7723
vn -0.1381 0.6943 0.7063
vn -0.1509 0.7588 0.6336
vn -0.1623 0.8160 0.5549
vn -0.1721 0.8653 0.4708
vn -0.1803 0.9063 0.3821
vn -0.1867 0.9387 0.2899
vn -0.1914 0.9620 0.1948
vn -0.1942 0.9761 0.0979
vn -0.1951 0.9808 -0.0000
vn -0.1942 0.9761 -0.0979
vn -0.1914 0.9620 -0.1948
vn -0.1867 0.9387 -0.2899
vn -0.1803 0.9063 -0.3821
vn -0.1721 0.8653 -0.4708
vn -0.1623 0.8160 -0.5549
vn -0.1509 0.7588 -0.6336
vn -0.1381 0.6943 -0.7063
vn -0.1239 0.6231 -0.7723
vn -0.1086 0.5459 -0.8308
vn -0.0922 0.4635 -0.8813
vn -0.0749 0.3766 -0.9233
vn -0.0569 0.2861 -0.9565
vn -0.0383 0.1928 -0.9805
vn -0.0194 0.0976 -0.9950
vn -0.0098 0.0991 0.9950
vn -0.0193 0.1956 0.9805
vn -0.0286 0.2903 0.9565
vn -0.0376 0.3821 0.9233
vn -0.0463 0.4703 0.8813
vn -0.0546 0.5539 0.8308
vn -0.0623 0.6322 0.7723
vn -0.0694 0.7045 0.7063
vn -0.0758 0.7699 0.6336
vn -0.0815 0.8279 0.5549
vn -0.0865 0.8780 0.4708
vn -0.0906 0.9197 0.3821
vn -0.0938 0.9525 0.2899
vn -0.0961 0.9761 0.1948
vn -0.0975 0.9904 0.0979
vn -0.0980 0.9952 -0.0000
vn -0.0975 0.9904 -0.0979
vn -0.0961 0.9761 -0.1948
vn -0.0938 0.9525 -0.2899
vn -0.0906 0.9197 -0.3821
vn -0.0865 0.8780 -0.4708
vn -0.0815 0.8279 -0.5549
vn -0.0758 0.7699 -0.6336
vn -0.0694 0.7045 -0.7063
vn -0.0623 0.6322 -0.7723
vn -0.0546 0.5539 -0.8308
vn -0.0463 0.4703 -0.8813
vn -0.0376 0.3821 -0.9233
vn -0.0286 0.2903 -0.9565
vn -0.0193 0.1956 -0.9805
vn -0.0098 0.0991 -0.9950
vn -0.0000 0.3840 0.9233
vn -0.0000 0.4726 0.8813
vn -0.0000 0.5566 0.8308
vn -0.0000 0.7736 0.6336
vn -0.0000 0.8319 0.5549
vn -0.0000 0.8823 0.4708
vn -0.0000 0.9241 0.3821
vn -0.0000 1.0000 -0.0000
vn -0.0000 0.9571 -0.2899
vn -0.0000 0.9241 -0.3821
vn -0.0000 0.8823 -0.4708
vn -0.0000 0.8319 -0.5549
vn -0.0000 0.7736 -0.6336
vn -0.0000 0.7079 -0.7063
vn -0.0000 0.5566 -0.8308
vn -0.0000 0.3840 -0.9233
vt 0.685691 0.942688
vt 0.668359 0.921066
vt 0.685179 0.927703
vt 0.262077 0.313178
vt 0.240827 0.309314
vt 0.253973 0.301437
vt 0.703800 0.949326
vt 0.703257 0.933432
vt 0.233240 0.295479
vt 0.245034 0.288412
vt 0.722987 0.954846
vt 0.722418 0.938196
vt 0.225020 0.280417
vt 0.235348 0.274228
vt 0.742479 0.941950
vt 0.743068 0.959196
vt 0.216244 0.264274
vt 0.225007 0.259023
vt 0.763849 0.962333
vt 0.763245 0.944658
vt 0.482337 0.176557
vt 0.494363 0.158538
vt 0.484159 0.177649
vt 0.206997 0.247205
vt 0.214112 0.242942
vt 0.784518 0.946293
vt 0.785130 0.964228
vt 0.474056 0.196624
vt 0.470429 0.194451
vt 0.197369 0.229374
vt 0.202766 0.226140
vt 0.806091 0.946839
vt 0.806707 0.964861
vt 0.464151 0.215280
vt 0.458754 0.212046
vt 0.187452 0.210954
vt 0.191079 0.208780
vt 0.828371 0.964228
vt 0.827758 0.946293
vt 0.447424 0.229173
vt 0.454539 0.233436
vt 0.177342 0.192121
vt 0.179164 0.191029
vt 0.849309 0.944658
vt 0.849913 0.962333
vt 0.445312 0.250919
vt 0.436549 0.245668
vt 0.167136 0.173057
vt 0.870538 0.941950
vt 0.871127 0.959196
vt 0.436561 0.267559
vt 0.426233 0.261370
vt 0.891239 0.938196
vt 0.891808 0.954846
vt 0.416575 0.276130
vt 0.428369 0.283197
vt 0.911213 0.933432
vt 0.911756 0.949326
vt 0.420814 0.297682
vt 0.407668 0.289805
vt 0.930269 0.927703
vt 0.930781 0.942688
vt 0.413970 0.310875
vt 0.399599 0.302264
vt 0.948221 0.921066
vt 0.948697 0.934997
vt 0.454549 0.255286
vt 0.175422 0.193029
vt 0.848797 0.925910
vt 0.870038 0.923658
vt 0.447447 0.272706
vt 0.890756 0.920536
vt 0.440799 0.289075
vt 0.910752 0.916574
vt 0.434669 0.304233
vt 0.929834 0.911810
vt 0.429116 0.318036
vt 0.947817 0.906289
vt 0.684745 0.911810
vt 0.964899 0.913582
vt 0.964529 0.900066
vt 0.702796 0.916574
vt 0.226972 0.315865
vt 0.220810 0.301356
vt 0.721935 0.920536
vt 0.214134 0.285564
vt 0.741979 0.923658
vt 0.207007 0.268641
vt 0.762733 0.925910
vt 0.486080 0.178557
vt 0.199499 0.250750
vt 0.783998 0.927270
vt 0.477879 0.198432
vt 0.191682 0.232063
vt 0.805568 0.927724
vt 0.469838 0.217969
vt 0.183630 0.212761
vt 0.827238 0.927270
vt 0.462037 0.236982
vt 0.458784 0.276762
vt 0.453745 0.293705
vt 0.910378 0.898914
vt 0.449099 0.309395
vt 0.929481 0.895160
vt 0.444891 0.323679
vt 0.947490 0.890810
vt 0.667627 0.890810
vt 0.684392 0.895160
vt 0.964229 0.885906
vt 0.702422 0.898914
vt 0.207864 0.305987
vt 0.721543 0.902036
vt 0.202796 0.289619
vt 0.741573 0.904496
vt 0.197387 0.272082
vt 0.762317 0.906270
vt 0.488080 0.179273
vt 0.191690 0.253543
vt 0.783575 0.907341
vt 0.481860 0.199856
vt 0.185758 0.234182
vt 0.805144 0.907700
vt 0.475762 0.220088
vt 0.179649 0.214185
vt 0.826816 0.907341
vt 0.469846 0.239775
vt 0.173421 0.193744
vt 0.848381 0.906270
vt 0.464169 0.258727
vt 0.869632 0.904496
vt 0.890364 0.902036
vt 0.463966 0.313117
vt 0.461144 0.327748
vt 0.947241 0.874777
vt 0.667378 0.874777
vt 0.684124 0.877914
vt 0.964002 0.871240
vt 0.702138 0.880622
vt 0.212542 0.321026
vt 0.194526 0.309327
vt 0.721246 0.882873
vt 0.191115 0.292544
vt 0.741265 0.884647
vt 0.187476 0.274564
vt 0.762001 0.885927
vt 0.490141 0.179789
vt 0.183644 0.255558
vt 0.783255 0.886700
vt 0.485962 0.200883
vt 0.179654 0.235711
vt 0.804822 0.886958
vt 0.481866 0.221616
vt 0.175547 0.215212
vt 0.826495 0.886700
vt 0.477892 0.241790
vt 0.171361 0.194260
vt 0.848065 0.885927
vt 0.474080 0.261209
vt 0.869324 0.884647
vt 0.470465 0.279687
vt 0.890067 0.882873
vt 0.467083 0.297045
vt 0.910094 0.880622
vt 0.929214 0.877914
vt 0.701947 0.861874
vt 0.197675 0.324749
vt 0.180925 0.311343
vt 0.721046 0.863233
vt 0.179204 0.294310
vt 0.741058 0.864305
vt 0.177370 0.276062
vt 0.761789 0.865078
vt 0.492242 0.180101
vt 0.175439 0.256775
vt 0.783040 0.865544
vt 0.490144 0.201503
vt 0.173431 0.236633
vt 0.804606 0.865700
vt 0.488089 0.222539
vt 0.171364 0.215832
vt 0.826280 0.865544
vt 0.486097 0.243006
vt 0.169259 0.194572
vt 0.847853 0.865078
vt 0.484187 0.262707
vt 0.869117 0.864305
vt 0.482377 0.281453
vt 0.889867 0.863233
vt 0.480684 0.299062
vt 0.909904 0.861874
vt 0.479126 0.315365
vt 0.929034 0.860239
vt 0.651909 0.856208
vt 0.667211 0.858344
vt 0.947074 0.858344
vt 0.683945 0.860239
vt 0.963849 0.856208
vt 0.720946 0.843305
vt 0.740954 0.843663
vt 0.167165 0.276563
vt 0.761682 0.843922
vt 0.494364 0.180205
vt 0.167154 0.257181
vt 0.782932 0.844078
vt 0.494368 0.201710
vt 0.167146 0.236942
vt 0.804498 0.844130
vt 0.494374 0.222848
vt 0.167141 0.216040
vt 0.826172 0.844078
vt 0.494382 0.243413
vt 0.167137 0.194676
vt 0.847746 0.843922
vt 0.494392 0.263208
vt 0.869013 0.843663
vt 0.494404 0.282043
vt 0.889767 0.843305
vt 0.494418 0.299736
vt 0.909808 0.842850
vt 0.494434 0.316117
vt 0.928944 0.842304
vt 0.651832 0.840956
vt 0.667127 0.841670
vt 0.946990 0.841670
vt 0.683854 0.842304
vt 0.963772 0.840956
vt 0.701851 0.842850
vt 0.182515 0.326997
vt 0.167191 0.312018
vt 0.167177 0.294901
vt 0.761682 0.822664
vt 0.782932 0.822508
vt 0.496486 0.180100
vt 0.498591 0.201503
vt 0.160862 0.236633
vt 0.804498 0.822456
vt 0.500658 0.222539
vt 0.162917 0.215832
vt 0.826172 0.822508
vt 0.502666 0.243006
vt 0.165015 0.194572
vt 0.847746 0.822664
vt 0.504597 0.262707
vt 0.869013 0.822922
vt 0.506431 0.281452
vt 0.889767 0.823280
vt 0.508152 0.299061
vt 0.909808 0.823735
vt 0.509742 0.315365
vt 0.928944 0.824282
vt 0.667127 0.824915
vt 0.946990 0.824915
vt 0.683854 0.824282
vt 0.963772 0.825630
vt 0.701851 0.823735
vt 0.167207 0.327748
vt 0.153457 0.311343
vt 0.720946 0.823280
vt 0.155150 0.294310
vt 0.740954 0.822922
vt 0.156960 0.276062
vt 0.158870 0.256774
vt 0.804606 0.800885
vt 0.826280 0.801041
vt 0.510871 0.241789
vt 0.162914 0.194260
vt 0.847853 0.801508
vt 0.514703 0.261208
vt 0.869117 0.802281
vt 0.518342 0.279686
vt 0.889867 0.803352
vt 0.521753 0.297044
vt 0.909904 0.804712
vt 0.524902 0.313116
vt 0.929034 0.806347
vt 0.651832 0.825630
vt 0.667211 0.808241
vt 0.947074 0.808241
vt 0.683945 0.806347
vt 0.963849 0.810377
vt 0.701947 0.804712
vt 0.151899 0.326996
vt 0.139856 0.309325
vt 0.721046 0.803352
vt 0.143238 0.292543
vt 0.741058 0.802281
vt 0.146853 0.274563
vt 0.761789 0.801508
vt 0.498588 0.179789
vt 0.150665 0.255557
vt 0.783040 0.801041
vt 0.502774 0.200882
vt 0.154638 0.235710
vt 0.506881 0.221616
vt 0.158734 0.215212
vt 0.848065 0.780658
vt 0.869324 0.781938
vt 0.524615 0.258726
vt 0.530023 0.276760
vt 0.890067 0.783712
vt 0.535091 0.293703
vt 0.910094 0.785964
vt 0.539769 0.309393
vt 0.929214 0.788672
vt 0.651909 0.810377
vt 0.667378 0.791809
vt 0.947241 0.791809
vt 0.684124 0.788672
vt 0.964002 0.795346
vt 0.702138 0.785964
vt 0.136739 0.324748
vt 0.126518 0.305985
vt 0.721246 0.783712
vt 0.131557 0.289618
vt 0.741265 0.781938
vt 0.136942 0.272080
vt 0.762001 0.780658
vt 0.500648 0.179273
vt 0.142619 0.253542
vt 0.783255 0.779886
vt 0.506876 0.199855
vt 0.148535 0.234181
vt 0.804822 0.779627
vt 0.512985 0.220087
vt 0.154633 0.214184
vt 0.826495 0.779886
vt 0.518917 0.239774
vt 0.160853 0.193744
vt 0.910378 0.767672
vt 0.548038 0.289072
vt 0.554199 0.304230
vt 0.929481 0.771426
vt 0.559787 0.318033
vt 0.544012 0.323676
vt 0.947490 0.775776
vt 0.684392 0.771426
vt 0.964229 0.780679
vt 0.702422 0.767672
vt 0.121872 0.321024
vt 0.113571 0.301353
vt 0.721544 0.764550
vt 0.120219 0.285562
vt 0.741573 0.762090
vt 0.127322 0.268639
vt 0.762317 0.760316
vt 0.502649 0.178557
vt 0.134810 0.250748
vt 0.783575 0.759244
vt 0.510857 0.198431
vt 0.142611 0.232062
vt 0.805144 0.758886
vt 0.518909 0.217968
vt 0.150651 0.212760
vt 0.826816 0.759244
vt 0.526726 0.236980
vt 0.158853 0.193028
vt 0.848381 0.760316
vt 0.534235 0.255284
vt 0.869632 0.762090
vt 0.541361 0.272704
vt 0.890364 0.764550
vt 0.947817 0.760296
vt 0.667627 0.775776
vt 0.684745 0.754776
vt 0.964529 0.766520
vt 0.702796 0.750012
vt 0.107442 0.315862
vt 0.101141 0.295475
vt 0.721935 0.746050
vt 0.109334 0.280414
vt 0.741979 0.742928
vt 0.118085 0.264271
vt 0.762733 0.740676
vt 0.504569 0.177649
vt 0.127312 0.247203
vt 0.783998 0.739316
vt 0.514679 0.196623
vt 0.136924 0.229373
vt 0.805568 0.738861
vt 0.524596 0.215278
vt 0.146829 0.210953
vt 0.827238 0.739316
vt 0.534224 0.233434
vt 0.156932 0.192120
vt 0.848797 0.740676
vt 0.543471 0.250917
vt 0.870038 0.742928
vt 0.552247 0.267557
vt 0.890756 0.746050
vt 0.560468 0.283194
vt 0.910752 0.750012
vt 0.568054 0.297679
vt 0.929834 0.754776
vt 0.574933 0.310871
vt 0.093587 0.309310
vt 0.089348 0.288408
vt 0.722418 0.728389
vt 0.099005 0.274225
vt 0.742479 0.724635
vt 0.109322 0.259020
vt 0.763245 0.721928
vt 0.506391 0.176557
vt 0.120197 0.242939
vt 0.784518 0.720293
vt 0.518306 0.194450
vt 0.131527 0.226139
vt 0.806091 0.719746
vt 0.529993 0.212044
vt 0.143202 0.208779
vt 0.827758 0.720293
vt 0.541339 0.229171
vt 0.155110 0.191028
vt 0.849309 0.721928
vt 0.552235 0.245665
vt 0.870538 0.724635
vt 0.562575 0.261367
vt 0.891239 0.728389
vt 0.572261 0.276127
vt 0.911213 0.733154
vt 0.581200 0.289801
vt 0.930269 0.738882
vt 0.589304 0.302259
vt 0.948221 0.745520
vt 0.667955 0.760296
vt 0.685179 0.738882
vt 0.964899 0.753003
vt 0.703257 0.733154
vt 0.089333 0.267053
vt 0.101115 0.252935
vt 0.763849 0.704252
vt 0.508098 0.175292
vt 0.113535 0.237999
vt 0.785130 0.702358
vt 0.521703 0.191931
vt 0.126473 0.222391
vt 0.806707 0.701724
vt 0.535047 0.208297
vt 0.139806 0.206261
vt 0.828371 0.702358
vt 0.548001 0.224231
vt 0.153404 0.189763
vt 0.849913 0.704252
vt 0.560441 0.239580
vt 0.871127 0.707390
vt 0.572247 0.254195
vt 0.891808 0.711739
vt 0.583306 0.267937
vt 0.911756 0.717260
vt 0.593510 0.280673
vt 0.930781 0.723898
vt 0.602762 0.292280
vt 0.948697 0.731589
vt 0.668359 0.745520
vt 0.685691 0.723898
vt 0.080441 0.301433
vt 0.058915 0.303195
vt 0.068131 0.292305
vt 0.703800 0.717260
vt 0.078303 0.280219
vt 0.722987 0.711739
vt 0.743068 0.707390
vt 0.509672 0.173865
vt 0.524836 0.189092
vt 0.121811 0.218167
vt 0.807410 0.684970
vt 0.539708 0.204073
vt 0.136673 0.203422
vt 0.829071 0.685684
vt 0.554147 0.218662
vt 0.151829 0.188336
vt 0.850603 0.687820
vt 0.568012 0.232720
vt 0.871800 0.691356
vt 0.581170 0.246111
vt 0.892457 0.696260
vt 0.593494 0.258705
vt 0.912377 0.702484
vt 0.604866 0.270383
vt 0.931365 0.709967
vt 0.615176 0.281031
vt 0.949241 0.718638
vt 0.624325 0.290547
vt 0.610972 0.302647
vt 0.046500 0.291946
vt 0.056775 0.282015
vt 0.704420 0.702484
vt 0.068115 0.270987
vt 0.723637 0.696260
vt 0.080411 0.258968
vt 0.743741 0.691356
vt 0.093545 0.246075
vt 0.764539 0.687820
vt 0.107389 0.232430
vt 0.785830 0.685684
vt 0.559717 0.212518
vt 0.150403 0.186763
vt 0.851372 0.672788
vt 0.574873 0.225151
vt 0.872550 0.676690
vt 0.589256 0.237190
vt 0.893182 0.682101
vt 0.602728 0.248520
vt 0.913068 0.688967
vt 0.615158 0.259030
vt 0.932017 0.697223
vt 0.626428 0.268620
vt 0.949847 0.706790
vt 0.636427 0.277197
vt 0.035248 0.279535
vt 0.046483 0.270661
vt 0.043196 0.635159
vt 0.062837 0.629899
vt 0.062145 0.643416
vt 0.058881 0.260801
vt 0.082031 0.650282
vt 0.082756 0.636123
vt 0.072324 0.250048
vt 0.102663 0.655693
vt 0.103413 0.641026
vt 0.086683 0.238506
vt 0.124610 0.644563
vt 0.123841 0.659595
vt 0.511099 0.172291
vt 0.101819 0.226286
vt 0.145363 0.661951
vt 0.146143 0.646699
vt 0.527676 0.185960
vt 0.117586 0.213506
vt 0.167803 0.647413
vt 0.167019 0.662739
vt 0.543934 0.199412
vt 0.133833 0.200289
vt 0.808194 0.669643
vt 0.829851 0.670432
vt 0.580960 0.216946
vt 0.596430 0.227520
vt 0.231472 0.641026
vt 0.252226 0.620643
vt 0.251576 0.636123
vt 0.610919 0.237478
vt 0.271413 0.615123
vt 0.270793 0.629899
vt 0.624288 0.246722
vt 0.288937 0.622416
vt 0.289522 0.608485
vt 0.636408 0.255165
vt 0.306378 0.600794
vt 0.305834 0.613745
vt 0.043848 0.622416
vt 0.026516 0.600794
vt 0.044432 0.608485
vt 0.025268 0.266080
vt 0.037353 0.258354
vt 0.063457 0.615123
vt 0.050690 0.249759
vt 0.083405 0.620643
vt 0.065151 0.240378
vt 0.104086 0.624993
vt 0.080597 0.230301
vt 0.125300 0.628130
vt 0.512364 0.170585
vt 0.096878 0.219625
vt 0.146843 0.630025
vt 0.530194 0.182564
vt 0.113838 0.208454
vt 0.168506 0.630659
vt 0.547682 0.194359
vt 0.131314 0.196894
vt 0.189383 0.646699
vt 0.190083 0.630025
vt 0.564658 0.205857
vt 0.149137 0.185057
vt 0.211364 0.628130
vt 0.210674 0.644563
vt 0.232145 0.624993
vt 0.617988 0.225687
vt 0.632167 0.233580
vt 0.271956 0.599229
vt 0.290034 0.593501
vt 0.645022 0.240798
vt 0.306854 0.586863
vt 0.044945 0.593501
vt 0.016654 0.251713
vt 0.029474 0.245211
vt 0.064000 0.599229
vt 0.043621 0.237968
vt 0.083974 0.603994
vt 0.058960 0.230052
vt 0.104675 0.607747
vt 0.075344 0.221539
vt 0.125904 0.610455
vt 0.513456 0.168764
vt 0.092614 0.212513
vt 0.147455 0.612090
vt 0.532368 0.178938
vt 0.110603 0.203058
vt 0.169122 0.612637
vt 0.550916 0.188964
vt 0.129140 0.193268
vt 0.190696 0.612090
vt 0.568922 0.198744
vt 0.148045 0.183235
vt 0.211968 0.610455
vt 0.586212 0.208185
vt 0.232734 0.607747
vt 0.602620 0.217194
vt 0.252795 0.603994
vt 0.026992 0.586863
vt 0.045379 0.577607
vt 0.009491 0.236570
vt 0.022921 0.231360
vt 0.064461 0.582371
vt 0.037742 0.225541
vt 0.084457 0.586333
vt 0.053812 0.219169
vt 0.105176 0.589455
vt 0.070975 0.212305
vt 0.126417 0.591707
vt 0.514365 0.166844
vt 0.089067 0.205016
vt 0.147975 0.593067
vt 0.534176 0.175117
vt 0.107913 0.197372
vt 0.169645 0.593522
vt 0.553607 0.183278
vt 0.127332 0.189446
vt 0.191216 0.593067
vt 0.572469 0.191248
vt 0.147137 0.181315
vt 0.212481 0.591707
vt 0.590581 0.198950
vt 0.233234 0.589455
vt 0.607769 0.206311
vt 0.253278 0.586333
vt 0.623867 0.213260
vt 0.272417 0.582371
vt 0.638720 0.219728
vt 0.290469 0.577607
vt 0.010315 0.579380
vt 0.027396 0.572087
vt 0.307258 0.572087
vt 0.084849 0.567833
vt 0.049755 0.207834
vt 0.105581 0.570293
vt 0.067533 0.202688
vt 0.126833 0.572067
vt 0.515081 0.164844
vt 0.086273 0.197209
vt 0.148398 0.573139
vt 0.535601 0.171136
vt 0.105794 0.191449
vt 0.170069 0.573497
vt 0.555726 0.177355
vt 0.125908 0.185466
vt 0.191638 0.573139
vt 0.575263 0.183440
vt 0.146421 0.179315
vt 0.212897 0.572067
vt 0.594023 0.189333
vt 0.233640 0.570293
vt 0.611825 0.194976
vt 0.253670 0.567833
vt 0.628499 0.200316
vt 0.272791 0.564711
vt 0.643883 0.205301
vt 0.290821 0.560957
vt 0.010684 0.565863
vt 0.027724 0.556607
vt 0.307586 0.556607
vt 0.045732 0.560957
vt 0.003846 0.220799
vt 0.017758 0.216933
vt 0.064835 0.564711
vt 0.033110 0.212598
vt 0.127148 0.551724
vt 0.515597 0.162783
vt 0.084258 0.189165
vt 0.148718 0.552497
vt 0.536628 0.167036
vt 0.104265 0.185348
vt 0.170391 0.552756
vt 0.557255 0.171253
vt 0.124880 0.181365
vt 0.191958 0.552497
vt 0.577278 0.175396
vt 0.145905 0.177255
vt 0.213212 0.551724
vt 0.596506 0.179424
vt 0.233948 0.550445
vt 0.614751 0.183298
vt 0.253967 0.548671
vt 0.631840 0.186981
vt 0.273075 0.546419
vt 0.647607 0.190438
vt 0.291089 0.543711
vt 0.010984 0.551704
vt 0.027972 0.540574
vt 0.307835 0.540574
vt 0.045999 0.543711
vt 0.322924 0.551704
vt 0.323151 0.537037
vt 0.065119 0.546419
vt 0.029769 0.199263
vt 0.085146 0.548671
vt 0.046829 0.196156
vt 0.105889 0.550445
vt 0.065051 0.192779
vt 0.170607 0.531498
vt 0.558178 0.165031
vt 0.103342 0.179126
vt 0.124260 0.177183
vt 0.192173 0.531341
vt 0.578495 0.167193
vt 0.145593 0.175154
vt 0.213424 0.530875
vt 0.598005 0.169320
vt 0.234155 0.530102
vt 0.616518 0.171390
vt 0.254167 0.529031
vt 0.633858 0.173383
vt 0.273266 0.527671
vt 0.649856 0.175282
vt 0.291269 0.526036
vt 0.011212 0.537037
vt 0.028140 0.524141
vt 0.308002 0.524141
vt 0.046179 0.526036
vt 0.323304 0.522006
vt 0.065309 0.527671
vt 0.014034 0.202070
vt 0.027751 0.185665
vt 0.085346 0.529031
vt 0.045062 0.184247
vt 0.106096 0.530102
vt 0.063551 0.182675
vt 0.127360 0.530875
vt 0.515908 0.160683
vt 0.083041 0.180962
vt 0.148933 0.531341
vt 0.537249 0.162854
vt 0.213531 0.509719
vt 0.598506 0.159117
vt 0.145489 0.173032
vt 0.234259 0.509461
vt 0.617109 0.159366
vt 0.254267 0.509102
vt 0.634532 0.159653
vt 0.273362 0.508648
vt 0.650608 0.159978
vt 0.291359 0.508101
vt 0.011364 0.522006
vt 0.028224 0.507467
vt 0.308086 0.507467
vt 0.046269 0.508101
vt 0.323381 0.506753
vt 0.065405 0.508648
vt 0.011785 0.186913
vt 0.027077 0.171934
vt 0.085446 0.509102
vt 0.044472 0.172223
vt 0.106200 0.509461
vt 0.063050 0.172472
vt 0.127467 0.509719
vt 0.516013 0.158561
vt 0.082634 0.172679
vt 0.149041 0.509875
vt 0.537456 0.158632
vt 0.103033 0.172843
vt 0.170716 0.509927
vt 0.558487 0.158749
vt 0.124052 0.172961
vt 0.192281 0.509875
vt 0.578902 0.158911
vt 0.254267 0.489078
vt 0.633858 0.145923
vt 0.273362 0.489532
vt 0.649856 0.144674
vt 0.291359 0.490079
vt 0.011441 0.506753
vt 0.028224 0.490713
vt 0.308086 0.490713
vt 0.046269 0.490079
vt 0.323381 0.491427
vt 0.065405 0.489532
vt 0.011033 0.171609
vt 0.027751 0.158204
vt 0.085447 0.489078
vt 0.045062 0.160199
vt 0.106200 0.488719
vt 0.063551 0.162270
vt 0.127467 0.488461
vt 0.515908 0.156440
vt 0.083041 0.164397
vt 0.149041 0.488305
vt 0.537249 0.154409
vt 0.103342 0.166560
vt 0.170716 0.488253
vt 0.558178 0.152466
vt 0.124260 0.168739
vt 0.192281 0.488305
vt 0.578495 0.150629
vt 0.145593 0.170911
vt 0.213531 0.488461
vt 0.598005 0.148915
vt 0.234259 0.488719
vt 0.616518 0.147341
vt 0.273266 0.470509
vt 0.291269 0.472144
vt 0.011441 0.491427
vt 0.028140 0.474039
vt 0.308002 0.474039
vt 0.046179 0.472144
vt 0.323304 0.476175
vt 0.065309 0.470509
vt 0.011785 0.156305
vt 0.029769 0.144606
vt 0.085346 0.469150
vt 0.046829 0.148290
vt 0.106096 0.468078
vt 0.065051 0.152166
vt 0.127360 0.467305
vt 0.515597 0.154339
vt 0.084258 0.156194
vt 0.148933 0.466839
vt 0.536628 0.150228
vt 0.104265 0.160338
vt 0.170607 0.466683
vt 0.557255 0.146244
vt 0.124880 0.164557
vt 0.192173 0.466839
vt 0.577278 0.142426
vt 0.145905 0.168810
vt 0.213424 0.467305
vt 0.596506 0.138811
vt 0.234155 0.468078
vt 0.614751 0.135433
vt 0.254167 0.469150
vt 0.631840 0.132325
vt 0.647607 0.129517
vt 0.323151 0.461143
vt 0.065119 0.451761
vt 0.014034 0.141149
vt 0.033110 0.131272
vt 0.085146 0.449510
vt 0.049755 0.136613
vt 0.105889 0.447735
vt 0.067533 0.142257
vt 0.127148 0.446456
vt 0.515081 0.152278
vt 0.086273 0.148150
vt 0.148718 0.445683
vt 0.535601 0.146127
vt 0.105794 0.154236
vt 0.170391 0.445425
vt 0.555726 0.140142
vt 0.125908 0.160456
vt 0.191958 0.445683
vt 0.575263 0.134382
vt 0.146421 0.166750
vt 0.213212 0.446456
vt 0.594023 0.128902
vt 0.233948 0.447735
vt 0.611825 0.123755
vt 0.253967 0.449510
vt 0.628499 0.118990
vt 0.273075 0.451761
vt 0.643883 0.114654
vt 0.291089 0.454469
vt 0.011212 0.461143
vt 0.027972 0.457606
vt 0.307835 0.457606
vt 0.045999 0.454469
vt 0.053812 0.125278
vt 0.084849 0.430347
vt 0.105581 0.427887
vt 0.070975 0.132639
vt 0.126833 0.426113
vt 0.514365 0.150279
vt 0.089067 0.140343
vt 0.148398 0.425042
vt 0.534176 0.142147
vt 0.107913 0.148314
vt 0.170069 0.424683
vt 0.553607 0.134220
vt 0.127332 0.156476
vt 0.191638 0.425042
vt 0.572469 0.126574
vt 0.147137 0.164750
vt 0.212897 0.426113
vt 0.590581 0.119285
vt 0.233640 0.427887
vt 0.607769 0.112420
vt 0.253670 0.430347
vt 0.623867 0.106047
vt 0.272791 0.433469
vt 0.638720 0.100227
vt 0.290821 0.437223
vt 0.027724 0.441573
vt 0.307586 0.441573
vt 0.045732 0.437223
vt 0.017758 0.126286
vt 0.009491 0.105932
vt 0.022921 0.111859
vt 0.064835 0.433469
vt 0.037742 0.118329
vt 0.043621 0.105902
vt 0.064461 0.415809
vt 0.084457 0.411847
vt 0.058960 0.114395
vt 0.105176 0.408725
vt 0.075344 0.123405
vt 0.126417 0.406473
vt 0.513456 0.148359
vt 0.092614 0.132847
vt 0.147975 0.405113
vt 0.532368 0.138325
vt 0.110603 0.142628
vt 0.169645 0.404659
vt 0.550916 0.128533
vt 0.129140 0.152654
vt 0.191216 0.405113
vt 0.568922 0.119078
vt 0.148045 0.162830
vt 0.212481 0.406473
vt 0.586212 0.110051
vt 0.233234 0.408725
vt 0.602620 0.101537
vt 0.253278 0.411847
vt 0.617988 0.093621
vt 0.272417 0.415809
vt 0.632167 0.086376
vt 0.290469 0.420573
vt 0.010984 0.446477
vt 0.027396 0.426094
vt 0.307258 0.426094
vt 0.045379 0.420573
vt 0.016654 0.090790
vt 0.029474 0.098008
vt 0.065151 0.104069
vt 0.080597 0.114644
vt 0.125904 0.387725
vt 0.512364 0.146537
vt 0.096878 0.125734
vt 0.147455 0.386090
vt 0.530194 0.134699
vt 0.113838 0.137232
vt 0.169122 0.385543
vt 0.547682 0.123138
vt 0.131314 0.149028
vt 0.190696 0.386090
vt 0.564658 0.111966
vt 0.149137 0.161008
vt 0.211968 0.387725
vt 0.580960 0.101289
vt 0.232734 0.390433
vt 0.596430 0.091212
vt 0.252795 0.394187
vt 0.610919 0.081830
vt 0.271956 0.398951
vt 0.624288 0.073234
vt 0.290034 0.404680
vt 0.010684 0.432317
vt 0.026992 0.411317
vt 0.306854 0.411317
vt 0.044945 0.404680
vt 0.025268 0.076422
vt 0.037353 0.084866
vt 0.064000 0.398951
vt 0.050690 0.094111
vt 0.083974 0.394187
vt 0.104676 0.390433
vt 0.117586 0.132180
vt 0.168506 0.367522
vt 0.543934 0.118086
vt 0.133833 0.145633
vt 0.190083 0.368155
vt 0.559717 0.105305
vt 0.150403 0.159302
vt 0.211364 0.370050
vt 0.574873 0.093085
vt 0.232145 0.373187
vt 0.589256 0.081542
vt 0.252226 0.377537
vt 0.602728 0.070788
vt 0.271413 0.383057
vt 0.615158 0.060927
vt 0.289522 0.389695
vt 0.626428 0.052054
vt 0.636408 0.065507
vt 0.306378 0.397386
vt 0.026516 0.397386
vt 0.044433 0.389695
vt 0.035248 0.062969
vt 0.046483 0.072559
vt 0.063457 0.383057
vt 0.058881 0.083070
vt 0.083405 0.377537
vt 0.072324 0.094400
vt 0.104086 0.373187
vt 0.086683 0.106440
vt 0.125300 0.370050
vt 0.511099 0.144831
vt 0.101819 0.119074
vt 0.146843 0.368155
vt 0.527675 0.131304
vt 0.136673 0.142501
vt 0.151829 0.157729
vt 0.210674 0.353617
vt 0.554147 0.099161
vt 0.568012 0.085516
vt 0.231472 0.357154
vt 0.581170 0.072622
vt 0.251576 0.362057
vt 0.593494 0.060603
vt 0.270793 0.368281
vt 0.604866 0.049574
vt 0.288937 0.375764
vt 0.615176 0.039643
vt 0.025287 0.054391
vt 0.046500 0.050558
vt 0.025972 0.384435
vt 0.043848 0.375764
vt 0.056775 0.061206
vt 0.062837 0.368281
vt 0.068115 0.072884
vt 0.082756 0.362057
vt 0.080411 0.085480
vt 0.103413 0.357154
vt 0.093545 0.098871
vt 0.124610 0.353617
vt 0.509672 0.143257
vt 0.107389 0.112930
vt 0.146143 0.351481
vt 0.524836 0.128171
vt 0.121811 0.127520
vt 0.167803 0.350767
vt 0.539708 0.113425
vt 0.189383 0.351481
vt 0.250852 0.347898
vt 0.572247 0.064538
vt 0.583306 0.051371
vt 0.270102 0.354764
vt 0.593510 0.039285
vt 0.288286 0.363021
vt 0.602762 0.028394
vt 0.037390 0.041041
vt 0.058915 0.039309
vt 0.684714 0.635159
vt 0.667490 0.613745
vt 0.685365 0.622416
vt 0.068131 0.050916
vt 0.062145 0.354764
vt 0.078303 0.063653
vt 0.082032 0.347898
vt 0.089333 0.077395
vt 0.744181 0.655693
vt 0.724273 0.636123
vt 0.744931 0.641026
vt 0.101115 0.092011
vt 0.766128 0.644563
vt 0.765359 0.659595
vt 0.508098 0.141831
vt 0.113535 0.107361
vt 0.786880 0.661951
vt 0.787660 0.646699
vt 0.521703 0.125332
vt 0.126473 0.123295
vt 0.167019 0.335441
vt 0.535047 0.109201
vt 0.139806 0.139662
vt 0.188603 0.336229
vt 0.548001 0.093592
vt 0.153404 0.156302
vt 0.830121 0.661951
vt 0.852192 0.644563
vt 0.851423 0.659595
vt 0.560441 0.078657
vt 0.872240 0.655693
vt 0.872990 0.641026
vt 0.930455 0.622416
vt 0.912931 0.615123
vt 0.931040 0.608485
vt 0.589304 0.018416
vt 0.050743 0.028942
vt 0.072372 0.029331
vt 0.668033 0.600794
vt 0.685950 0.608485
vt 0.080441 0.041789
vt 0.704974 0.615123
vt 0.704354 0.629899
vt 0.089348 0.055464
vt 0.724923 0.620643
vt 0.099005 0.070224
vt 0.745604 0.624993
vt 0.109322 0.085927
vt 0.766818 0.628130
vt 0.506391 0.140566
vt 0.120197 0.102421
vt 0.788360 0.630025
vt 0.518306 0.122814
vt 0.131527 0.119548
vt 0.810024 0.630658
vt 0.809321 0.647413
vt 0.529993 0.105454
vt 0.143202 0.137144
vt 0.830901 0.646699
vt 0.831600 0.630025
vt 0.541339 0.088653
vt 0.155110 0.155037
vt 0.852882 0.628130
vt 0.552235 0.072572
vt 0.873663 0.624993
vt 0.562575 0.057367
vt 0.893744 0.620643
vt 0.893094 0.636123
vt 0.572261 0.043183
vt 0.912311 0.629899
vt 0.581200 0.030158
vt 0.086743 0.020720
vt 0.093587 0.033912
vt 0.705518 0.599229
vt 0.101141 0.048397
vt 0.725492 0.603993
vt 0.109334 0.064035
vt 0.746193 0.607747
vt 0.118085 0.080676
vt 0.767422 0.610455
vt 0.504569 0.139474
vt 0.127312 0.098158
vt 0.788973 0.612090
vt 0.514679 0.120641
vt 0.136924 0.116315
vt 0.810640 0.612637
vt 0.524596 0.102221
vt 0.146829 0.134970
vt 0.832213 0.612090
vt 0.534224 0.084390
vt 0.156932 0.153945
vt 0.853486 0.610455
vt 0.543471 0.067321
vt 0.874252 0.607747
vt 0.552247 0.051178
vt 0.894313 0.603993
vt 0.560467 0.036116
vt 0.913474 0.599229
vt 0.568054 0.022281
vt 0.931552 0.593501
vt 0.574933 0.009805
vt 0.948372 0.586863
vt 0.947896 0.600794
vt 0.668509 0.586863
vt 0.686462 0.593501
vt 0.120219 0.058888
vt 0.725975 0.586333
vt 0.746693 0.589455
vt 0.127322 0.076308
vt 0.767934 0.591707
vt 0.502649 0.138566
vt 0.134810 0.094613
vt 0.789493 0.593067
vt 0.510857 0.118834
vt 0.142611 0.113626
vt 0.811162 0.593521
vt 0.518909 0.099531
vt 0.150651 0.133163
vt 0.832733 0.593067
vt 0.526726 0.080845
vt 0.158853 0.153037
vt 0.853998 0.591707
vt 0.534235 0.062954
vt 0.874752 0.589455
vt 0.541361 0.046031
vt 0.894795 0.586333
vt 0.548037 0.030239
vt 0.913935 0.582371
vt 0.554199 0.015730
vt 0.931986 0.577607
vt 0.651832 0.579380
vt 0.668913 0.572087
vt 0.948776 0.572087
vt 0.686897 0.577607
vt 0.101889 0.013558
vt 0.107442 0.027361
vt 0.705978 0.582371
vt 0.113571 0.042520
vt 0.500648 0.137850
vt 0.136942 0.072867
vt 0.142619 0.091820
vt 0.768350 0.572067
vt 0.789915 0.573138
vt 0.506876 0.117410
vt 0.148535 0.111507
vt 0.811587 0.573497
vt 0.512985 0.097412
vt 0.154633 0.131739
vt 0.833156 0.573138
vt 0.518917 0.078051
vt 0.160853 0.152322
vt 0.854414 0.572067
vt 0.524614 0.059513
vt 0.875158 0.570293
vt 0.530023 0.041975
vt 0.895187 0.567833
vt 0.535091 0.025608
vt 0.914309 0.564711
vt 0.539769 0.010568
vt 0.932339 0.560957
vt 0.652202 0.565863
vt 0.669241 0.556607
vt 0.949104 0.556607
vt 0.687249 0.560957
vt 0.117664 0.007916
vt 0.121872 0.022200
vt 0.706353 0.564711
vt 0.126518 0.037889
vt 0.726367 0.567833
vt 0.131557 0.054833
vt 0.747099 0.570293
vt 0.506881 0.095884
vt 0.154638 0.109978
vt 0.158734 0.130712
vt 0.811908 0.552756
vt 0.833476 0.552497
vt 0.510871 0.076036
vt 0.162914 0.151806
vt 0.854730 0.551724
vt 0.514703 0.057031
vt 0.875466 0.550445
vt 0.518342 0.039050
vt 0.895485 0.548671
vt 0.521753 0.022268
vt 0.914593 0.546419
vt 0.524902 0.006845
vt 0.932607 0.543711
vt 0.652502 0.551704
vt 0.669490 0.540574
vt 0.949352 0.540574
vt 0.687517 0.543711
vt 0.133917 0.003846
vt 0.136739 0.018477
vt 0.706636 0.546419
vt 0.139856 0.034549
vt 0.726664 0.548670
vt 0.143238 0.051908
vt 0.747407 0.550445
vt 0.146853 0.070386
vt 0.768666 0.551724
vt 0.498588 0.137334
vt 0.150665 0.089805
vt 0.790236 0.552497
vt 0.502774 0.116382
vt 0.502666 0.074820
vt 0.504597 0.055532
vt 0.165015 0.151494
vt 0.854942 0.530875
vt 0.875673 0.530102
vt 0.506431 0.037284
vt 0.895684 0.529031
vt 0.508152 0.020251
vt 0.914784 0.527671
vt 0.509742 0.004598
vt 0.932786 0.526036
vt 0.652729 0.537037
vt 0.669657 0.524141
vt 0.949520 0.524141
vt 0.687697 0.526036
vt 0.964669 0.537037
vt 0.964822 0.522006
vt 0.706827 0.527671
vt 0.151899 0.016229
vt 0.153457 0.032532
vt 0.726864 0.529031
vt 0.155150 0.050142
vt 0.747614 0.530102
vt 0.156960 0.068887
vt 0.768878 0.530875
vt 0.496486 0.137023
vt 0.158870 0.088588
vt 0.790451 0.531341
vt 0.498591 0.115762
vt 0.160862 0.109055
vt 0.812125 0.531497
vt 0.500658 0.094961
vt 0.162917 0.130092
vt 0.833691 0.531341
vt 0.494404 0.036694
vt 0.494418 0.019577
vt 0.914879 0.508648
vt 0.494434 0.003846
vt 0.932877 0.508101
vt 0.652882 0.522005
vt 0.669741 0.507467
vt 0.949604 0.507467
vt 0.687787 0.508101
vt 0.964899 0.506753
vt 0.706923 0.508648
vt 0.167207 0.015478
vt 0.167191 0.031858
vt 0.726964 0.509102
vt 0.167177 0.049551
vt 0.747718 0.509461
vt 0.167165 0.068386
vt 0.768985 0.509719
vt 0.494364 0.136919
vt 0.167154 0.088182
vt 0.790559 0.509875
vt 0.494368 0.115555
vt 0.167146 0.108747
vt 0.812233 0.509927
vt 0.494374 0.094653
vt 0.167141 0.129884
vt 0.833799 0.509875
vt 0.494381 0.074413
vt 0.167137 0.151390
vt 0.855049 0.509719
vt 0.494392 0.055031
vt 0.875777 0.509461
vt 0.895785 0.509102
vt 0.652959 0.506753
vt 0.669741 0.490713
vt 0.949604 0.490713
vt 0.687787 0.490079
vt 0.964899 0.491427
vt 0.706923 0.489532
vt 0.182515 0.016230
vt 0.180925 0.032533
vt 0.726964 0.489078
vt 0.179204 0.050142
vt 0.747718 0.488719
vt 0.177370 0.068888
vt 0.768985 0.488461
vt 0.492242 0.137023
vt 0.175439 0.088589
vt 0.790559 0.488305
vt 0.490144 0.115763
vt 0.173431 0.109056
vt 0.812233 0.488253
vt 0.488089 0.094962
vt 0.171364 0.130092
vt 0.833799 0.488305
vt 0.486097 0.074820
vt 0.169259 0.151494
vt 0.855049 0.488461
vt 0.484187 0.055533
vt 0.875777 0.488719
vt 0.482377 0.037285
vt 0.895785 0.489078
vt 0.480684 0.020252
vt 0.914879 0.489532
vt 0.479126 0.004598
vt 0.932877 0.490079
vt 0.706827 0.470509
vt 0.197675 0.018479
vt 0.194526 0.034551
vt 0.726864 0.469149
vt 0.191115 0.051909
vt 0.747614 0.468078
vt 0.187476 0.070387
vt 0.768878 0.467305
vt 0.490141 0.137335
vt 0.183644 0.089806
vt 0.790451 0.466839
vt 0.485962 0.116383
vt 0.179654 0.109979
vt 0.812125 0.466683
vt 0.481866 0.095885
vt 0.175547 0.130712
vt 0.833691 0.466839
vt 0.477892 0.076037
vt 0.171361 0.151806
vt 0.854942 0.467305
vt 0.474080 0.057032
vt 0.875673 0.468078
vt 0.470465 0.039052
vt 0.895684 0.469149
vt 0.467083 0.022269
vt 0.914784 0.470509
vt 0.463966 0.006847
vt 0.932786 0.472144
vt 0.652959 0.491427
vt 0.669657 0.474039
vt 0.949520 0.474039
vt 0.687697 0.472144
vt 0.964822 0.476175
vt 0.726664 0.449510
vt 0.747407 0.447735
vt 0.202796 0.054834
vt 0.197387 0.072869
vt 0.768666 0.446456
vt 0.488080 0.137851
vt 0.191690 0.091821
vt 0.790236 0.445683
vt 0.481860 0.117410
vt 0.185758 0.111507
vt 0.811908 0.445424
vt 0.475762 0.097413
vt 0.179649 0.131740
vt 0.833476 0.445683
vt 0.469846 0.078052
vt 0.173421 0.152322
vt 0.854730 0.446456
vt 0.464169 0.059514
vt 0.875466 0.447735
vt 0.458784 0.041977
vt 0.895485 0.449510
vt 0.453745 0.025610
vt 0.914593 0.451761
vt 0.449099 0.010570
vt 0.932607 0.454469
vt 0.652882 0.476174
vt 0.669490 0.457606
vt 0.949352 0.457606
vt 0.687517 0.454469
vt 0.964669 0.461143
vt 0.706636 0.451761
vt 0.207864 0.037891
vt 0.768350 0.426113
vt 0.789915 0.425041
vt 0.486080 0.138566
vt 0.477879 0.118834
vt 0.191682 0.113627
vt 0.811587 0.424683
vt 0.469838 0.099532
vt 0.183630 0.133164
vt 0.833156 0.425041
vt 0.462037 0.080846
vt 0.175422 0.153038
vt 0.854414 0.426113
vt 0.454549 0.062956
vt 0.875158 0.427887
vt 0.447447 0.046033
vt 0.895187 0.430347
vt 0.440799 0.030241
vt 0.914309 0.433469
vt 0.434669 0.015733
vt 0.932339 0.437223
vt 0.652729 0.461143
vt 0.669241 0.441573
vt 0.949104 0.441573
vt 0.687249 0.437223
vt 0.212542 0.022202
vt 0.232560 0.013562
vt 0.226972 0.027364
vt 0.706353 0.433469
vt 0.220810 0.042523
vt 0.726367 0.430347
vt 0.214134 0.058890
vt 0.747099 0.427887
vt 0.207007 0.076310
vt 0.199499 0.094615
vt 0.811162 0.404659
vt 0.832733 0.405113
vt 0.454539 0.084392
vt 0.177342 0.153946
vt 0.853998 0.406473
vt 0.445312 0.067323
vt 0.874752 0.408725
vt 0.436561 0.051180
vt 0.894795 0.411847
vt 0.428369 0.036119
vt 0.913935 0.415809
vt 0.420814 0.022284
vt 0.931986 0.420573
vt 0.652502 0.446476
vt 0.668913 0.426094
vt 0.948776 0.426094
vt 0.686897 0.420573
vt 0.247706 0.020724
vt 0.240827 0.033916
vt 0.705978 0.415809
vt 0.233240 0.048400
vt 0.725975 0.411847
vt 0.225020 0.064038
vt 0.746693 0.408725
vt 0.216244 0.080678
vt 0.767934 0.406473
vt 0.484159 0.139474
vt 0.206997 0.098160
vt 0.789493 0.405113
vt 0.474056 0.120642
vt 0.197369 0.116316
vt 0.464151 0.102222
vt 0.187452 0.134971
vt 0.853486 0.387725
vt 0.874252 0.390433
vt 0.426233 0.057370
vt 0.894313 0.394187
vt 0.416575 0.043187
vt 0.913474 0.398951
vt 0.407668 0.030162
vt 0.931552 0.404680
vt 0.652202 0.432317
vt 0.668509 0.411317
vt 0.948372 0.411317
vt 0.686462 0.404679
vt 0.262077 0.029336
vt 0.253973 0.041793
vt 0.705518 0.398951
vt 0.245034 0.055468
vt 0.725492 0.394187
vt 0.235348 0.070227
vt 0.746193 0.390433
vt 0.225007 0.085930
vt 0.767422 0.387725
vt 0.482337 0.140566
vt 0.214112 0.102424
vt 0.788973 0.386090
vt 0.470429 0.122815
vt 0.202766 0.119550
vt 0.810640 0.385543
vt 0.458754 0.105456
vt 0.191079 0.137145
vt 0.832213 0.386090
vt 0.447424 0.088655
vt 0.179164 0.155038
vt 0.436549 0.072575
vt 0.912931 0.383057
vt 0.395358 0.039290
vt 0.931040 0.389695
vt 0.386142 0.028399
vt 0.399599 0.018421
vt 0.947896 0.397386
vt 0.668033 0.397386
vt 0.685950 0.389695
vt 0.275534 0.039314
vt 0.266283 0.050921
vt 0.704974 0.383057
vt 0.256079 0.063657
vt 0.724923 0.377537
vt 0.245020 0.077399
vt 0.745604 0.373187
vt 0.233214 0.092015
vt 0.766818 0.370050
vt 0.480631 0.141832
vt 0.220774 0.107364
vt 0.788360 0.368155
vt 0.467033 0.125334
vt 0.207819 0.123297
vt 0.810024 0.367522
vt 0.453700 0.109203
vt 0.194476 0.139663
vt 0.831600 0.368155
vt 0.440762 0.093595
vt 0.180871 0.156303
vt 0.852882 0.370050
vt 0.428342 0.078660
vt 0.873663 0.373187
vt 0.416561 0.064542
vt 0.893744 0.377537
vt 0.405530 0.051376
vt 0.283744 0.028948
vt 0.287949 0.050563
vt 0.667490 0.384435
vt 0.685365 0.375764
vt 0.277639 0.061211
vt 0.704354 0.368281
vt 0.266267 0.072889
vt 0.724273 0.362057
vt 0.253942 0.085484
vt 0.744931 0.357154
vt 0.240785 0.098875
vt 0.766128 0.353617
vt 0.479056 0.143258
vt 0.226920 0.112933
vt 0.787660 0.351481
vt 0.463900 0.128173
vt 0.212481 0.127522
vt 0.809321 0.350767
vt 0.449039 0.113428
vt 0.197609 0.142502
vt 0.830901 0.351481
vt 0.434616 0.099164
vt 0.182445 0.157729
vt 0.852192 0.353617
vt 0.420772 0.085520
vt 0.872990 0.357154
vt 0.407638 0.072627
vt 0.893094 0.362057
vt 0.395342 0.060608
vt 0.912311 0.368281
vt 0.384002 0.049580
vt 0.930455 0.375764
vt 0.373727 0.039649
vt 0.287931 0.072565
vt 0.275501 0.083075
vt 0.703663 0.354764
vt 0.723549 0.347898
vt 0.262029 0.094404
vt 0.744181 0.342487
vt 0.247646 0.106444
vt 0.765359 0.338585
vt 0.477630 0.144832
vt 0.232490 0.119077
vt 0.786880 0.336229
vt 0.461060 0.131305
vt 0.216707 0.132183
vt 0.808537 0.335441
vt 0.444813 0.118088
vt 0.200448 0.145635
vt 0.509092 0.661951
vt 0.486651 0.647413
vt 0.508312 0.646699
vt 0.429046 0.105309
vt 0.183872 0.159303
vt 0.529844 0.644563
vt 0.530613 0.659595
vt 0.413910 0.093089
vt 0.551791 0.655693
vt 0.551041 0.641026
vt 0.399551 0.081547
vt 0.571699 0.636123
vt 0.572423 0.650282
vt 0.386108 0.070794
vt 0.591618 0.629899
vt 0.592309 0.643416
vt 0.373710 0.060933
vt 0.611258 0.635159
vt 0.610607 0.622416
vt 0.362476 0.052060
vt 0.297098 0.041048
vt 0.299200 0.062975
vt 0.666884 0.372587
vt 0.684714 0.363021
vt 0.269202 0.104074
vt 0.253733 0.114648
vt 0.422982 0.641026
vt 0.443090 0.628130
vt 0.443780 0.644563
vt 0.476364 0.146538
vt 0.237431 0.125738
vt 0.465071 0.646699
vt 0.464372 0.630025
vt 0.458541 0.134701
vt 0.220455 0.137235
vt 0.485948 0.630658
vt 0.441065 0.123141
vt 0.202967 0.149030
vt 0.507612 0.630025
vt 0.424105 0.111969
vt 0.185137 0.161009
vt 0.529154 0.628130
vt 0.407824 0.101293
vt 0.550368 0.624993
vt 0.392378 0.091217
vt 0.571049 0.620643
vt 0.377917 0.081835
vt 0.590998 0.615123
vt 0.364580 0.073241
vt 0.610022 0.608485
vt 0.352495 0.065514
vt 0.627939 0.600794
vt 0.628482 0.613745
vt 0.365517 0.622416
vt 0.348076 0.600794
vt 0.364932 0.608485
vt 0.309181 0.076429
vt 0.297061 0.084872
vt 0.383041 0.615123
vt 0.383661 0.629899
vt 0.283692 0.094117
vt 0.402878 0.636123
vt 0.402228 0.620643
vt 0.422309 0.624993
vt 0.456367 0.138327
vt 0.241695 0.132850
vt 0.223689 0.142630
vt 0.485332 0.612637
vt 0.437831 0.128536
vt 0.205141 0.152656
vt 0.506999 0.612090
vt 0.419841 0.119082
vt 0.186229 0.162831
vt 0.528550 0.610455
vt 0.402571 0.110055
vt 0.549779 0.607747
vt 0.386188 0.101543
vt 0.570480 0.603993
vt 0.370848 0.093627
vt 0.590454 0.599229
vt 0.356701 0.086383
vt 0.609510 0.593501
vt 0.343881 0.079882
vt 0.627463 0.586863
vt 0.347600 0.586863
vt 0.364420 0.593500
vt 0.317795 0.090797
vt 0.304940 0.098015
vt 0.382498 0.599229
vt 0.290761 0.105908
vt 0.401659 0.603993
vt 0.275393 0.114400
vt 0.421720 0.607747
vt 0.258985 0.123410
vt 0.442486 0.610455
vt 0.475272 0.148360
vt 0.463759 0.612090
vt 0.435140 0.134223
vt 0.416294 0.126578
vt 0.206949 0.156478
vt 0.187138 0.164751
vt 0.528038 0.591707
vt 0.398202 0.119289
vt 0.549279 0.589455
vt 0.381039 0.112426
vt 0.569997 0.586333
vt 0.364969 0.106054
vt 0.589994 0.582371
vt 0.350148 0.100235
vt 0.609075 0.577607
vt 0.336718 0.095024
vt 0.627059 0.572087
vt 0.347196 0.572087
vt 0.363986 0.577607
vt 0.644140 0.579380
vt 0.643770 0.565863
vt 0.382037 0.582371
vt 0.296640 0.118335
vt 0.401177 0.586333
vt 0.280542 0.125283
vt 0.421220 0.589455
vt 0.263354 0.132644
vt 0.441974 0.591707
vt 0.474364 0.150280
vt 0.245241 0.140347
vt 0.463239 0.593067
vt 0.454559 0.142149
vt 0.226379 0.148317
vt 0.484810 0.593521
vt 0.506479 0.593067
vt 0.376982 0.123761
vt 0.569605 0.567833
vt 0.360337 0.118997
vt 0.589619 0.564711
vt 0.344985 0.114661
vt 0.608723 0.560957
vt 0.331073 0.110796
vt 0.626731 0.556607
vt 0.346868 0.556607
vt 0.363633 0.560957
vt 0.643470 0.551704
vt 0.381663 0.564711
vt 0.311493 0.111866
vt 0.301272 0.131278
vt 0.400785 0.567833
vt 0.284598 0.136618
vt 0.420814 0.570293
vt 0.266796 0.142262
vt 0.441558 0.572067
vt 0.473648 0.152280
vt 0.248036 0.148154
vt 0.462817 0.573138
vt 0.453135 0.146129
vt 0.228499 0.154239
vt 0.484385 0.573497
vt 0.433021 0.140145
vt 0.208374 0.160458
vt 0.506057 0.573138
vt 0.413500 0.134386
vt 0.187853 0.166751
vt 0.527622 0.572067
vt 0.394760 0.128907
vt 0.548873 0.570293
vt 0.626482 0.540574
vt 0.346620 0.540574
vt 0.363366 0.543711
vt 0.643243 0.537037
vt 0.381379 0.546419
vt 0.316656 0.126293
vt 0.304613 0.144613
vt 0.400487 0.548671
vt 0.287524 0.148296
vt 0.420506 0.550445
vt 0.269278 0.152170
vt 0.441242 0.551724
vt 0.473132 0.154340
vt 0.250051 0.156198
vt 0.462496 0.552497
vt 0.452107 0.150230
vt 0.230028 0.160341
vt 0.484064 0.552756
vt 0.431492 0.146247
vt 0.209401 0.164559
vt 0.505737 0.552497
vt 0.411485 0.142430
vt 0.188370 0.168811
vt 0.527306 0.551724
vt 0.392278 0.138816
vt 0.548565 0.550445
vt 0.374056 0.135439
vt 0.569308 0.548671
vt 0.356996 0.132332
vt 0.589336 0.546419
vt 0.341261 0.129525
vt 0.608455 0.543711
vt 0.331531 0.551704
vt 0.322629 0.156313
vt 0.306631 0.158211
vt 0.381189 0.527671
vt 0.400288 0.529031
vt 0.289291 0.160205
vt 0.420299 0.530102
vt 0.270778 0.162275
vt 0.441030 0.530875
vt 0.472820 0.156441
vt 0.251268 0.164401
vt 0.462281 0.531341
vt 0.451487 0.154411
vt 0.230951 0.166563
vt 0.483847 0.531497
vt 0.430569 0.152469
vt 0.210021 0.168741
vt 0.505521 0.531341
vt 0.410268 0.150633
vt 0.188681 0.170912
vt 0.527094 0.530875
vt 0.390779 0.148920
vt 0.548358 0.530102
vt 0.372290 0.147347
vt 0.569108 0.529031
vt 0.354978 0.145930
vt 0.589145 0.527671
vt 0.339012 0.144681
vt 0.608275 0.526036
vt 0.331303 0.537037
vt 0.346453 0.524141
vt 0.626315 0.524141
vt 0.363186 0.526036
vt 0.643090 0.522006
vt 0.289882 0.172229
vt 0.271279 0.172477
vt 0.440924 0.509719
vt 0.472716 0.158562
vt 0.251675 0.172684
vt 0.462173 0.509875
vt 0.451279 0.158634
vt 0.231260 0.172846
vt 0.483739 0.509927
vt 0.430260 0.158752
vt 0.210229 0.172963
vt 0.505413 0.509875
vt 0.409861 0.158915
vt 0.188786 0.173033
vt 0.526987 0.509719
vt 0.390277 0.159122
vt 0.548254 0.509461
vt 0.371699 0.159372
vt 0.569008 0.509102
vt 0.354304 0.159660
vt 0.589049 0.508648
vt 0.338260 0.159985
vt 0.608185 0.508101
vt 0.331150 0.522006
vt 0.346369 0.507467
vt 0.626231 0.507467
vt 0.363095 0.508101
vt 0.643013 0.506753
vt 0.381093 0.508648
vt 0.323381 0.171617
vt 0.307305 0.171941
vt 0.400187 0.509102
vt 0.420195 0.509461
vt 0.451487 0.162856
vt 0.230951 0.179129
vt 0.483739 0.488253
vt 0.430569 0.165034
vt 0.210021 0.177185
vt 0.505413 0.488305
vt 0.410268 0.167198
vt 0.188681 0.175155
vt 0.526987 0.488461
vt 0.390779 0.169325
vt 0.548254 0.488719
vt 0.372290 0.171396
vt 0.569008 0.489078
vt 0.354978 0.173390
vt 0.589049 0.489532
vt 0.339012 0.175289
vt 0.608185 0.490079
vt 0.331073 0.506753
vt 0.346369 0.490713
vt 0.626231 0.490713
vt 0.363095 0.490079
vt 0.643013 0.491427
vt 0.381093 0.489532
vt 0.322629 0.186921
vt 0.306631 0.185672
vt 0.400187 0.489078
vt 0.289291 0.184253
vt 0.420195 0.488719
vt 0.270778 0.182680
vt 0.440924 0.488461
vt 0.472820 0.160684
vt 0.251268 0.180966
vt 0.462173 0.488305
vt 0.411485 0.175400
vt 0.209401 0.181367
vt 0.188370 0.177256
vt 0.527094 0.467305
vt 0.392278 0.179429
vt 0.548358 0.468078
vt 0.374056 0.183304
vt 0.569108 0.469149
vt 0.356996 0.186988
vt 0.589145 0.470509
vt 0.341261 0.190446
vt 0.608275 0.472144
vt 0.331073 0.491427
vt 0.346453 0.474039
vt 0.626315 0.474039
vt 0.363186 0.472144
vt 0.643090 0.476175
vt 0.381189 0.470509
vt 0.320380 0.202077
vt 0.304613 0.199269
vt 0.400288 0.469149
vt 0.287524 0.196162
vt 0.420299 0.468078
vt 0.269278 0.192784
vt 0.441030 0.467305
vt 0.473132 0.162785
vt 0.250051 0.189169
vt 0.462281 0.466839
vt 0.452107 0.167038
vt 0.230028 0.185351
vt 0.483847 0.466683
vt 0.431492 0.171256
vt 0.505521 0.466839
vt 0.376982 0.194982
vt 0.569308 0.449510
vt 0.360337 0.200323
vt 0.589336 0.451761
vt 0.344985 0.205309
vt 0.608455 0.454469
vt 0.331150 0.476175
vt 0.346620 0.457606
vt 0.626482 0.457606
vt 0.363366 0.454469
vt 0.643243 0.461143
vt 0.381379 0.451761
vt 0.301272 0.212604
vt 0.400487 0.449510
vt 0.284598 0.207839
vt 0.420506 0.447735
vt 0.266796 0.202692
vt 0.441242 0.446456
vt 0.473648 0.164845
vt 0.248036 0.197212
vt 0.462496 0.445683
vt 0.453135 0.171138
vt 0.228499 0.191452
vt 0.484064 0.445425
vt 0.433021 0.177358
vt 0.208374 0.185468
vt 0.505737 0.445683
vt 0.413500 0.183444
vt 0.187853 0.179316
vt 0.527306 0.446456
vt 0.394760 0.189338
vt 0.548565 0.447735
vt 0.364969 0.213266
vt 0.350148 0.219735
vt 0.589619 0.433469
vt 0.608723 0.437223
vt 0.336718 0.225663
vt 0.331073 0.209892
vt 0.626731 0.441573
vt 0.346868 0.441573
vt 0.363633 0.437223
vt 0.643470 0.446477
vt 0.381663 0.433469
vt 0.316656 0.216940
vt 0.296640 0.225547
vt 0.400785 0.430347
vt 0.280542 0.219174
vt 0.420814 0.427887
vt 0.263354 0.212310
vt 0.441558 0.426113
vt 0.474364 0.166845
vt 0.245241 0.205020
vt 0.462817 0.425041
vt 0.454559 0.175119
vt 0.226379 0.197375
vt 0.484385 0.424683
vt 0.435140 0.183281
vt 0.206949 0.189448
vt 0.506057 0.425042
vt 0.416294 0.191252
vt 0.187138 0.181316
vt 0.527622 0.426113
vt 0.398202 0.198955
vt 0.548873 0.427887
vt 0.381039 0.206317
vt 0.569605 0.430347
vt 0.347196 0.426094
vt 0.363986 0.420573
vt 0.627059 0.426094
vt 0.643770 0.432317
vt 0.382037 0.415809
vt 0.304940 0.245218
vt 0.290761 0.237974
vt 0.401177 0.411847
vt 0.275393 0.230057
vt 0.421220 0.408725
vt 0.258985 0.221544
vt 0.441974 0.406473
vt 0.475272 0.168765
vt 0.241695 0.212516
vt 0.463239 0.405113
vt 0.456367 0.178940
vt 0.223689 0.203061
vt 0.484810 0.404659
vt 0.437831 0.188967
vt 0.205141 0.193270
vt 0.506479 0.405113
vt 0.419841 0.198748
vt 0.186229 0.183236
vt 0.528038 0.406473
vt 0.402571 0.208189
vt 0.549279 0.408725
vt 0.386188 0.217200
vt 0.569997 0.411847
vt 0.370848 0.225693
vt 0.589994 0.415809
vt 0.356701 0.233587
vt 0.609075 0.420573
vt 0.343881 0.240805
vt 0.382498 0.398951
vt 0.401659 0.394187
vt 0.269202 0.240383
vt 0.421720 0.390433
vt 0.253733 0.230305
vt 0.442486 0.387725
vt 0.476364 0.170586
vt 0.237431 0.219629
vt 0.463759 0.386090
vt 0.458541 0.182566
vt 0.220455 0.208456
vt 0.485332 0.385543
vt 0.441065 0.194362
vt 0.202967 0.196895
vt 0.506999 0.386090
vt 0.424105 0.205860
vt 0.185137 0.185058
vt 0.528550 0.387725
vt 0.407824 0.216951
vt 0.549779 0.390433
vt 0.392378 0.227525
vt 0.570480 0.394187
vt 0.377917 0.237484
vt 0.590454 0.398951
vt 0.364580 0.246729
vt 0.609510 0.404680
vt 0.352495 0.255172
vt 0.627463 0.411317
vt 0.347600 0.411317
vt 0.364420 0.404680
vt 0.644140 0.418800
vt 0.297061 0.258360
vt 0.283692 0.249765
vt 0.443090 0.370050
vt 0.477630 0.172292
vt 0.232490 0.226289
vt 0.464372 0.368155
vt 0.461060 0.185962
vt 0.216707 0.213509
vt 0.485948 0.367522
vt 0.444813 0.199414
vt 0.200448 0.200291
vt 0.507612 0.368155
vt 0.429046 0.212521
vt 0.183872 0.186764
vt 0.529154 0.370050
vt 0.413910 0.225155
vt 0.550368 0.373187
vt 0.399551 0.237195
vt 0.571049 0.377537
vt 0.386108 0.248525
vt 0.590998 0.383057
vt 0.373710 0.259036
vt 0.610022 0.389695
vt 0.362476 0.268626
vt 0.627939 0.397386
vt 0.348076 0.397386
vt 0.364932 0.389695
vt 0.299201 0.279541
vt 0.287931 0.270667
vt 0.383041 0.383057
vt 0.275501 0.260806
vt 0.402228 0.377537
vt 0.262029 0.250052
vt 0.422309 0.373187
vt 0.247646 0.238510
vt 0.486651 0.350767
vt 0.449039 0.204075
vt 0.212481 0.218169
vt 0.197609 0.203423
vt 0.508312 0.351481
vt 0.434616 0.218665
vt 0.182445 0.188337
vt 0.529844 0.353617
vt 0.420772 0.232723
vt 0.551041 0.357154
vt 0.407638 0.246115
vt 0.571699 0.362057
vt 0.395342 0.258710
vt 0.591618 0.368281
vt 0.384002 0.270389
vt 0.610607 0.375764
vt 0.373727 0.281037
vt 0.628482 0.384435
vt 0.352514 0.277204
vt 0.364617 0.290553
vt 0.287949 0.291952
vt 0.277639 0.282020
vt 0.383661 0.368281
vt 0.266267 0.270992
vt 0.402878 0.362057
vt 0.253942 0.258972
vt 0.422982 0.357154
vt 0.240785 0.246078
vt 0.443780 0.353617
vt 0.479057 0.173866
vt 0.226920 0.232433
vt 0.465071 0.351481
vt 0.463900 0.189094
vt 0.829851 0.996154
vt 0.850603 0.978766
vt 0.851372 0.993798
vt 0.440762 0.224234
vt 0.428342 0.239583
vt 0.180871 0.189764
vt 0.872550 0.989895
vt 0.871800 0.975229
vt 0.416561 0.254199
vt 0.572423 0.347898
vt 0.405530 0.267942
vt 0.592309 0.354764
vt 0.395358 0.280678
vt 0.932017 0.969362
vt 0.912377 0.964102
vt 0.931365 0.956619
vt 0.386142 0.292286
vt 0.949241 0.947948
vt 0.949847 0.959795
vt 0.377970 0.302652
vt 0.275534 0.303201
vt 0.266283 0.292310
vt 0.686928 0.969362
vt 0.704420 0.964102
vt 0.705111 0.977619
vt 0.256079 0.280223
vt 0.384353 0.354764
vt 0.403602 0.347898
vt 0.245020 0.267057
vt 0.423732 0.342488
vt 0.233214 0.252938
vt 0.744491 0.989895
vt 0.764539 0.978766
vt 0.765308 0.993798
vt 0.480631 0.175292
vt 0.220774 0.238002
vt 0.786610 0.996154
vt 0.785830 0.980901
vt 0.467033 0.191933
vt 0.207819 0.222393
vt 0.487435 0.335441
vt 0.453700 0.208299
vt 0.194476 0.206262
vt 0.509092 0.336229
vt 0.892457 0.970325
vt 0.392445 0.313385
vt 0.686276 0.956619
vt 0.723637 0.970325
vt 0.743741 0.975229
vt 0.807410 0.981616
vt 0.829071 0.980901
vt 0.668835 0.934996
vt 0.247706 0.321790
vt 0.667955 0.906289
vt 0.652062 0.871240
vt 0.652062 0.795345
vt 0.668835 0.731589
vt 0.072372 0.313174
vt 0.686276 0.709967
vt 0.025972 0.613745
vt 0.011364 0.476175
vt 0.003846 0.121703
vt 0.010315 0.418800
vt 0.230722 0.342488
vt 0.666884 0.625593
vt 0.043196 0.363021
vt 0.723549 0.650282
vt 0.145363 0.336229
vt 0.065218 0.018210
vt 0.216785 0.007918
vt 0.651832 0.418800
vt 0.487435 0.662739
vt 0.309200 0.054398
vt 0.348620 0.613745
vt 0.320380 0.141156
vt 0.331303 0.461143
vt 0.311493 0.231367
vt 0.309181 0.266087
vt 0.365517 0.375764
vt 0.551791 0.342488
vt 0.913068 0.977619
vt 0.465852 0.336229
s 1
usemtl ARAT_dark_steel
f 1975/1/1975 24/2/24 25/3/25
f 1983/4/1983 39/5/39 1984/6/1984
f 1976/7/1976 25/3/25 26/8/26
f 1984/6/1984 40/9/40 11/10/11
f 1977/11/1977 26/8/26 27/12/27
f 11/10/11 41/13/41 1985/14/1985
f 1977/11/1977 28/15/28 6/16/6
f 1985/14/1985 42/17/42 12/18/12
f 7/19/7 28/15/28 29/20/29
f 1/21/1 1070/22/1070 16/23/16
f 12/18/12 43/24/43 1986/25/1986
f 7/19/7 30/26/30 8/27/8
f 1/21/1 17/28/17 2/29/2
f 1986/25/1986 44/30/44 13/31/13
f 8/27/8 31/32/31 1978/33/1978
f 2/29/2 18/34/18 3/35/3
f 13/31/13 45/36/45 14/37/14
f 9/38/9 31/32/31 32/39/32
f 1971/40/1971 18/34/18 19/41/19
f 14/37/14 46/42/46 15/43/15
f 9/38/9 33/44/33 10/45/10
f 1971/40/1971 20/46/20 1972/47/1972
f 1226/48/1226 15/43/15 46/42/46
f 10/45/10 34/49/34 1979/50/1979
f 1972/47/1972 21/51/21 1973/52/1973
f 1979/50/1979 35/53/35 1980/54/1980
f 4/55/4 21/51/21 22/56/22
f 1980/54/1980 36/57/36 1981/58/1981
f 4/55/4 23/59/23 5/60/5
f 1981/58/1981 37/61/37 1982/62/1982
f 5/60/5 24/63/24 1974/64/1974
f 1982/62/1982 38/65/38 1983/66/1983
f 19/41/19 51/67/51 20/46/20
f 1226/48/1226 46/42/46 77/68/77
f 34/49/34 64/69/64 65/70/65
f 21/51/21 51/67/51 52/71/52
f 35/53/35 65/70/65 66/72/66
f 21/51/21 53/73/53 22/56/22
f 36/57/36 66/72/66 67/74/67
f 23/59/23 53/73/53 54/75/54
f 37/61/37 67/74/67 68/76/68
f 23/59/23 55/77/55 24/63/24
f 38/65/38 68/76/68 69/78/69
f 24/2/24 56/79/56 25/3/25
f 39/80/39 69/78/69 70/81/70
f 25/3/25 57/82/57 26/8/26
f 40/9/40 70/83/70 71/84/71
f 26/8/26 58/85/58 27/12/27
f 41/13/41 71/84/71 72/86/72
f 28/15/28 58/85/58 59/87/59
f 42/17/42 72/86/72 73/88/73
f 28/15/28 60/89/60 29/20/29
f 16/23/16 1070/22/1070 47/90/47
f 42/17/42 74/91/74 43/24/43
f 30/26/30 60/89/60 61/92/61
f 16/23/16 48/93/48 17/28/17
f 44/30/44 74/91/74 75/94/75
f 30/26/30 62/95/62 31/32/31
f 17/28/17 49/96/49 18/34/18
f 44/30/44 76/97/76 45/36/45
f 32/39/32 62/95/62 63/98/63
f 18/34/18 50/99/50 19/41/19
f 45/36/45 77/68/77 46/42/46
f 32/39/32 64/69/64 33/44/33
f 53/73/53 83/100/83 84/101/84
f 66/72/66 98/102/98 67/74/67
f 53/73/53 85/103/85 54/75/54
f 67/74/67 99/104/99 68/76/68
f 55/77/55 85/103/85 86/105/86
f 68/76/68 100/106/100 69/78/69
f 56/79/56 86/107/86 87/108/87
f 69/78/69 101/109/101 70/81/70
f 56/79/56 88/110/88 57/82/57
f 70/83/70 102/111/102 71/84/71
f 57/82/57 89/112/89 58/85/58
f 71/84/71 103/113/103 72/86/72
f 59/87/59 89/112/89 90/114/90
f 73/88/73 103/113/103 104/115/104
f 59/87/59 91/116/91 60/89/60
f 47/90/47 1070/22/1070 78/117/78
f 73/88/73 105/118/105 74/91/74
f 61/92/61 91/116/91 92/119/92
f 47/90/47 79/120/79 48/93/48
f 75/94/75 105/118/105 106/121/106
f 61/92/61 93/122/93 62/95/62
f 48/93/48 80/123/80 49/96/49
f 75/94/75 107/124/107 76/97/76
f 62/95/62 94/125/94 63/98/63
f 50/99/50 80/123/80 81/126/81
f 77/68/77 107/124/107 108/127/108
f 63/98/63 95/128/95 64/69/64
f 50/99/50 82/129/82 51/67/51
f 1226/48/1226 77/68/77 108/127/108
f 65/70/65 95/128/95 96/130/96
f 51/67/51 83/100/83 52/71/52
f 65/70/65 97/131/97 66/72/66
f 86/105/86 116/132/116 117/133/117
f 99/104/99 131/134/131 100/106/100
f 87/108/87 117/135/117 118/136/118
f 100/106/100 132/137/132 101/109/101
f 87/108/87 119/138/119 88/110/88
f 101/139/101 133/140/133 102/111/102
f 88/110/88 120/141/120 89/112/89
f 102/111/102 134/142/134 103/113/103
f 90/114/90 120/141/120 121/143/121
f 103/113/103 135/144/135 104/115/104
f 90/114/90 122/145/122 91/116/91
f 78/117/78 1070/22/1070 109/146/109
f 105/118/105 135/144/135 136/147/136
f 92/119/92 122/145/122 123/148/123
f 79/120/79 109/146/109 110/149/110
f 106/121/106 136/147/136 137/150/137
f 93/122/93 123/148/123 124/151/124
f 79/120/79 111/152/111 80/123/80
f 106/121/106 138/153/138 107/124/107
f 94/125/94 124/151/124 125/154/125
f 80/123/80 112/155/112 81/126/81
f 107/124/107 139/156/139 108/127/108
f 94/125/94 126/157/126 95/128/95
f 81/126/81 113/158/113 82/129/82
f 1226/48/1226 108/127/108 139/156/139
f 95/128/95 127/159/127 96/130/96
f 82/129/82 114/160/114 83/100/83
f 96/130/96 128/161/128 97/131/97
f 83/100/83 115/162/115 84/101/84
f 97/131/97 129/163/129 98/102/98
f 84/101/84 116/132/116 85/103/85
f 99/104/99 129/163/129 130/164/130
f 118/136/118 150/165/150 119/138/119
f 132/166/132 164/167/164 133/140/133
f 120/141/120 150/165/150 151/168/151
f 134/142/134 164/167/164 165/169/165
f 121/143/121 151/168/151 152/170/152
f 134/142/134 166/171/166 135/144/135
f 121/143/121 153/172/153 122/145/122
f 109/146/109 1070/22/1070 140/173/140
f 135/144/135 167/174/167 136/147/136
f 123/148/123 153/172/153 154/175/154
f 109/146/109 141/176/141 110/149/110
f 136/147/136 168/177/168 137/150/137
f 124/151/124 154/175/154 155/178/155
f 110/149/110 142/179/142 111/152/111
f 137/150/137 169/180/169 138/153/138
f 124/151/124 156/181/156 125/154/125
f 111/152/111 143/182/143 112/155/112
f 139/156/139 169/180/169 170/183/170
f 125/154/125 157/184/157 126/157/126
f 112/155/112 144/185/144 113/158/113
f 1226/48/1226 139/156/139 170/183/170
f 127/159/127 157/184/157 158/186/158
f 114/160/114 144/185/144 145/187/145
f 127/159/127 159/188/159 128/161/128
f 114/160/114 146/189/146 115/162/115
f 128/161/128 160/190/160 129/163/129
f 115/162/115 147/191/147 116/132/116
f 130/164/130 160/190/160 161/192/161
f 117/135/117 147/193/147 148/194/148
f 130/164/130 162/195/162 131/134/131
f 118/136/118 148/194/148 149/196/149
f 131/134/131 163/197/163 132/137/132
f 152/170/152 182/198/182 183/199/183
f 165/169/165 197/200/197 166/171/166
f 152/170/152 184/201/184 153/172/153
f 140/173/140 1070/22/1070 171/202/171
f 167/174/167 197/200/197 198/203/198
f 154/175/154 184/201/184 185/204/185
f 140/173/140 172/205/172 141/176/141
f 167/174/167 199/206/199 168/177/168
f 154/175/154 186/207/186 155/178/155
f 141/176/141 173/208/173 142/179/142
f 168/177/168 200/209/200 169/180/169
f 156/181/156 186/207/186 187/210/187
f 142/179/142 174/211/174 143/182/143
f 169/180/169 201/212/201 170/183/170
f 156/181/156 188/213/188 157/184/157
f 143/182/143 175/214/175 144/185/144
f 1226/48/1226 170/183/170 201/212/201
f 158/186/158 188/213/188 189/215/189
f 145/187/145 175/214/175 176/216/176
f 158/186/158 190/217/190 159/188/159
f 145/187/145 177/218/177 146/189/146
f 159/188/159 191/219/191 160/190/160
f 147/191/147 177/218/177 178/220/178
f 161/192/161 191/219/191 192/221/192
f 148/194/148 178/222/178 179/223/179
f 161/192/161 193/224/193 162/195/162
f 148/194/148 180/225/180 149/196/149
f 163/197/163 193/224/193 194/226/194
f 149/196/149 181/227/181 150/165/150
f 163/228/163 195/229/195 164/167/164
f 151/168/151 181/227/181 182/198/182
f 165/169/165 195/229/195 196/230/196
f 185/204/185 215/231/215 216/232/216
f 172/205/172 202/233/202 203/234/203
f 198/203/198 230/235/230 199/206/199
f 185/204/185 217/236/217 186/207/186
f 172/205/172 204/237/204 173/208/173
f 199/206/199 231/238/231 200/209/200
f 187/210/187 217/236/217 218/239/218
f 173/208/173 205/240/205 174/211/174
f 201/212/201 231/238/231 232/241/232
f 187/210/187 219/242/219 188/213/188
f 174/211/174 206/243/206 175/214/175
f 1226/48/1226 201/212/201 232/241/232
f 189/215/189 219/242/219 220/244/220
f 175/214/175 207/245/207 176/216/176
f 189/215/189 221/246/221 190/217/190
f 176/216/176 208/247/208 177/218/177
f 190/217/190 222/248/222 191/219/191
f 178/220/178 208/247/208 209/249/209
f 192/221/192 222/248/222 223/250/223
f 178/222/178 210/251/210 179/223/179
f 193/224/193 223/250/223 224/252/224
f 179/223/179 211/253/211 180/225/180
f 194/226/194 224/252/224 225/254/225
f 180/225/180 212/255/212 181/227/181
f 194/256/194 226/257/226 195/229/195
f 182/198/182 212/255/212 213/258/213
f 196/230/196 226/257/226 227/259/227
f 183/199/183 213/258/213 214/260/214
f 196/230/196 228/261/228 197/200/197
f 183/199/183 215/231/215 184/201/184
f 171/202/171 1070/22/1070 202/233/202
f 198/203/198 228/261/228 229/262/229
f 218/239/218 248/263/248 249/264/249
f 204/237/204 236/265/236 205/240/205
f 231/238/231 263/266/263 232/241/232
f 218/239/218 250/267/250 219/242/219
f 205/240/205 237/268/237 206/243/206
f 1226/48/1226 232/241/232 263/266/263
f 220/244/220 250/267/250 251/269/251
f 207/245/207 237/268/237 238/270/238
f 220/244/220 252/271/252 221/246/221
f 207/245/207 239/272/239 208/247/208
f 221/246/221 253/273/253 222/248/222
f 209/249/209 239/272/239 240/274/240
f 223/250/223 253/273/253 254/275/254
f 209/276/209 241/277/241 210/251/210
f 224/252/224 254/275/254 255/278/255
f 210/251/210 242/279/242 211/253/211
f 225/254/225 255/278/255 256/280/256
f 211/253/211 243/281/243 212/255/212
f 225/282/225 257/283/257 226/257/226
f 213/258/213 243/281/243 244/284/244
f 227/259/227 257/283/257 258/285/258
f 214/260/214 244/284/244 245/286/245
f 227/259/227 259/287/259 228/261/228
f 214/260/214 246/288/246 215/231/215
f 202/233/202 1070/22/1070 233/289/233
f 228/261/228 260/290/260 229/262/229
f 216/232/216 246/288/246 247/291/247
f 202/233/202 234/292/234 203/234/203
f 229/262/229 261/293/261 230/235/230
f 216/232/216 248/263/248 217/236/217
f 203/234/203 235/294/235 204/237/204
f 230/235/230 262/295/262 231/238/231
f 251/269/251 281/296/281 282/297/282
f 238/270/238 268/298/268 269/299/269
f 251/269/251 283/300/283 252/271/252
f 238/270/238 270/301/270 239/272/239
f 252/271/252 284/302/284 253/273/253
f 240/274/240 270/301/270 271/303/271
f 254/275/254 284/302/284 285/304/285
f 240/305/240 272/306/272 241/277/241
f 255/278/255 285/304/285 286/307/286
f 241/277/241 273/308/273 242/279/242
f 256/280/256 286/307/286 287/309/287
f 242/279/242 274/310/274 243/281/243
f 256/311/256 288/312/288 257/283/257
f 244/284/244 274/310/274 275/313/275
f 258/285/258 288/312/288 289/314/289
f 245/286/245 275/313/275 276/315/276
f 259/287/259 289/314/289 290/316/290
f 245/286/245 277/317/277 246/288/246
f 233/289/233 1070/22/1070 264/318/264
f 260/290/260 290/316/290 291/319/291
f 247/291/247 277/317/277 278/320/278
f 234/292/234 264/318/264 265/321/265
f 261/293/261 291/319/291 292/322/292
f 247/291/247 279/323/279 248/263/248
f 234/292/234 266/324/266 235/294/235
f 262/295/262 292/322/292 293/325/293
f 249/264/249 279/323/279 280/326/280
f 236/265/236 266/324/266 267/327/267
f 262/295/262 294/328/294 263/266/263
f 249/264/249 281/296/281 250/267/250
f 236/265/236 268/298/268 237/268/237
f 1226/48/1226 263/266/263 294/328/294
f 283/300/283 315/329/315 284/302/284
f 271/303/271 301/330/301 302/331/302
f 284/302/284 316/332/316 285/304/285
f 271/303/271 303/333/303 272/334/272
f 286/307/286 316/332/316 317/335/317
f 272/306/272 304/336/304 273/308/273
f 287/309/287 317/335/317 318/337/318
f 273/308/273 305/338/305 274/310/274
f 287/339/287 319/340/319 288/312/288
f 275/313/275 305/338/305 306/341/306
f 289/314/289 319/340/319 320/342/320
f 276/315/276 306/341/306 307/343/307
f 289/314/289 321/344/321 290/316/290
f 277/317/277 307/343/307 308/345/308
f 264/318/264 1070/22/1070 295/346/295
f 290/316/290 322/347/322 291/319/291
f 278/320/278 308/345/308 309/348/309
f 264/318/264 296/349/296 265/321/265
f 292/322/292 322/347/322 323/350/323
f 278/320/278 310/351/310 279/323/279
f 265/321/265 297/352/297 266/324/266
f 292/322/292 324/353/324 293/325/293
f 280/326/280 310/351/310 311/354/311
f 266/324/266 298/355/298 267/327/267
f 293/325/293 325/356/325 294/328/294
f 280/326/280 312/357/312 281/296/281
f 267/327/267 299/358/299 268/298/268
f 1226/48/1226 294/328/294 325/356/325
f 281/296/281 313/359/313 282/297/282
f 269/299/269 299/358/299 300/360/300
f 282/297/282 314/361/314 283/300/283
f 269/299/269 301/330/301 270/301/270
f 316/332/316 348/362/348 317/335/317
f 303/363/303 335/364/335 304/336/304
f 318/337/318 348/362/348 349/365/349
f 304/336/304 336/366/336 305/338/305
f 318/367/318 350/368/350 319/340/319
f 305/338/305 337/369/337 306/341/306
f 319/340/319 351/370/351 320/342/320
f 306/341/306 338/371/338 307/343/307
f 320/342/320 352/372/352 321/344/321
f 308/345/308 338/371/338 339/373/339
f 295/346/295 1070/22/1070 326/374/326
f 322/347/322 352/372/352 353/375/353
f 309/348/309 339/373/339 340/376/340
f 295/346/295 327/377/327 296/349/296
f 322/347/322 354/378/354 323/350/323
f 309/348/309 341/379/341 310/351/310
f 296/349/296 328/380/328 297/352/297
f 323/350/323 355/381/355 324/353/324
f 311/354/311 341/379/341 342/382/342
f 297/352/297 329/383/329 298/355/298
f 324/353/324 356/384/356 325/356/325
f 311/354/311 343/385/343 312/357/312
f 299/358/299 329/383/329 330/386/330
f 1226/48/1226 325/356/325 356/384/356
f 312/357/312 344/387/344 313/359/313
f 299/358/299 331/388/331 300/360/300
f 314/361/314 344/387/344 345/389/345
f 300/360/300 332/390/332 301/330/301
f 314/361/314 346/391/346 315/329/315
f 302/331/302 332/390/332 333/392/333
f 316/332/316 346/391/346 347/393/347
f 302/331/302 334/394/334 303/333/303
f 349/395/349 381/396/381 350/368/350
f 336/366/336 368/397/368 337/369/337
f 351/370/351 381/396/381 382/398/382
f 337/369/337 369/399/369 338/371/338
f 351/370/351 383/400/383 352/372/352
f 338/371/338 370/401/370 339/373/339
f 326/374/326 1070/22/1070 357/402/357
f 353/375/353 383/400/383 384/403/384
f 340/376/340 370/401/370 371/404/371
f 326/374/326 358/405/358 327/377/327
f 354/378/354 384/403/384 385/406/385
f 340/376/340 372/407/372 341/379/341
f 327/377/327 359/408/359 328/380/328
f 355/381/355 385/406/385 386/409/386
f 342/382/342 372/407/372 373/410/373
f 328/380/328 360/411/360 329/383/329
f 355/381/355 387/412/387 356/384/356
f 342/382/342 374/413/374 343/385/343
f 329/383/329 361/414/361 330/386/330
f 1226/48/1226 356/384/356 387/412/387
f 344/387/344 374/413/374 375/415/375
f 331/388/331 361/414/361 362/416/362
f 344/387/344 376/417/376 345/389/345
f 331/388/331 363/418/363 332/390/332
f 345/389/345 377/419/377 346/391/346
f 333/392/333 363/418/363 364/420/364
f 346/391/346 378/421/378 347/393/347
f 333/392/333 365/422/365 334/394/334
f 347/393/347 379/423/379 348/362/348
f 334/424/334 366/425/366 335/364/335
f 349/365/349 379/423/379 380/426/380
f 335/364/335 367/427/367 336/366/336
f 383/400/383 413/428/413 414/429/414
f 369/399/369 401/430/401 370/401/370
f 357/402/357 1070/22/1070 388/431/388
f 383/400/383 415/432/415 384/403/384
f 371/404/371 401/430/401 402/433/402
f 358/405/358 388/431/388 389/434/389
f 384/403/384 416/435/416 385/406/385
f 371/404/371 403/436/403 372/407/372
f 358/405/358 390/437/390 359/408/359
f 386/409/386 416/435/416 417/438/417
f 373/410/373 403/436/403 404/439/404
f 359/408/359 391/440/391 360/411/360
f 386/409/386 418/441/418 387/412/387
f 373/410/373 405/442/405 374/413/374
f 361/414/361 391/440/391 392/443/392
f 1226/48/1226 387/412/387 418/441/418
f 375/415/375 405/442/405 406/444/406
f 361/414/361 393/445/393 362/416/362
f 375/415/375 407/446/407 376/417/376
f 362/416/362 394/447/394 363/418/363
f 377/419/377 407/446/407 408/448/408
f 364/420/364 394/447/394 395/449/395
f 377/419/377 409/450/409 378/421/378
f 364/420/364 396/451/396 365/422/365
f 378/421/378 410/452/410 379/423/379
f 365/453/365 397/454/397 366/425/366
f 380/455/380 410/456/410 411/457/411
f 366/425/366 398/458/398 367/427/367
f 380/455/380 412/459/412 381/396/381
f 367/427/367 399/460/399 368/397/368
f 381/396/381 413/428/413 382/398/382
f 369/399/369 399/460/399 400/461/400
f 389/434/389 419/462/419 420/463/420
f 415/432/415 447/464/447 416/435/416
f 402/433/402 434/465/434 403/436/403
f 389/434/389 421/466/421 390/437/390
f 416/435/416 448/467/448 417/438/417
f 404/439/404 434/465/434 435/468/435
f 390/437/390 422/469/422 391/440/391
f 417/438/417 449/470/449 418/441/418
f 404/439/404 436/471/436 405/442/405
f 391/440/391 423/472/423 392/443/392
f 1226/48/1226 418/441/418 449/470/449
f 406/444/406 436/471/436 437/473/437
f 392/443/392 424/474/424 393/445/393
f 406/444/406 438/475/438 407/446/407
f 393/445/393 425/476/425 394/447/394
f 408/448/408 438/475/438 439/477/439
f 395/449/395 425/476/425 426/478/426
f 409/450/409 439/477/439 440/479/440
f 395/449/395 427/480/427 396/451/396
f 409/450/409 441/481/441 410/452/410
f 396/451/396 428/482/428 397/483/397
f 411/457/411 441/484/441 442/485/442
f 397/454/397 429/486/429 398/458/398
f 411/457/411 443/487/443 412/459/412
f 398/458/398 430/488/430 399/460/399
f 413/428/413 443/487/443 444/489/444
f 400/461/400 430/488/430 431/490/431
f 414/429/414 444/489/444 445/491/445
f 400/461/400 432/492/432 401/430/401
f 388/431/388 1070/22/1070 419/462/419
f 414/429/414 446/493/446 415/432/415
f 402/433/402 432/492/432 433/494/433
f 421/466/421 453/495/453 422/469/422
f 448/467/448 480/496/480 449/470/449
f 435/468/435 467/497/467 436/471/436
f 423/472/423 453/495/453 454/498/454
f 1226/48/1226 449/470/449 480/496/480
f 437/473/437 467/497/467 468/499/468
f 423/472/423 455/500/455 424/474/424
f 437/473/437 469/501/469 438/475/438
f 425/476/425 455/500/455 456/502/456
f 438/475/438 470/503/470 439/477/439
f 425/476/425 457/504/457 426/478/426
f 440/479/440 470/503/470 471/505/471
f 426/478/426 458/506/458 427/480/427
f 440/479/440 472/507/472 441/481/441
f 428/482/428 458/506/458 459/508/459
f 442/485/442 472/509/472 473/510/473
f 428/511/428 460/512/460 429/513/429
f 442/485/442 474/514/474 443/487/443
f 430/515/430 460/512/460 461/516/461
f 444/489/444 474/514/474 475/517/475
f 431/518/431 461/516/461 462/519/462
f 445/491/445 475/517/475 476/520/476
f 431/518/431 463/521/463 432/522/432
f 419/462/419 1070/22/1070 450/523/450
f 445/491/445 477/524/477 446/493/446
f 433/525/433 463/521/463 464/526/464
f 419/462/419 451/527/451 420/463/420
f 446/493/446 478/528/478 447/464/447
f 433/525/433 465/529/465 434/530/434
f 420/463/420 452/531/452 421/466/421
f 448/467/448 478/528/478 479/532/479
f 435/468/435 465/533/465 466/534/466
f 455/500/455 485/535/485 486/536/486
f 468/537/468 500/538/500 469/539/469
f 455/500/455 487/540/487 456/502/456
f 469/539/469 501/541/501 470/542/470
f 457/504/457 487/540/487 488/543/488
f 471/544/471 501/541/501 502/545/502
f 457/504/457 489/546/489 458/506/458
f 471/544/471 503/547/503 472/548/472
f 459/549/459 489/550/489 490/551/490
f 473/510/473 503/552/503 504/553/504
f 459/549/459 491/554/491 460/512/460
f 473/510/473 505/555/505 474/514/474
f 460/512/460 492/556/492 461/516/461
f 474/514/474 506/557/506 475/517/475
f 462/519/462 492/556/492 493/558/493
f 476/520/476 506/557/506 507/559/507
f 462/519/462 494/560/494 463/521/463
f 450/523/450 1070/22/1070 481/561/481
f 476/520/476 508/562/508 477/524/477
f 464/526/464 494/560/494 495/563/495
f 451/527/451 481/561/481 482/564/482
f 477/524/477 509/565/509 478/528/478
f 464/526/464 496/566/496 465/529/465
f 451/527/451 483/567/483 452/531/452
f 479/532/479 509/565/509 510/568/510
f 466/569/466 496/566/496 497/570/497
f 452/531/452 484/571/484 453/495/453
f 479/532/479 511/572/511 480/496/480
f 466/569/466 498/573/498 467/574/467
f 454/498/454 484/571/484 485/535/485
f 1226/48/1226 480/496/480 511/572/511
f 468/537/468 498/573/498 499/575/499
f 488/543/488 518/576/518 519/577/519
f 502/545/502 532/578/532 533/579/533
f 488/543/488 520/580/520 489/546/489
f 503/547/503 533/579/533 534/581/534
f 489/550/489 521/582/521 490/551/490
f 504/553/504 534/583/534 535/584/535
f 490/551/490 522/585/522 491/554/491
f 504/553/504 536/586/536 505/555/505
f 491/554/491 523/587/523 492/556/492
f 505/555/505 537/588/537 506/557/506
f 493/558/493 523/587/523 524/589/524
f 507/559/507 537/588/537 538/590/538
f 493/558/493 525/591/525 494/560/494
f 481/561/481 1070/22/1070 512/592/512
f 507/559/507 539/593/539 508/562/508
f 495/563/495 525/591/525 526/594/526
f 481/561/481 513/595/513 482/564/482
f 508/562/508 540/596/540 509/565/509
f 495/563/495 527/597/527 496/566/496
f 483/567/483 513/595/513 514/598/514
f 509/565/509 541/599/541 510/568/510
f 497/570/497 527/597/527 528/600/528
f 483/567/483 515/601/515 484/571/484
f 510/568/510 542/602/542 511/572/511
f 497/570/497 529/603/529 498/573/498
f 484/571/484 516/604/516 485/535/485
f 1226/48/1226 511/572/511 542/602/542
f 499/575/499 529/603/529 530/605/530
f 485/535/485 517/606/517 486/536/486
f 499/575/499 531/607/531 500/538/500
f 486/536/486 518/576/518 487/540/487
f 500/538/500 532/578/532 501/541/501
f 520/608/520 552/609/552 521/582/521
f 535/584/535 565/610/565 566/611/566
f 521/582/521 553/612/553 522/585/522
f 535/584/535 567/613/567 536/586/536
f 522/585/522 554/614/554 523/587/523
f 536/586/536 568/615/568 537/588/537
f 524/589/524 554/614/554 555/616/555
f 537/588/537 569/617/569 538/590/538
f 524/589/524 556/618/556 525/591/525
f 512/592/512 1070/22/1070 543/619/543
f 538/590/538 570/620/570 539/593/539
f 526/594/526 556/618/556 557/621/557
f 512/592/512 544/622/544 513/595/513
f 539/593/539 571/623/571 540/596/540
f 526/594/526 558/624/558 527/597/527
f 513/595/513 545/625/545 514/598/514
f 541/599/541 571/623/571 572/626/572
f 528/600/528 558/624/558 559/627/559
f 515/601/515 545/625/545 546/628/546
f 541/599/541 573/629/573 542/602/542
f 528/600/528 560/630/560 529/603/529
f 515/601/515 547/631/547 516/604/516
f 1226/48/1226 542/602/542 573/629/573
f 530/605/530 560/630/560 561/632/561
f 517/606/517 547/631/547 548/633/548
f 530/605/530 562/634/562 531/607/531
f 517/606/517 549/635/549 518/576/518
f 531/607/531 563/636/563 532/578/532
f 518/576/518 550/637/550 519/577/519
f 533/579/533 563/636/563 564/638/564
f 519/639/519 551/640/551 520/608/520
f 533/579/533 565/641/565 534/581/534
f 553/612/553 585/642/585 554/614/554
f 567/613/567 599/643/599 568/615/568
f 555/616/555 585/642/585 586/644/586
f 569/617/569 599/643/599 600/645/600
f 555/616/555 587/646/587 556/618/556
f 543/619/543 1070/22/1070 574/647/574
f 570/620/570 600/645/600 601/648/601
f 557/621/557 587/646/587 588/649/588
f 543/619/543 575/650/575 544/622/544
f 570/620/570 602/651/602 571/623/571
f 557/621/557 589/652/589 558/624/558
f 545/625/545 575/650/575 576/653/576
f 572/626/572 602/651/602 603/654/603
f 559/627/559 589/652/589 590/655/590
f 545/625/545 577/656/577 546/628/546
f 572/626/572 604/657/604 573/629/573
f 559/627/559 591/658/591 560/630/560
f 546/628/546 578/659/578 547/631/547
f 1226/48/1226 573/629/573 604/657/604
f 561/632/561 591/658/591 592/660/592
f 547/631/547 579/661/579 548/633/548
f 561/632/561 593/662/593 562/634/562
f 548/633/548 580/663/580 549/635/549
f 562/634/562 594/664/594 563/636/563
f 550/637/550 580/663/580 581/665/581
f 564/638/564 594/664/594 595/666/595
f 550/667/550 582/668/582 551/640/551
f 564/638/564 596/669/596 565/641/565
f 552/609/552 582/668/582 583/670/583
f 566/611/566 596/671/596 597/672/597
f 552/609/552 584/673/584 553/612/553
f 566/611/566 598/674/598 567/613/567
f 586/644/586 618/675/618 587/646/587
f 574/647/574 1070/22/1070 605/676/605
f 600/645/600 632/677/632 601/648/601
f 588/649/588 618/675/618 619/678/619
f 575/650/575 605/676/605 606/679/606
f 601/648/601 633/680/633 602/651/602
f 588/649/588 620/681/620 589/652/589
f 576/653/576 606/679/606 607/682/607
f 602/651/602 634/683/634 603/654/603
f 590/655/590 620/681/620 621/684/621
f 577/656/577 607/682/607 608/685/608
f 603/654/603 635/686/635 604/657/604
f 590/655/590 622/687/622 591/658/591
f 578/659/578 608/685/608 609/688/609
f 1226/48/1226 604/657/604 635/686/635
f 592/660/592 622/687/622 623/689/623
f 579/661/579 609/688/609 610/690/610
f 592/660/592 624/691/624 593/662/593
f 579/661/579 611/692/611 580/663/580
f 593/662/593 625/693/625 594/664/594
f 580/663/580 612/694/612 581/665/581
f 595/666/595 625/693/625 626/695/626
f 581/696/581 613/697/613 582/668/582
f 595/666/595 627/698/627 596/669/596
f 583/670/583 613/697/613 614/699/614
f 597/700/597 627/698/627 628/701/628
f 583/670/583 615/702/615 584/673/584
f 597/672/597 629/703/629 598/674/598
f 584/673/584 616/704/616 585/642/585
f 598/674/598 630/705/630 599/643/599
f 586/644/586 616/704/616 617/706/617
f 599/643/599 631/707/631 600/645/600
f 619/678/619 651/708/651 620/681/620
f 606/679/606 638/709/638 607/682/607
f 634/683/634 664/710/664 665/711/665
f 621/684/621 651/708/651 652/712/652
f 607/682/607 639/713/639 608/685/608
f 635/686/635 665/711/665 666/714/666
f 621/684/621 653/715/653 622/687/622
f 608/685/608 640/716/640 609/688/609
f 1226/48/1226 635/686/635 666/714/666
f 623/689/623 653/715/653 654/717/654
f 610/690/610 640/716/640 641/718/641
f 623/689/623 655/719/655 624/691/624
f 610/690/610 642/720/642 611/692/611
f 624/691/624 656/721/656 625/693/625
f 611/692/611 643/722/643 612/694/612
f 626/695/626 656/721/656 657/723/657
f 612/724/612 644/725/644 613/697/613
f 626/695/626 658/726/658 627/698/627
f 614/699/614 644/725/644 645/727/645
f 628/701/628 658/726/658 659/728/659
f 614/699/614 646/729/646 615/702/615
f 628/730/628 660/731/660 629/703/629
f 616/704/616 646/729/646 647/732/647
f 629/703/629 661/733/661 630/705/630
f 617/706/617 647/732/647 648/734/648
f 631/707/631 661/733/661 662/735/662
f 617/706/617 649/736/649 618/675/618
f 605/676/605 1070/22/1070 636/737/636
f 631/707/631 663/738/663 632/677/632
f 619/678/619 649/736/649 650/739/650
f 605/676/605 637/740/637 606/679/606
f 632/677/632 664/710/664 633/680/633
f 652/712/652 684/741/684 653/715/653
f 639/713/639 671/742/671 640/716/640
f 1226/48/1226 666/714/666 697/743/697
f 654/717/654 684/741/684 685/744/685
f 641/718/641 671/742/671 672/745/672
f 654/717/654 686/746/686 655/719/655
f 641/718/641 673/747/673 642/720/642
f 655/719/655 687/748/687 656/721/656
f 643/722/643 673/747/673 674/749/674
f 657/723/657 687/748/687 688/750/688
f 643/751/643 675/752/675 644/725/644
f 657/723/657 689/753/689 658/726/658
f 645/727/645 675/752/675 676/754/676
f 659/728/659 689/753/689 690/755/690
f 645/727/645 677/756/677 646/729/646
f 659/757/659 691/758/691 660/731/660
f 647/732/647 677/756/677 678/759/678
f 660/731/660 692/760/692 661/733/661
f 648/734/648 678/759/678 679/761/679
f 662/735/662 692/760/692 693/762/693
f 648/734/648 680/763/680 649/736/649
f 636/737/636 1070/22/1070 667/764/667
f 662/735/662 694/765/694 663/738/663
f 650/739/650 680/763/680 681/766/681
f 636/737/636 668/767/668 637/740/637
f 664/710/664 694/765/694 695/768/695
f 650/739/650 682/769/682 651/708/651
f 637/740/637 669/770/669 638/709/638
f 665/711/665 695/768/695 696/771/696
f 652/712/652 682/769/682 683/772/683
f 638/709/638 670/773/670 639/713/639
f 666/714/666 696/771/696 697/743/697
f 685/744/685 717/774/717 686/746/686
f 672/745/672 704/775/704 673/747/673
f 686/746/686 718/776/718 687/748/687
f 674/749/674 704/775/704 705/777/705
f 688/750/688 718/776/718 719/778/719
f 674/779/674 706/780/706 675/752/675
f 688/750/688 720/781/720 689/753/689
f 676/754/676 706/780/706 707/782/707
f 690/755/690 720/781/720 721/783/721
f 676/754/676 708/784/708 677/756/677
f 690/785/690 722/786/722 691/758/691
f 678/759/678 708/784/708 709/787/709
f 692/760/692 722/786/722 723/788/723
f 679/761/679 709/787/709 710/789/710
f 692/760/692 724/790/724 693/762/693
f 679/761/679 711/791/711 680/763/680
f 667/764/667 1070/22/1070 698/792/698
f 694/765/694 724/790/724 725/793/725
f 681/766/681 711/791/711 712/794/712
f 667/764/667 699/795/699 668/767/668
f 694/765/694 726/796/726 695/768/695
f 681/766/681 713/797/713 682/769/682
f 668/767/668 700/798/700 669/770/669
f 696/771/696 726/796/726 727/799/727
f 683/772/683 713/797/713 714/800/714
f 669/770/669 701/801/701 670/773/670
f 696/771/696 728/802/728 697/743/697
f 683/772/683 715/803/715 684/741/684
f 670/773/670 702/804/702 671/742/671
f 1226/48/1226 697/743/697 728/802/728
f 685/744/685 715/803/715 716/805/716
f 671/742/671 703/806/703 672/745/672
f 719/778/719 749/807/749 750/808/750
f 705/809/705 737/810/737 706/780/706
f 719/778/719 751/811/751 720/781/720
f 707/782/707 737/810/737 738/812/738
f 720/781/720 752/813/752 721/783/721
f 707/782/707 739/814/739 708/784/708
f 721/815/721 753/816/753 722/786/722
f 709/787/709 739/814/739 740/817/740
f 723/788/723 753/816/753 754/818/754
f 710/789/710 740/817/740 741/819/741
f 723/788/723 755/820/755 724/790/724
f 710/789/710 742/821/742 711/791/711
f 698/792/698 1070/22/1070 729/822/729
f 725/793/725 755/820/755 756/823/756
f 712/794/712 742/821/742 743/824/743
f 698/792/698 730/825/730 699/795/699
f 725/793/725 757/826/757 726/796/726
f 712/794/712 744/827/744 713/797/713
f 699/795/699 731/828/731 700/798/700
f 726/796/726 758/829/758 727/799/727
f 714/800/714 744/827/744 745/830/745
f 701/801/701 731/828/731 732/831/732
f 727/799/727 759/832/759 728/802/728
f 714/800/714 746/833/746 715/803/715
f 701/801/701 733/834/733 702/804/702
f 1226/48/1226 728/802/728 759/832/759
f 716/805/716 746/833/746 747/835/747
f 703/806/703 733/834/733 734/836/734
f 716/805/716 748/837/748 717/774/717
f 703/806/703 735/838/735 704/775/704
f 717/774/717 749/807/749 718/776/718
f 705/777/705 735/838/735 736/839/736
f 751/811/751 783/840/783 752/813/752
f 738/812/738 770/841/770 739/814/739
f 752/842/752 784/843/784 753/816/753
f 740/817/740 770/841/770 771/844/771
f 753/816/753 785/845/785 754/818/754
f 741/819/741 771/844/771 772/846/772
f 754/818/754 786/847/786 755/820/755
f 741/819/741 773/848/773 742/821/742
f 729/822/729 1070/22/1070 760/849/760
f 755/820/755 787/850/787 756/823/756
f 743/824/743 773/848/773 774/851/774
f 729/822/729 761/852/761 730/825/730
f 756/823/756 788/853/788 757/826/757
f 743/824/743 775/854/775 744/827/744
f 730/825/730 762/855/762 731/828/731
f 758/829/758 788/853/788 789/856/789
f 745/830/745 775/854/775 776/857/776
f 732/831/732 762/855/762 763/858/763
f 758/829/758 790/859/790 759/832/759
f 745/830/745 777/860/777 746/833/746
f 732/831/732 764/861/764 733/834/733
f 1226/48/1226 759/832/759 790/859/790
f 747/835/747 777/860/777 778/862/778
f 733/834/733 765/863/765 734/836/734
f 747/835/747 779/864/779 748/837/748
f 734/836/734 766/865/766 735/838/735
f 748/837/748 780/866/780 749/807/749
f 735/838/735 767/867/767 736/839/736
f 750/808/750 780/866/780 781/868/781
f 737/810/737 767/869/767 768/870/768
f 750/808/750 782/871/782 751/811/751
f 738/812/738 768/870/768 769/872/769
f 784/843/784 816/873/816 785/845/785
f 772/846/772 802/874/802 803/875/803
f 785/845/785 817/876/817 786/847/786
f 772/846/772 804/877/804 773/848/773
f 760/849/760 1070/22/1070 791/878/791
f 786/847/786 818/879/818 787/850/787
f 774/851/774 804/877/804 805/880/805
f 760/849/760 792/881/792 761/852/761
f 787/850/787 819/882/819 788/853/788
f 774/851/774 806/883/806 775/854/775
f 761/852/761 793/884/793 762/855/762
f 788/853/788 820/885/820 789/856/789
f 776/857/776 806/883/806 807/886/807
f 762/855/762 794/887/794 763/858/763
f 789/856/789 821/888/821 790/859/790
f 776/857/776 808/889/808 777/860/777
f 764/861/764 794/887/794 795/890/795
f 1226/48/1226 790/859/790 821/888/821
f 777/860/777 809/891/809 778/862/778
f 765/863/765 795/890/795 796/892/796
f 778/862/778 810/893/810 779/864/779
f 766/865/766 796/892/796 797/894/797
f 779/864/779 811/895/811 780/866/780
f 767/867/767 797/894/797 798/896/798
f 781/868/781 811/895/811 812/897/812
f 767/869/767 799/898/799 768/870/768
f 781/868/781 813/899/813 782/871/782
f 768/870/768 800/900/800 769/872/769
f 783/901/783 813/902/813 814/903/814
f 769/872/769 801/904/801 770/841/770
f 783/901/783 815/905/815 784/843/784
f 771/844/771 801/904/801 802/874/802
f 814/903/814 846/906/846 815/905/815
f 802/874/802 832/907/832 833/908/833
f 815/905/815 847/909/847 816/873/816
f 803/875/803 833/908/833 834/910/834
f 817/876/817 847/909/847 848/911/848
f 803/875/803 835/912/835 804/877/804
f 791/878/791 1070/22/1070 822/913/822
f 818/879/818 848/911/848 849/914/849
f 805/880/805 835/912/835 836/915/836
f 791/878/791 823/916/823 792/881/792
f 818/879/818 850/917/850 819/882/819
f 805/880/805 837/918/837 806/883/806
f 792/881/792 824/919/824 793/884/793
f 819/882/819 851/920/851 820/885/820
f 807/886/807 837/918/837 838/921/838
f 793/884/793 825/922/825 794/887/794
f 820/885/820 852/923/852 821/888/821
f 807/886/807 839/924/839 808/889/808
f 794/887/794 826/925/826 795/890/795
f 1226/48/1226 821/888/821 852/923/852
f 808/889/808 840/926/840 809/891/809
f 795/890/795 827/927/827 796/892/796
f 809/891/809 841/928/841 810/893/810
f 797/894/797 827/927/827 828/929/828
f 810/893/810 842/930/842 811/895/811
f 797/894/797 829/931/829 798/896/798
f 812/897/812 842/930/842 843/932/843
f 798/933/798 830/934/830 799/898/799
f 812/897/812 844/935/844 813/899/813
f 799/898/799 831/936/831 800/900/800
f 814/903/814 844/937/844 845/938/845
f 800/900/800 832/907/832 801/904/801
f 848/911/848 878/939/878 879/940/879
f 834/910/834 866/941/866 835/912/835
f 822/913/822 1070/22/1070 853/942/853
f 849/914/849 879/940/879 880/943/880
f 836/915/836 866/941/866 867/944/867
f 823/916/823 853/942/853 854/945/854
f 850/917/850 880/943/880 881/946/881
f 836/915/836 868/947/868 837/918/837
f 823/916/823 855/948/855 824/919/824
f 851/920/851 881/946/881 882/949/882
f 838/921/838 868/947/868 869/950/869
f 824/919/824 856/951/856 825/922/825
f 851/920/851 883/952/883 852/923/852
f 838/921/838 870/953/870 839/924/839
f 825/922/825 857/954/857 826/925/826
f 1226/48/1226 852/923/852 883/952/883
f 839/924/839 871/955/871 840/926/840
f 826/925/826 858/956/858 827/927/827
f 840/926/840 872/957/872 841/928/841
f 828/929/828 858/956/858 859/958/859
f 841/928/841 873/959/873 842/930/842
f 828/929/828 860/960/860 829/931/829
f 843/932/843 873/959/873 874/961/874
f 829/962/829 861/963/861 830/934/830
f 844/935/844 874/961/874 875/964/875
f 830/934/830 862/965/862 831/936/831
f 845/938/845 875/966/875 876/967/876
f 831/936/831 863/968/863 832/907/832
f 846/906/846 876/967/876 877/969/877
f 833/908/833 863/968/863 864/970/864
f 846/906/846 878/939/878 847/909/847
f 834/910/834 864/970/864 865/971/865
f 880/943/880 912/972/912 881/946/881
f 867/944/867 899/973/899 868/947/868
f 854/945/854 886/974/886 855/948/855
f 881/946/881 913/975/913 882/949/882
f 869/950/869 899/973/899 900/976/900
f 855/948/855 887/977/887 856/951/856
f 882/949/882 914/978/914 883/952/883
f 869/950/869 901/979/901 870/953/870
f 857/954/857 887/977/887 888/980/888
f 1226/48/1226 883/952/883 914/978/914
f 871/955/871 901/979/901 902/981/902
f 857/954/857 889/982/889 858/956/858
f 871/955/871 903/983/903 872/957/872
f 858/956/858 890/984/890 859/958/859
f 872/957/872 904/985/904 873/959/873
f 859/958/859 891/986/891 860/960/860
f 874/961/874 904/985/904 905/987/905
f 860/960/860 892/988/892 861/989/861
f 874/961/874 906/990/906 875/964/875
f 862/965/862 892/991/892 893/992/893
f 876/967/876 906/993/906 907/994/907
f 862/965/862 894/995/894 863/968/863
f 877/969/877 907/994/907 908/996/908
f 864/970/864 894/995/894 895/997/895
f 877/969/877 909/998/909 878/939/878
f 865/971/865 895/997/895 896/999/896
f 879/940/879 909/998/909 910/1000/910
f 865/971/865 897/1001/897 866/941/866
f 853/942/853 1070/22/1070 884/1002/884
f 879/940/879 911/1003/911 880/943/880
f 867/944/867 897/1001/897 898/1004/898
f 854/945/854 884/1002/884 885/1005/885
f 914/978/914 944/1006/944 945/1007/945
f 900/976/900 932/1008/932 901/979/901
f 888/980/888 918/1009/918 919/1010/919
f 1226/48/1226 914/978/914 945/1007/945
f 902/981/902 932/1008/932 933/1011/933
f 888/980/888 920/1012/920 889/982/889
f 902/981/902 934/1013/934 903/983/903
f 890/984/890 920/1012/920 921/1014/921
f 903/983/903 935/1015/935 904/985/904
f 890/984/890 922/1016/922 891/986/891
f 905/987/905 935/1015/935 936/1017/936
f 891/986/891 923/1018/923 892/988/892
f 905/1019/905 937/1020/937 906/993/906
f 893/992/893 923/1021/923 924/1022/924
f 907/994/907 937/1020/937 938/1023/938
f 893/992/893 925/1024/925 894/995/894
f 907/994/907 939/1025/939 908/996/908
f 894/995/894 926/1026/926 895/997/895
f 908/996/908 940/1027/940 909/998/909
f 896/999/896 926/1026/926 927/1028/927
f 909/998/909 941/1029/941 910/1000/910
f 896/999/896 928/1030/928 897/1001/897
f 884/1002/884 1070/22/1070 915/1031/915
f 910/1000/910 942/1032/942 911/1003/911
f 898/1004/898 928/1030/928 929/1033/929
f 885/1005/885 915/1031/915 916/1034/916
f 912/972/912 942/1032/942 943/1035/943
f 898/1004/898 930/1036/930 899/973/899
f 885/1005/885 917/1037/917 886/974/886
f 912/972/912 944/1006/944 913/975/913
f 900/976/900 930/1036/930 931/1038/931
f 887/977/887 917/1037/917 918/1009/918
f 933/1011/933 965/1039/965 934/1013/934
f 921/1014/921 951/1040/951 952/1041/952
f 934/1013/934 966/1042/966 935/1015/935
f 921/1014/921 953/1043/953 922/1016/922
f 936/1017/936 966/1042/966 967/1044/967
f 922/1016/922 954/1045/954 923/1018/923
f 936/1046/936 968/1047/968 937/1020/937
f 924/1048/924 954/1049/954 955/1050/955
f 937/1020/937 969/1051/969 938/1023/938
f 924/1022/924 956/1052/956 925/1024/925
f 939/1025/939 969/1051/969 970/1053/970
f 926/1026/926 956/1052/956 957/1054/957
f 939/1025/939 971/1055/971 940/1027/940
f 927/1056/927 957/1057/957 958/1058/958
f 941/1029/941 971/1055/971 972/1059/972
f 927/1056/927 959/1060/959 928/1061/928
f 915/1031/915 1070/22/1070 946/1062/946
f 941/1029/941 973/1063/973 942/1032/942
f 929/1064/929 959/1060/959 960/1065/960
f 915/1031/915 947/1066/947 916/1034/916
f 942/1032/942 974/1067/974 943/1035/943
f 929/1033/929 961/1068/961 930/1036/930
f 916/1034/916 948/1069/948 917/1037/917
f 944/1006/944 974/1067/974 975/1070/975
f 931/1038/931 961/1068/961 962/1071/962
f 917/1037/917 949/1072/949 918/1009/918
f 944/1006/944 976/1073/976 945/1007/945
f 931/1074/931 963/1075/963 932/1076/932
f 919/1010/919 949/1072/949 950/1077/950
f 1226/48/1226 945/1007/945 976/1073/976
f 933/1078/933 963/1075/963 964/1079/964
f 919/1010/919 951/1040/951 920/1012/920
f 967/1080/967 997/1081/997 998/1082/998
f 953/1043/953 985/1083/985 954/1045/954
f 967/1084/967 999/1085/999 968/1047/968
f 955/1050/955 985/1086/985 986/1087/986
f 969/1051/969 999/1085/999 1000/1088/1000
f 955/1050/955 987/1089/987 956/1090/956
f 970/1053/970 1000/1088/1000 1001/1091/1001
f 957/1057/957 987/1089/987 988/1092/988
f 970/1053/970 1002/1093/1002 971/1055/971
f 958/1058/958 988/1092/988 989/1094/989
f 972/1059/972 1002/1093/1002 1003/1095/1003
f 958/1058/958 990/1096/990 959/1060/959
f 946/1062/946 1070/22/1070 977/1097/977
f 972/1059/972 1004/1098/1004 973/1063/973
f 960/1065/960 990/1096/990 991/1099/991
f 946/1062/946 978/1100/978 947/1066/947
f 973/1063/973 1005/1101/1005 974/1067/974
f 960/1065/960 992/1102/992 961/1103/961
f 947/1066/947 979/1104/979 948/1069/948
f 974/1067/974 1006/1105/1006 975/1070/975
f 962/1106/962 992/1102/992 993/1107/993
f 948/1069/948 980/1108/980 949/1072/949
f 975/1070/975 1007/1109/1007 976/1073/976
f 962/1106/962 994/1110/994 963/1075/963
f 950/1077/950 980/1108/980 981/1111/981
f 1226/48/1226 976/1073/976 1007/1109/1007
f 963/1075/963 995/1112/995 964/1079/964
f 950/1077/950 982/1113/982 951/1040/951
f 964/1079/964 996/1114/996 965/1115/965
f 952/1041/952 982/1113/982 983/1116/983
f 965/1115/965 997/1081/997 966/1117/966
f 952/1041/952 984/1118/984 953/1043/953
f 1000/1088/1000 1030/1119/1030 1031/1120/1031
f 986/1087/986 1018/1121/1018 987/1089/987
f 1001/1091/1001 1031/1120/1031 1032/1122/1032
f 988/1092/988 1018/1121/1018 1019/1123/1019
f 1001/1091/1001 1033/1124/1033 1002/1093/1002
f 989/1094/989 1019/1123/1019 1020/1125/1020
f 1003/1095/1003 1033/1124/1033 1034/1126/1034
f 989/1094/989 1021/1127/1021 990/1096/990
f 977/1097/977 1070/22/1070 1008/1128/1008
f 1004/1098/1004 1034/1126/1034 1035/1129/1035
f 991/1099/991 1021/1127/1021 1022/1130/1022
f 978/1100/978 1008/1128/1008 1009/1131/1009
f 1004/1098/1004 1036/1132/1036 1005/1101/1005
f 991/1099/991 1023/1133/1023 992/1102/992
f 978/1100/978 1010/1134/1010 979/1104/979
f 1005/1101/1005 1037/1135/1037 1006/1105/1006
f 993/1107/993 1023/1133/1023 1024/1136/1024
f 979/1104/979 1011/1137/1011 980/1108/980
f 1006/1105/1006 1038/1138/1038 1007/1109/1007
f 993/1107/993 1025/1139/1025 994/1110/994
f 980/1108/980 1012/1140/1012 981/1111/981
f 1226/48/1226 1007/1109/1007 1038/1138/1038
f 994/1110/994 1026/1141/1026 995/1112/995
f 981/1111/981 1013/1142/1013 982/1113/982
f 995/1112/995 1027/1143/1027 996/1114/996
f 983/1116/983 1013/1142/1013 1014/1144/1014
f 996/1114/996 1028/1145/1028 997/1081/997
f 983/1116/983 1015/1146/1015 984/1118/984
f 998/1082/998 1028/1145/1028 1029/1147/1029
f 984/1118/984 1016/1148/1016 985/1083/985
f 998/1082/998 1030/1149/1030 999/1150/999
f 986/1087/986 1016/1151/1016 1017/1152/1017
f 1032/1122/1032 1064/1153/1064 1033/1124/1033
f 1020/1125/1020 1050/1154/1050 1051/1155/1051
f 1033/1124/1033 1065/1156/1065 1034/1126/1034
f 1020/1125/1020 1052/1157/1052 1021/1127/1021
f 1008/1128/1008 1070/22/1070 1039/1158/1039
f 1034/1126/1034 1066/1159/1066 1035/1129/1035
f 1022/1130/1022 1052/1157/1052 1053/1160/1053
f 1008/1128/1008 1040/1161/1040 1009/1131/1009
f 1035/1129/1035 1067/1162/1067 1036/1132/1036
f 1022/1130/1022 1054/1163/1054 1023/1133/1023
f 1009/1131/1009 1041/1164/1041 1010/1134/1010
f 1037/1135/1037 1067/1162/1067 1068/1165/1068
f 1024/1136/1024 1054/1163/1054 1055/1166/1055
f 1010/1134/1010 1042/1167/1042 1011/1137/1011
f 1037/1135/1037 1069/1168/1069 1038/1138/1038
f 1024/1136/1024 1056/1169/1056 1025/1139/1025
f 1011/1137/1011 1043/1170/1043 1012/1140/1012
f 1226/48/1226 1038/1138/1038 1069/1168/1069
f 1025/1139/1025 1057/1171/1057 1026/1141/1026
f 1012/1140/1012 1044/1172/1044 1013/1142/1013
f 1026/1141/1026 1058/1173/1058 1027/1143/1027
f 1014/1144/1014 1044/1172/1044 1045/1174/1045
f 1027/1143/1027 1059/1175/1059 1028/1145/1028
f 1014/1144/1014 1046/1176/1046 1015/1146/1015
f 1029/1147/1029 1059/1175/1059 1060/1177/1060
f 1015/1178/1015 1047/1179/1047 1016/1151/1016
f 1029/1147/1029 1061/1180/1061 1030/1149/1030
f 1017/1152/1017 1047/1179/1047 1048/1181/1048
f 1031/1120/1031 1061/1182/1061 1062/1183/1062
f 1017/1152/1017 1049/1184/1049 1018/1121/1018
f 1031/1120/1031 1063/1185/1063 1032/1122/1032
f 1019/1123/1019 1049/1184/1049 1050/1154/1050
f 1039/1158/1039 1070/22/1070 1071/1186/1071
f 1066/1159/1066 1097/1187/1097 1098/1188/1098
f 1053/1160/1053 1084/1189/1084 1085/1190/1085
f 1039/1158/1039 1072/1191/1072 1040/1161/1040
f 1066/1159/1066 1099/1192/1099 1067/1162/1067
f 1053/1160/1053 1086/1193/1086 1054/1163/1054
f 1040/1161/1040 1073/1194/1073 1041/1164/1041
f 1068/1165/1068 1099/1192/1099 1100/1195/1100
f 1055/1166/1055 1086/1193/1086 1087/1196/1087
f 1042/1167/1042 1073/1194/1073 1074/1197/1074
f 1069/1168/1069 1100/1195/1100 1101/1198/1101
f 1055/1166/1055 1088/1199/1088 1056/1169/1056
f 1042/1167/1042 1075/1200/1075 1043/1170/1043
f 1226/48/1226 1069/1168/1069 1101/1198/1101
f 1057/1171/1057 1088/1199/1088 1089/1201/1089
f 1043/1170/1043 1076/1202/1076 1044/1172/1044
f 1057/1171/1057 1090/1203/1090 1058/1173/1058
f 1045/1174/1045 1076/1202/1076 1077/1204/1077
f 1058/1173/1058 1091/1205/1091 1059/1175/1059
f 1045/1174/1045 1078/1206/1078 1046/1176/1046
f 1060/1177/1060 1091/1205/1091 1092/1207/1092
f 1046/1208/1046 1079/1209/1079 1047/1179/1047
f 1060/1177/1060 1093/1210/1093 1061/1180/1061
f 1048/1181/1048 1079/1209/1079 1080/1211/1080
f 1062/1183/1062 1093/1212/1093 1094/1213/1094
f 1048/1181/1048 1081/1214/1081 1049/1184/1049
f 1062/1183/1062 1095/1215/1095 1063/1185/1063
f 1049/1184/1049 1082/1216/1082 1050/1154/1050
f 1063/1185/1063 1096/1217/1096 1064/1153/1064
f 1051/1155/1051 1082/1216/1082 1083/1218/1083
f 1065/1156/1065 1096/1217/1096 1097/1187/1097
f 1051/1155/1051 1084/1189/1084 1052/1157/1052
f 1072/1191/1072 1104/1219/1104 1073/1194/1073
f 1100/1195/1100 1130/1220/1130 1131/1221/1131
f 1087/1196/1087 1117/1222/1117 1118/1223/1118
f 1073/1194/1073 1105/1224/1105 1074/1197/1074
f 1100/1195/1100 1132/1225/1132 1101/1198/1101
f 1087/1196/1087 1119/1226/1119 1088/1199/1088
f 1075/1200/1075 1105/1224/1105 1106/1227/1106
f 1226/48/1226 1101/1198/1101 1132/1225/1132
f 1089/1201/1089 1119/1226/1119 1120/1228/1120
f 1075/1200/1075 1107/1229/1107 1076/1202/1076
f 1089/1201/1089 1121/1230/1121 1090/1203/1090
f 1077/1204/1077 1107/1229/1107 1108/1231/1108
f 1090/1203/1090 1122/1232/1122 1091/1205/1091
f 1077/1204/1077 1109/1233/1109 1078/1206/1078
f 1092/1207/1092 1122/1232/1122 1123/1234/1123
f 1078/1235/1078 1110/1236/1110 1079/1209/1079
f 1092/1207/1092 1124/1237/1124 1093/1210/1093
f 1080/1211/1080 1110/1236/1110 1111/1238/1111
f 1094/1213/1094 1124/1239/1124 1125/1240/1125
f 1080/1211/1080 1112/1241/1112 1081/1214/1081
f 1094/1213/1094 1126/1242/1126 1095/1215/1095
f 1082/1216/1082 1112/1241/1112 1113/1243/1113
f 1095/1215/1095 1127/1244/1127 1096/1217/1096
f 1083/1218/1083 1113/1243/1113 1114/1245/1114
f 1097/1187/1097 1127/1244/1127 1128/1246/1128
f 1083/1218/1083 1115/1247/1115 1084/1189/1084
f 1071/1186/1071 1070/22/1070 1102/1248/1102
f 1097/1187/1097 1129/1249/1129 1098/1188/1098
f 1085/1190/1085 1115/1247/1115 1116/1250/1116
f 1071/1186/1071 1103/1251/1103 1072/1191/1072
f 1098/1188/1098 1130/1220/1130 1099/1192/1099
f 1085/1190/1085 1117/1222/1117 1086/1193/1086
f 1106/1227/1106 1136/1252/1136 1137/1253/1137
f 1226/48/1226 1132/1225/1132 1163/1254/1163
f 1120/1228/1120 1150/1255/1150 1151/1256/1151
f 1106/1227/1106 1138/1257/1138 1107/1229/1107
f 1120/1228/1120 1152/1258/1152 1121/1230/1121
f 1108/1231/1108 1138/1257/1138 1139/1259/1139
f 1121/1230/1121 1153/1260/1153 1122/1232/1122
f 1108/1231/1108 1140/1261/1140 1109/1233/1109
f 1123/1234/1123 1153/1260/1153 1154/1262/1154
f 1109/1263/1109 1141/1264/1141 1110/1236/1110
f 1123/1234/1123 1155/1265/1155 1124/1237/1124
f 1111/1238/1111 1141/1264/1141 1142/1266/1142
f 1125/1267/1125 1155/1265/1155 1156/1268/1156
f 1111/1238/1111 1143/1269/1143 1112/1241/1112
f 1126/1242/1126 1156/1270/1156 1157/1271/1157
f 1113/1243/1113 1143/1269/1143 1144/1272/1144
f 1126/1242/1126 1158/1273/1158 1127/1244/1127
f 1114/1245/1114 1144/1272/1144 1145/1274/1145
f 1128/1246/1128 1158/1273/1158 1159/1275/1159
f 1114/1245/1114 1146/1276/1146 1115/1247/1115
f 1102/1248/1102 1070/22/1070 1133/1277/1133
f 1128/1246/1128 1160/1278/1160 1129/1249/1129
f 1116/1250/1116 1146/1276/1146 1147/1279/1147
f 1102/1248/1102 1134/1280/1134 1103/1251/1103
f 1129/1249/1129 1161/1281/1161 1130/1220/1130
f 1116/1250/1116 1148/1282/1148 1117/1222/1117
f 1103/1251/1103 1135/1283/1135 1104/1219/1104
f 1130/1220/1130 1162/1284/1162 1131/1221/1131
f 1118/1223/1118 1148/1282/1148 1149/1285/1149
f 1104/1219/1104 1136/1252/1136 1105/1224/1105
f 1131/1221/1131 1163/1254/1163 1132/1225/1132
f 1118/1223/1118 1150/1255/1150 1119/1226/1119
f 1139/1259/1139 1169/1286/1169 1170/1287/1170
f 1152/1258/1152 1184/1288/1184 1153/1260/1153
f 1139/1259/1139 1171/1289/1171 1140/1261/1140
f 1154/1262/1154 1184/1288/1184 1185/1290/1185
f 1140/1291/1140 1172/1292/1172 1141/1264/1141
f 1154/1262/1154 1186/1293/1186 1155/1265/1155
f 1142/1266/1142 1172/1292/1172 1173/1294/1173
f 1156/1268/1156 1186/1293/1186 1187/1295/1187
f 1142/1266/1142 1174/1296/1174 1143/1269/1143
f 1157/1271/1157 1187/1297/1187 1188/1298/1188
f 1144/1272/1144 1174/1296/1174 1175/1299/1175
f 1157/1271/1157 1189/1300/1189 1158/1273/1158
f 1145/1274/1145 1175/1299/1175 1176/1301/1176
f 1159/1275/1159 1189/1300/1189 1190/1302/1190
f 1145/1274/1145 1177/1303/1177 1146/1276/1146
f 1133/1277/1133 1070/22/1070 1164/1304/1164
f 1160/1278/1160 1190/1302/1190 1191/1305/1191
f 1147/1279/1147 1177/1303/1177 1178/1306/1178
f 1134/1280/1134 1164/1304/1164 1165/1307/1165
f 1161/1281/1161 1191/1305/1191 1192/1308/1192
f 1147/1279/1147 1179/1309/1179 1148/1282/1148
f 1134/1280/1134 1166/1310/1166 1135/1283/1135
f 1162/1284/1162 1192/1308/1192 1193/1311/1193
f 1149/1285/1149 1179/1309/1179 1180/1312/1180
f 1135/1283/1135 1167/1313/1167 1136/1252/1136
f 1162/1284/1162 1194/1314/1194 1163/1254/1163
f 1149/1285/1149 1181/1315/1181 1150/1255/1150
f 1136/1252/1136 1168/1316/1168 1137/1253/1137
f 1226/48/1226 1163/1254/1163 1194/1314/1194
f 1151/1256/1151 1181/1315/1181 1182/1317/1182
f 1137/1253/1137 1169/1286/1169 1138/1257/1138
f 1151/1256/1151 1183/1318/1183 1152/1258/1152
f 1171/1319/1171 1203/1320/1203 1172/1292/1172
f 1185/1290/1185 1217/1321/1217 1186/1293/1186
f 1173/1294/1173 1203/1320/1203 1204/1322/1204
f 1187/1295/1187 1217/1321/1217 1218/1323/1218
f 1173/1294/1173 1205/1324/1205 1174/1296/1174
f 1188/1298/1188 1218/1325/1218 1219/1326/1219
f 1175/1299/1175 1205/1324/1205 1206/1327/1206
f 1188/1298/1188 1220/1328/1220 1189/1300/1189
f 1176/1301/1176 1206/1327/1206 1207/1329/1207
f 1190/1302/1190 1220/1328/1220 1221/1330/1221
f 1176/1301/1176 1208/1331/1208 1177/1303/1177
f 1164/1304/1164 1070/22/1070 1195/1332/1195
f 1191/1305/1191 1221/1330/1221 1222/1333/1222
f 1178/1306/1178 1208/1331/1208 1209/1334/1209
f 1165/1307/1165 1195/1332/1195 1196/1335/1196
f 1191/1305/1191 1223/1336/1223 1192/1308/1192
f 1178/1306/1178 1210/1337/1210 1179/1309/1179
f 1165/1307/1165 1197/1338/1197 1166/1310/1166
f 1193/1311/1193 1223/1336/1223 1224/1339/1224
f 1180/1312/1180 1210/1337/1210 1211/1340/1211
f 1167/1313/1167 1197/1338/1197 1198/1341/1198
f 1193/1311/1193 1225/1342/1225 1194/1314/1194
f 1180/1312/1180 1212/1343/1212 1181/1315/1181
f 1167/1313/1167 1199/1344/1199 1168/1316/1168
f 1226/48/1226 1194/1314/1194 1225/1342/1225
f 1182/1317/1182 1212/1343/1212 1213/1345/1213
f 1168/1316/1168 1200/1346/1200 1169/1286/1169
f 1182/1317/1182 1214/1347/1214 1183/1318/1183
f 1170/1287/1170 1200/1346/1200 1201/1348/1201
f 1183/1318/1183 1215/1349/1215 1184/1288/1184
f 1171/1289/1171 1201/1348/1201 1202/1350/1202
f 1185/1290/1185 1215/1349/1215 1216/1351/1216
f 1204/1322/1204 1237/1352/1237 1205/1324/1205
f 1219/1326/1219 1250/1353/1250 1251/1354/1251
f 1206/1327/1206 1237/1352/1237 1238/1355/1238
f 1219/1326/1219 1252/1356/1252 1220/1328/1220
f 1207/1329/1207 1238/1355/1238 1239/1357/1239
f 1221/1330/1221 1252/1356/1252 1253/1358/1253
f 1207/1329/1207 1240/1359/1240 1208/1331/1208
f 1195/1332/1195 1070/22/1070 1227/1360/1227
f 1221/1330/1221 1254/1361/1254 1222/1333/1222
f 1209/1334/1209 1240/1359/1240 1241/1362/1241
f 1196/1335/1196 1227/1360/1227 1228/1363/1228
f 1222/1333/1222 1255/1364/1255 1223/1336/1223
f 1209/1334/1209 1242/1365/1242 1210/1337/1210
f 1196/1335/1196 1229/1366/1229 1197/1338/1197
f 1224/1339/1224 1255/1364/1255 1256/1367/1256
f 1211/1340/1211 1242/1365/1242 1243/1368/1243
f 1197/1338/1197 1230/1369/1230 1198/1341/1198
f 1225/1342/1225 1256/1367/1256 1257/1370/1257
f 1211/1340/1211 1244/1371/1244 1212/1343/1212
f 1198/1341/1198 1231/1372/1231 1199/1344/1199
f 1226/48/1226 1225/1342/1225 1257/1370/1257
f 1213/1345/1213 1244/1371/1244 1245/1373/1245
f 1199/1344/1199 1232/1374/1232 1200/1346/1200
f 1213/1345/1213 1246/1375/1246 1214/1347/1214
f 1201/1348/1201 1232/1374/1232 1233/1376/1233
f 1214/1347/1214 1247/1377/1247 1215/1349/1215
f 1201/1348/1201 1234/1378/1234 1202/1350/1202
f 1216/1351/1216 1247/1377/1247 1248/1379/1248
f 1202/1380/1202 1235/1381/1235 1203/1320/1203
f 1216/1351/1216 1249/1382/1249 1217/1321/1217
f 1204/1322/1204 1235/1381/1235 1236/1383/1236
f 1218/1323/1218 1249/1382/1249 1250/1384/1250
f 1239/1357/1239 1269/1385/1269 1270/1386/1270
f 1253/1358/1253 1283/1387/1283 1284/1388/1284
f 1239/1357/1239 1271/1389/1271 1240/1359/1240
f 1227/1360/1227 1070/22/1070 1258/1390/1258
f 1253/1358/1253 1285/1391/1285 1254/1361/1254
f 1241/1362/1241 1271/1389/1271 1272/1392/1272
f 1227/1360/1227 1259/1393/1259 1228/1363/1228
f 1254/1361/1254 1286/1394/1286 1255/1364/1255
f 1241/1362/1241 1273/1395/1273 1242/1365/1242
f 1228/1363/1228 1260/1396/1260 1229/1366/1229
f 1256/1367/1256 1286/1394/1286 1287/1397/1287
f 1243/1368/1243 1273/1395/1273 1274/1398/1274
f 1229/1366/1229 1261/1399/1261 1230/1369/1230
f 1257/1370/1257 1287/1397/1287 1288/1400/1288
f 1243/1368/1243 1275/1401/1275 1244/1371/1244
f 1230/1369/1230 1262/1402/1262 1231/1372/1231
f 1226/48/1226 1257/1370/1257 1288/1400/1288
f 1245/1373/1245 1275/1401/1275 1276/1403/1276
f 1231/1372/1231 1263/1404/1263 1232/1374/1232
f 1245/1373/1245 1277/1405/1277 1246/1375/1246
f 1233/1376/1233 1263/1404/1263 1264/1406/1264
f 1246/1375/1246 1278/1407/1278 1247/1377/1247
f 1233/1376/1233 1265/1408/1265 1234/1378/1234
f 1248/1379/1248 1278/1407/1278 1279/1409/1279
f 1234/1410/1234 1266/1411/1266 1235/1381/1235
f 1248/1379/1248 1280/1412/1280 1249/1382/1249
f 1236/1383/1236 1266/1411/1266 1267/1413/1267
f 1250/1384/1250 1280/1412/1280 1281/1414/1281
f 1236/1383/1236 1268/1415/1268 1237/1352/1237
f 1250/1353/1250 1282/1416/1282 1251/1354/1251
f 1238/1355/1238 1268/1415/1268 1269/1385/1269
f 1251/1354/1251 1283/1387/1283 1252/1356/1252
f 1272/1392/1272 1302/1417/1302 1303/1418/1303
f 1259/1393/1259 1289/1419/1289 1290/1420/1290
f 1285/1391/1285 1317/1421/1317 1286/1394/1286
f 1272/1392/1272 1304/1422/1304 1273/1395/1273
f 1259/1393/1259 1291/1423/1291 1260/1396/1260
f 1286/1394/1286 1318/1424/1318 1287/1397/1287
f 1274/1398/1274 1304/1422/1304 1305/1425/1305
f 1260/1396/1260 1292/1426/1292 1261/1399/1261
f 1288/1400/1288 1318/1424/1318 1319/1427/1319
f 1274/1398/1274 1306/1428/1306 1275/1401/1275
f 1261/1399/1261 1293/1429/1293 1262/1402/1262
f 1226/48/1226 1288/1400/1288 1319/1427/1319
f 1276/1403/1276 1306/1428/1306 1307/1430/1307
f 1262/1402/1262 1294/1431/1294 1263/1404/1263
f 1276/1403/1276 1308/1432/1308 1277/1405/1277
f 1264/1406/1264 1294/1431/1294 1295/1433/1295
f 1277/1405/1277 1309/1434/1309 1278/1407/1278
f 1265/1408/1265 1295/1433/1295 1296/1435/1296
f 1279/1409/1279 1309/1434/1309 1310/1436/1310
f 1265/1437/1265 1297/1438/1297 1266/1411/1266
f 1279/1409/1279 1311/1439/1311 1280/1412/1280
f 1267/1413/1267 1297/1438/1297 1298/1440/1298
f 1281/1441/1281 1311/1442/1311 1312/1443/1312
f 1267/1413/1267 1299/1444/1299 1268/1415/1268
f 1281/1441/1281 1313/1445/1313 1282/1416/1282
f 1269/1385/1269 1299/1444/1299 1300/1446/1300
f 1282/1416/1282 1314/1447/1314 1283/1387/1283
f 1270/1386/1270 1300/1446/1300 1301/1448/1301
f 1284/1388/1284 1314/1447/1314 1315/1449/1315
f 1270/1386/1270 1302/1417/1302 1271/1389/1271
f 1258/1390/1258 1070/22/1070 1289/1419/1289
f 1284/1388/1284 1316/1450/1316 1285/1391/1285
f 1305/1425/1305 1335/1451/1335 1336/1452/1336
f 1291/1423/1291 1323/1453/1323 1292/1426/1292
f 1318/1424/1318 1350/1454/1350 1319/1427/1319
f 1305/1425/1305 1337/1455/1337 1306/1428/1306
f 1293/1429/1293 1323/1453/1323 1324/1456/1324
f 1226/48/1226 1319/1427/1319 1350/1454/1350
f 1306/1428/1306 1338/1457/1338 1307/1430/1307
f 1293/1429/1293 1325/1458/1325 1294/1431/1294
f 1307/1430/1307 1339/1459/1339 1308/1432/1308
f 1294/1431/1294 1326/1460/1326 1295/1433/1295
f 1308/1432/1308 1340/1461/1340 1309/1434/1309
f 1295/1433/1295 1327/1462/1327 1296/1435/1296
f 1310/1436/1310 1340/1461/1340 1341/1463/1341
f 1296/1464/1296 1328/1465/1328 1297/1438/1297
f 1310/1436/1310 1342/1466/1342 1311/1439/1311
f 1298/1440/1298 1328/1465/1328 1329/1467/1329
f 1312/1443/1312 1342/1468/1342 1343/1469/1343
f 1298/1440/1298 1330/1470/1330 1299/1444/1299
f 1313/1445/1313 1343/1469/1343 1344/1471/1344
f 1300/1446/1300 1330/1470/1330 1331/1472/1331
f 1313/1445/1313 1345/1473/1345 1314/1447/1314
f 1301/1448/1301 1331/1472/1331 1332/1474/1332
f 1315/1449/1315 1345/1473/1345 1346/1475/1346
f 1301/1448/1301 1333/1476/1333 1302/1417/1302
f 1289/1419/1289 1070/22/1070 1320/1477/1320
f 1316/1450/1316 1346/1475/1346 1347/1478/1347
f 1303/1418/1303 1333/1476/1333 1334/1479/1334
f 1289/1419/1289 1321/1480/1321 1290/1420/1290
f 1317/1421/1317 1347/1478/1347 1348/1481/1348
f 1303/1418/1303 1335/1451/1335 1304/1422/1304
f 1291/1423/1291 1321/1480/1321 1322/1482/1322
f 1317/1421/1317 1349/1483/1349 1318/1424/1318
f 1338/1457/1338 1368/1484/1368 1369/1485/1369
f 1324/1456/1324 1356/1486/1356 1325/1458/1325
f 1338/1457/1338 1370/1487/1370 1339/1459/1339
f 1325/1458/1325 1357/1488/1357 1326/1460/1326
f 1339/1459/1339 1371/1489/1371 1340/1461/1340
f 1326/1460/1326 1358/1490/1358 1327/1462/1327
f 1341/1463/1341 1371/1489/1371 1372/1491/1372
f 1327/1492/1327 1359/1493/1359 1328/1465/1328
f 1341/1463/1341 1373/1494/1373 1342/1466/1342
f 1329/1467/1329 1359/1493/1359 1360/1495/1360
f 1343/1469/1343 1373/1496/1373 1374/1497/1374
f 1329/1467/1329 1361/1498/1361 1330/1470/1330
f 1344/1471/1344 1374/1497/1374 1375/1499/1375
f 1331/1472/1331 1361/1498/1361 1362/1500/1362
f 1344/1471/1344 1376/1501/1376 1345/1473/1345
f 1332/1474/1332 1362/1500/1362 1363/1502/1363
f 1346/1475/1346 1376/1501/1376 1377/1503/1377
f 1332/1474/1332 1364/1504/1364 1333/1476/1333
f 1320/1477/1320 1070/22/1070 1351/1505/1351
f 1346/1475/1346 1378/1506/1378 1347/1478/1347
f 1334/1479/1334 1364/1504/1364 1365/1507/1365
f 1320/1477/1320 1352/1508/1352 1321/1480/1321
f 1348/1481/1348 1378/1506/1378 1379/1509/1379
f 1334/1479/1334 1366/1510/1366 1335/1451/1335
f 1322/1482/1322 1352/1508/1352 1353/1511/1353
f 1349/1483/1349 1379/1509/1379 1380/1512/1380
f 1336/1452/1336 1366/1510/1366 1367/1513/1367
f 1322/1482/1322 1354/1514/1354 1323/1453/1323
f 1349/1483/1349 1381/1515/1381 1350/1454/1350
f 1336/1452/1336 1368/1484/1368 1337/1455/1337
f 1324/1456/1324 1354/1514/1354 1355/1516/1355
f 1226/48/1226 1350/1454/1350 1381/1515/1381
f 1370/1487/1370 1402/1517/1402 1371/1489/1371
f 1357/1488/1357 1389/1518/1389 1358/1490/1358
f 1372/1491/1372 1402/1517/1402 1403/1519/1403
f 1358/1490/1358 1390/1520/1390 1359/1521/1359
f 1372/1491/1372 1404/1522/1404 1373/1494/1373
f 1360/1495/1360 1390/1523/1390 1391/1524/1391
f 1374/1497/1374 1404/1525/1404 1405/1526/1405
f 1360/1495/1360 1392/1527/1392 1361/1498/1361
f 1375/1499/1375 1405/1526/1405 1406/1528/1406
f 1362/1500/1362 1392/1527/1392 1393/1529/1393
f 1375/1499/1375 1407/1530/1407 1376/1501/1376
f 1363/1502/1363 1393/1529/1393 1394/1531/1394
f 1377/1503/1377 1407/1530/1407 1408/1532/1408
f 1363/1502/1363 1395/1533/1395 1364/1504/1364
f 1351/1505/1351 1070/22/1070 1382/1534/1382
f 1377/1503/1377 1409/1535/1409 1378/1506/1378
f 1365/1507/1365 1395/1533/1395 1396/1536/1396
f 1351/1505/1351 1383/1537/1383 1352/1508/1352
f 1379/1509/1379 1409/1535/1409 1410/1538/1410
f 1365/1507/1365 1397/1539/1397 1366/1510/1366
f 1352/1508/1352 1384/1540/1384 1353/1511/1353
f 1379/1509/1379 1411/1541/1411 1380/1512/1380
f 1367/1513/1367 1397/1539/1397 1398/1542/1398
f 1353/1511/1353 1385/1543/1385 1354/1514/1354
f 1380/1512/1380 1412/1544/1412 1381/1515/1381
f 1367/1513/1367 1399/1545/1399 1368/1484/1368
f 1354/1514/1354 1386/1546/1386 1355/1516/1355
f 1226/48/1226 1381/1515/1381 1412/1544/1412
f 1369/1485/1369 1399/1545/1399 1400/1547/1400
f 1355/1516/1355 1387/1548/1387 1356/1486/1356
f 1369/1485/1369 1401/1549/1401 1370/1487/1370
f 1357/1488/1357 1387/1548/1387 1388/1550/1388
f 1403/1551/1403 1435/1552/1435 1404/1525/1404
f 1391/1524/1391 1421/1553/1421 1422/1554/1422
f 1405/1526/1405 1435/1552/1435 1436/1555/1436
f 1391/1524/1391 1423/1556/1423 1392/1527/1392
f 1405/1526/1405 1437/1557/1437 1406/1528/1406
f 1393/1529/1393 1423/1556/1423 1424/1558/1424
f 1406/1528/1406 1438/1559/1438 1407/1530/1407
f 1394/1531/1394 1424/1558/1424 1425/1560/1425
f 1408/1532/1408 1438/1559/1438 1439/1561/1439
f 1394/1531/1394 1426/1562/1426 1395/1533/1395
f 1382/1534/1382 1070/22/1070 1413/1563/1413
f 1408/1532/1408 1440/1564/1440 1409/1535/1409
f 1396/1536/1396 1426/1562/1426 1427/1565/1427
f 1382/1534/1382 1414/1566/1414 1383/1537/1383
f 1410/1538/1410 1440/1564/1440 1441/1567/1441
f 1396/1536/1396 1428/1568/1428 1397/1539/1397
f 1384/1540/1384 1414/1566/1414 1415/1569/1415
f 1410/1538/1410 1442/1570/1442 1411/1541/1411
f 1398/1542/1398 1428/1568/1428 1429/1571/1429
f 1384/1540/1384 1416/1572/1416 1385/1543/1385
f 1411/1541/1411 1443/1573/1443 1412/1544/1412
f 1398/1542/1398 1430/1574/1430 1399/1545/1399
f 1386/1546/1386 1416/1572/1416 1417/1575/1417
f 1226/48/1226 1412/1544/1412 1443/1573/1443
f 1400/1547/1400 1430/1574/1430 1431/1576/1431
f 1386/1546/1386 1418/1577/1418 1387/1548/1387
f 1400/1547/1400 1432/1578/1432 1401/1549/1401
f 1388/1550/1388 1418/1577/1418 1419/1579/1419
f 1401/1549/1401 1433/1580/1433 1402/1517/1402
f 1388/1550/1388 1420/1581/1420 1389/1518/1389
f 1403/1519/1403 1433/1580/1433 1434/1582/1434
f 1389/1518/1389 1421/1583/1421 1390/1520/1390
f 1437/1557/1437 1467/1584/1467 1468/1585/1468
f 1424/1558/1424 1454/1586/1454 1455/1587/1455
f 1437/1557/1437 1469/1588/1469 1438/1559/1438
f 1425/1560/1425 1455/1587/1455 1456/1589/1456
f 1439/1561/1439 1469/1588/1469 1470/1590/1470
f 1425/1560/1425 1457/1591/1457 1426/1562/1426
f 1413/1563/1413 1070/22/1070 1444/1592/1444
f 1439/1561/1439 1471/1593/1471 1440/1564/1440
f 1427/1565/1427 1457/1591/1457 1458/1594/1458
f 1413/1563/1413 1445/1595/1445 1414/1566/1414
f 1440/1564/1440 1472/1596/1472 1441/1567/1441
f 1427/1565/1427 1459/1597/1459 1428/1568/1428
f 1414/1566/1414 1446/1598/1446 1415/1569/1415
f 1442/1570/1442 1472/1596/1472 1473/1599/1473
f 1429/1600/1429 1459/1601/1459 1460/1602/1460
f 1416/1572/1416 1446/1598/1446 1447/1603/1447
f 1443/1573/1443 1473/1599/1473 1474/1604/1474
f 1429/1600/1429 1461/1605/1461 1430/1606/1430
f 1417/1575/1417 1447/1603/1447 1448/1607/1448
f 1226/48/1226 1443/1573/1443 1474/1604/1474
f 1431/1608/1431 1461/1605/1461 1462/1609/1462
f 1417/1575/1417 1449/1610/1449 1418/1577/1418
f 1431/1608/1431 1463/1611/1463 1432/1612/1432
f 1419/1579/1419 1449/1610/1449 1450/1613/1450
f 1432/1612/1432 1464/1614/1464 1433/1615/1433
f 1419/1579/1419 1451/1616/1451 1420/1581/1420
f 1434/1617/1434 1464/1614/1464 1465/1618/1465
f 1420/1581/1420 1452/1619/1452 1421/1583/1421
f 1434/1620/1434 1466/1621/1466 1435/1552/1435
f 1422/1554/1422 1452/1622/1452 1453/1623/1453
f 1436/1555/1436 1466/1621/1466 1467/1584/1467
f 1422/1554/1422 1454/1586/1454 1423/1556/1423
f 1470/1590/1470 1500/1624/1500 1501/1625/1501
f 1456/1626/1456 1488/1627/1488 1457/1628/1457
f 1444/1592/1444 1070/22/1070 1475/1629/1475
f 1471/1593/1471 1501/1625/1501 1502/1630/1502
f 1458/1631/1458 1488/1627/1488 1489/1632/1489
f 1445/1595/1445 1475/1629/1475 1476/1633/1476
f 1471/1593/1471 1503/1634/1503 1472/1596/1472
f 1458/1631/1458 1490/1635/1490 1459/1601/1459
f 1445/1595/1445 1477/1636/1477 1446/1598/1446
f 1472/1596/1472 1504/1637/1504 1473/1599/1473
f 1460/1602/1460 1490/1635/1490 1491/1638/1491
f 1447/1603/1447 1477/1636/1477 1478/1639/1478
f 1473/1599/1473 1505/1640/1505 1474/1604/1474
f 1460/1602/1460 1492/1641/1492 1461/1605/1461
f 1448/1607/1448 1478/1639/1478 1479/1642/1479
f 1226/48/1226 1474/1604/1474 1505/1640/1505
f 1462/1609/1462 1492/1641/1492 1493/1643/1493
f 1448/1607/1448 1480/1644/1480 1449/1610/1449
f 1462/1609/1462 1494/1645/1494 1463/1611/1463
f 1450/1613/1450 1480/1644/1480 1481/1646/1481
f 1463/1611/1463 1495/1647/1495 1464/1614/1464
f 1450/1613/1450 1482/1648/1482 1451/1616/1451
f 1465/1618/1465 1495/1647/1495 1496/1649/1496
f 1451/1616/1451 1483/1650/1483 1452/1619/1452
f 1465/1618/1465 1497/1651/1497 1466/1652/1466
f 1453/1653/1453 1483/1654/1483 1484/1655/1484
f 1467/1584/1467 1497/1656/1497 1498/1657/1498
f 1453/1653/1453 1485/1658/1485 1454/1659/1454
f 1468/1585/1468 1498/1657/1498 1499/1660/1499
f 1455/1661/1455 1485/1658/1485 1486/1662/1486
f 1468/1585/1468 1500/1624/1500 1469/1588/1469
f 1456/1626/1456 1486/1662/1486 1487/1663/1487
f 1475/1629/1475 1507/1664/1507 1476/1633/1476
f 1503/1634/1503 1533/1665/1533 1534/1666/1534
f 1489/1632/1489 1521/1667/1521 1490/1635/1490
f 1477/1636/1477 1507/1664/1507 1508/1668/1508
f 1503/1634/1503 1535/1669/1535 1504/1637/1504
f 1491/1638/1491 1521/1667/1521 1522/1670/1522
f 1477/1636/1477 1509/1671/1509 1478/1639/1478
f 1504/1637/1504 1536/1672/1536 1505/1640/1505
f 1491/1638/1491 1523/1673/1523 1492/1641/1492
f 1479/1642/1479 1509/1671/1509 1510/1674/1510
f 1226/48/1226 1505/1640/1505 1536/1672/1536
f 1493/1643/1493 1523/1673/1523 1524/1675/1524
f 1479/1642/1479 1511/1676/1511 1480/1644/1480
f 1493/1643/1493 1525/1677/1525 1494/1645/1494
f 1481/1646/1481 1511/1676/1511 1512/1678/1512
f 1494/1645/1494 1526/1679/1526 1495/1647/1495
f 1481/1646/1481 1513/1680/1513 1482/1648/1482
f 1496/1649/1496 1526/1679/1526 1527/1681/1527
f 1482/1648/1482 1514/1682/1514 1483/1650/1483
f 1496/1649/1496 1528/1683/1528 1497/1651/1497
f 1484/1655/1484 1514/1684/1514 1515/1685/1515
f 1498/1657/1498 1528/1686/1528 1529/1687/1529
f 1484/1655/1484 1516/1688/1516 1485/1658/1485
f 1499/1660/1499 1529/1687/1529 1530/1689/1530
f 1486/1662/1486 1516/1688/1516 1517/1690/1517
f 1499/1660/1499 1531/1691/1531 1500/1624/1500
f 1487/1663/1487 1517/1690/1517 1518/1692/1518
f 1501/1625/1501 1531/1691/1531 1532/1693/1532
f 1487/1663/1487 1519/1694/1519 1488/1627/1488
f 1475/1629/1475 1070/22/1070 1506/1695/1506
f 1501/1625/1501 1533/1665/1533 1502/1630/1502
f 1489/1632/1489 1519/1694/1519 1520/1696/1520
f 1509/1671/1509 1539/1697/1539 1540/1698/1540
f 1536/1672/1536 1566/1699/1566 1567/1700/1567
f 1522/1670/1522 1554/1701/1554 1523/1673/1523
f 1509/1671/1509 1541/1702/1541 1510/1674/1510
f 1226/48/1226 1536/1672/1536 1567/1700/1567
f 1524/1675/1524 1554/1701/1554 1555/1703/1555
f 1510/1674/1510 1542/1704/1542 1511/1676/1511
f 1524/1675/1524 1556/1705/1556 1525/1677/1525
f 1512/1678/1512 1542/1704/1542 1543/1706/1543
f 1525/1677/1525 1557/1707/1557 1526/1679/1526
f 1512/1678/1512 1544/1708/1544 1513/1680/1513
f 1527/1681/1527 1557/1707/1557 1558/1709/1558
f 1513/1680/1513 1545/1710/1545 1514/1682/1514
f 1527/1681/1527 1559/1711/1559 1528/1683/1528
f 1515/1685/1515 1545/1712/1545 1546/1713/1546
f 1529/1714/1529 1559/1711/1559 1560/1715/1560
f 1515/1685/1515 1547/1716/1547 1516/1688/1516
f 1529/1687/1529 1561/1717/1561 1530/1689/1530
f 1517/1690/1517 1547/1716/1547 1548/1718/1548
f 1530/1689/1530 1562/1719/1562 1531/1691/1531
f 1518/1692/1518 1548/1718/1548 1549/1720/1549
f 1532/1693/1532 1562/1719/1562 1563/1721/1563
f 1518/1692/1518 1550/1722/1550 1519/1694/1519
f 1506/1695/1506 1070/22/1070 1537/1723/1537
f 1532/1693/1532 1564/1724/1564 1533/1665/1533
f 1520/1696/1520 1550/1722/1550 1551/1725/1551
f 1506/1695/1506 1538/1726/1538 1507/1664/1507
f 1533/1665/1533 1565/1727/1565 1534/1666/1534
f 1520/1696/1520 1552/1728/1552 1521/1667/1521
f 1507/1664/1507 1539/1697/1539 1508/1668/1508
f 1534/1666/1534 1566/1699/1566 1535/1669/1535
f 1522/1670/1522 1552/1728/1552 1553/1729/1553
f 1541/1702/1541 1573/1730/1573 1542/1704/1542
f 1555/1703/1555 1587/1731/1587 1556/1705/1556
f 1543/1706/1543 1573/1730/1573 1574/1732/1574
f 1556/1705/1556 1588/1733/1588 1557/1707/1557
f 1543/1706/1543 1575/1734/1575 1544/1708/1544
f 1558/1709/1558 1588/1733/1588 1589/1735/1589
f 1544/1708/1544 1576/1736/1576 1545/1710/1545
f 1558/1709/1558 1590/1737/1590 1559/1711/1559
f 1546/1713/1546 1576/1738/1576 1577/1739/1577
f 1560/1715/1560 1590/1737/1590 1591/1740/1591
f 1546/1713/1546 1578/1741/1578 1547/1716/1547
f 1560/1742/1560 1592/1743/1592 1561/1717/1561
f 1548/1718/1548 1578/1741/1578 1579/1744/1579
f 1561/1717/1561 1593/1745/1593 1562/1719/1562
f 1549/1720/1549 1579/1744/1579 1580/1746/1580
f 1563/1721/1563 1593/1745/1593 1594/1747/1594
f 1549/1720/1549 1581/1748/1581 1550/1722/1550
f 1537/1723/1537 1070/22/1070 1568/1749/1568
f 1563/1721/1563 1595/1750/1595 1564/1724/1564
f 1551/1725/1551 1581/1748/1581 1582/1751/1582
f 1537/1723/1537 1569/1752/1569 1538/1726/1538
f 1564/1724/1564 1596/1753/1596 1565/1727/1565
f 1551/1725/1551 1583/1754/1583 1552/1728/1552
f 1538/1726/1538 1570/1755/1570 1539/1697/1539
f 1566/1699/1566 1596/1753/1596 1597/1756/1597
f 1553/1729/1553 1583/1754/1583 1584/1757/1584
f 1540/1698/1540 1570/1755/1570 1571/1758/1571
f 1567/1700/1567 1597/1756/1597 1598/1759/1598
f 1553/1729/1553 1585/1760/1585 1554/1701/1554
f 1540/1698/1540 1572/1761/1572 1541/1702/1541
f 1226/48/1226 1567/1700/1567 1598/1759/1598
f 1555/1703/1555 1585/1760/1585 1586/1762/1586
f 1589/1735/1589 1621/1763/1621 1590/1737/1590
f 1577/1739/1577 1607/1764/1607 1608/1765/1608
f 1591/1740/1591 1621/1763/1621 1622/1766/1622
f 1577/1739/1577 1609/1767/1609 1578/1741/1578
f 1591/1768/1591 1623/1769/1623 1592/1743/1592
f 1579/1744/1579 1609/1767/1609 1610/1770/1610
f 1592/1743/1592 1624/1771/1624 1593/1745/1593
f 1580/1746/1580 1610/1770/1610 1611/1772/1611
f 1594/1747/1594 1624/1771/1624 1625/1773/1625
f 1580/1746/1580 1612/1774/1612 1581/1748/1581
f 1568/1749/1568 1070/22/1070 1599/1775/1599
f 1594/1747/1594 1626/1776/1626 1595/1750/1595
f 1582/1751/1582 1612/1774/1612 1613/1777/1613
f 1568/1749/1568 1600/1778/1600 1569/1752/1569
f 1595/1750/1595 1627/1779/1627 1596/1753/1596
f 1582/1751/1582 1614/1780/1614 1583/1754/1583
f 1569/1752/1569 1601/1781/1601 1570/1755/1570
f 1596/1753/1596 1628/1782/1628 1597/1756/1597
f 1584/1757/1584 1614/1780/1614 1615/1783/1615
f 1570/1755/1570 1602/1784/1602 1571/1758/1571
f 1597/1756/1597 1629/1785/1629 1598/1759/1598
f 1584/1757/1584 1616/1786/1616 1585/1760/1585
f 1571/1758/1571 1603/1787/1603 1572/1761/1572
f 1226/48/1226 1598/1759/1598 1629/1785/1629
f 1586/1762/1586 1616/1786/1616 1617/1788/1617
f 1572/1761/1572 1604/1789/1604 1573/1730/1573
f 1586/1762/1586 1618/1790/1618 1587/1731/1587
f 1574/1732/1574 1604/1789/1604 1605/1791/1605
f 1587/1731/1587 1619/1792/1619 1588/1733/1588
f 1574/1732/1574 1606/1793/1606 1575/1734/1575
f 1589/1735/1589 1619/1792/1619 1620/1794/1620
f 1575/1795/1575 1607/1764/1607 1576/1738/1576
f 1623/1769/1623 1653/1796/1653 1654/1797/1654
f 1610/1770/1610 1640/1798/1640 1641/1799/1641
f 1623/1769/1623 1655/1800/1655 1624/1771/1624
f 1611/1772/1611 1641/1799/1641 1642/1801/1642
f 1625/1773/1625 1655/1800/1655 1656/1802/1656
f 1611/1772/1611 1643/1803/1643 1612/1774/1612
f 1599/1775/1599 1070/22/1070 1630/1804/1630
f 1625/1773/1625 1657/1805/1657 1626/1776/1626
f 1613/1777/1613 1643/1803/1643 1644/1806/1644
f 1599/1775/1599 1631/1807/1631 1600/1778/1600
f 1626/1776/1626 1658/1808/1658 1627/1779/1627
f 1613/1777/1613 1645/1809/1645 1614/1780/1614
f 1600/1778/1600 1632/1810/1632 1601/1781/1601
f 1627/1779/1627 1659/1811/1659 1628/1782/1628
f 1615/1783/1615 1645/1809/1645 1646/1812/1646
f 1601/1781/1601 1633/1813/1633 1602/1784/1602
f 1629/1785/1629 1659/1811/1659 1660/1814/1660
f 1615/1783/1615 1647/1815/1647 1616/1786/1616
f 1603/1787/1603 1633/1813/1633 1634/1816/1634
f 1226/48/1226 1629/1785/1629 1660/1814/1660
f 1617/1788/1617 1647/1815/1647 1648/1817/1648
f 1603/1787/1603 1635/1818/1635 1604/1789/1604
f 1617/1788/1617 1649/1819/1649 1618/1790/1618
f 1605/1791/1605 1635/1818/1635 1636/1820/1636
f 1618/1790/1618 1650/1821/1650 1619/1792/1619
f 1605/1791/1605 1637/1822/1637 1606/1793/1606
f 1620/1794/1620 1650/1821/1650 1651/1823/1651
f 1606/1824/1606 1638/1825/1638 1607/1764/1607
f 1620/1794/1620 1652/1826/1652 1621/1763/1621
f 1608/1765/1608 1638/1825/1638 1639/1827/1639
f 1622/1766/1622 1652/1826/1652 1653/1828/1653
f 1608/1765/1608 1640/1798/1640 1609/1767/1609
f 1656/1802/1656 1686/1829/1686 1687/1830/1687
f 1642/1801/1642 1674/1831/1674 1643/1803/1643
f 1630/1804/1630 1070/22/1070 1661/1832/1661
f 1656/1802/1656 1688/1833/1688 1657/1805/1657
f 1644/1806/1644 1674/1831/1674 1675/1834/1675
f 1630/1804/1630 1662/1835/1662 1631/1807/1631
f 1658/1808/1658 1688/1833/1688 1689/1836/1689
f 1644/1806/1644 1676/1837/1676 1645/1809/1645
f 1631/1807/1631 1663/1838/1663 1632/1810/1632
f 1659/1811/1659 1689/1836/1689 1690/1839/1690
f 1646/1812/1646 1676/1837/1676 1677/1840/1677
f 1632/1810/1632 1664/1841/1664 1633/1813/1633
f 1660/1814/1660 1690/1839/1690 1691/1842/1691
f 1646/1812/1646 1678/1843/1678 1647/1815/1647
f 1634/1816/1634 1664/1841/1664 1665/1844/1665
f 1226/48/1226 1660/1814/1660 1691/1842/1691
f 1648/1817/1648 1678/1843/1678 1679/1845/1679
f 1634/1816/1634 1666/1846/1666 1635/1818/1635
f 1648/1817/1648 1680/1847/1680 1649/1819/1649
f 1636/1820/1636 1666/1846/1666 1667/1848/1667
f 1649/1819/1649 1681/1849/1681 1650/1821/1650
f 1636/1820/1636 1668/1850/1668 1637/1822/1637
f 1651/1823/1651 1681/1849/1681 1682/1851/1682
f 1637/1852/1637 1669/1853/1669 1638/1825/1638
f 1651/1823/1651 1683/1854/1683 1652/1826/1652
f 1639/1827/1639 1669/1853/1669 1670/1855/1670
f 1653/1828/1653 1683/1854/1683 1684/1856/1684
f 1639/1827/1639 1671/1857/1671 1640/1798/1640
f 1654/1797/1654 1684/1858/1684 1685/1859/1685
f 1641/1799/1641 1671/1857/1671 1672/1860/1672
f 1654/1797/1654 1686/1829/1686 1655/1800/1655
f 1642/1801/1642 1672/1860/1672 1673/1861/1673
f 1661/1832/1661 1693/1862/1693 1662/1835/1662
f 1688/1833/1688 1720/1863/1720 1689/1836/1689
f 1675/1834/1675 1707/1864/1707 1676/1837/1676
f 1662/1835/1662 1694/1865/1694 1663/1838/1663
f 1689/1836/1689 1721/1866/1721 1690/1839/1690
f 1677/1840/1677 1707/1864/1707 1708/1867/1708
f 1663/1838/1663 1695/1868/1695 1664/1841/1664
f 1690/1839/1690 1722/1869/1722 1691/1842/1691
f 1677/1840/1677 1709/1870/1709 1678/1843/1678
f 1664/1841/1664 1696/1871/1696 1665/1844/1665
f 1226/48/1226 1691/1842/1691 1722/1869/1722
f 1679/1845/1679 1709/1870/1709 1710/1872/1710
f 1665/1844/1665 1697/1873/1697 1666/1846/1666
f 1679/1845/1679 1711/1874/1711 1680/1847/1680
f 1667/1848/1667 1697/1873/1697 1698/1875/1698
f 1680/1847/1680 1712/1876/1712 1681/1849/1681
f 1668/1850/1668 1698/1875/1698 1699/1877/1699
f 1682/1851/1682 1712/1876/1712 1713/1878/1713
f 1668/1879/1668 1700/1880/1700 1669/1853/1669
f 1682/1851/1682 1714/1881/1714 1683/1854/1683
f 1670/1855/1670 1700/1880/1700 1701/1882/1701
f 1684/1856/1684 1714/1881/1714 1715/1883/1715
f 1670/1855/1670 1702/1884/1702 1671/1857/1671
f 1685/1859/1685 1715/1885/1715 1716/1886/1716
f 1672/1860/1672 1702/1884/1702 1703/1887/1703
f 1685/1859/1685 1717/1888/1717 1686/1829/1686
f 1673/1861/1673 1703/1887/1703 1704/1889/1704
f 1687/1830/1687 1717/1888/1717 1718/1890/1718
f 1673/1861/1673 1705/1891/1705 1674/1831/1674
f 1661/1832/1661 1070/22/1070 1692/1892/1692
f 1687/1830/1687 1719/1893/1719 1688/1833/1688
f 1675/1834/1675 1705/1891/1705 1706/1894/1706
f 1694/1865/1694 1726/1895/1726 1695/1868/1695
f 1722/1869/1722 1752/1896/1752 1753/1897/1753
f 1708/1867/1708 1740/1898/1740 1709/1870/1709
f 1695/1868/1695 1727/1899/1727 1696/1871/1696
f 1226/48/1226 1722/1869/1722 1753/1897/1753
f 1710/1872/1710 1740/1898/1740 1741/1900/1741
f 1696/1871/1696 1728/1901/1728 1697/1873/1697
f 1710/1872/1710 1742/1902/1742 1711/1874/1711
f 1698/1875/1698 1728/1901/1728 1729/1903/1729
f 1711/1874/1711 1743/1904/1743 1712/1876/1712
f 1698/1875/1698 1730/1905/1730 1699/1877/1699
f 1713/1878/1713 1743/1904/1743 1744/1906/1744
f 1699/1907/1699 1731/1908/1731 1700/1880/1700
f 1713/1878/1713 1745/1909/1745 1714/1881/1714
f 1701/1882/1701 1731/1908/1731 1732/1910/1732
f 1715/1883/1715 1745/1909/1745 1746/1911/1746
f 1701/1882/1701 1733/1912/1733 1702/1884/1702
f 1716/1886/1716 1746/1913/1746 1747/1914/1747
f 1703/1887/1703 1733/1912/1733 1734/1915/1734
f 1716/1886/1716 1748/1916/1748 1717/1888/1717
f 1704/1889/1704 1734/1915/1734 1735/1917/1735
f 1718/1890/1718 1748/1916/1748 1749/1918/1749
f 1704/1889/1704 1736/1919/1736 1705/1891/1705
f 1692/1892/1692 1070/22/1070 1723/1920/1723
f 1718/1890/1718 1750/1921/1750 1719/1893/1719
f 1706/1894/1706 1736/1919/1736 1737/1922/1737
f 1692/1892/1692 1724/1923/1724 1693/1862/1693
f 1720/1863/1720 1750/1921/1750 1751/1924/1751
f 1706/1894/1706 1738/1925/1738 1707/1864/1707
f 1693/1862/1693 1725/1926/1725 1694/1865/1694
f 1721/1866/1721 1751/1924/1751 1752/1896/1752
f 1708/1867/1708 1738/1925/1738 1739/1927/1739
f 1727/1899/1727 1759/1928/1759 1728/1901/1728
f 1741/1900/1741 1773/1929/1773 1742/1902/1742
f 1729/1903/1729 1759/1928/1759 1760/1930/1760
f 1742/1902/1742 1774/1931/1774 1743/1904/1743
f 1729/1903/1729 1761/1932/1761 1730/1905/1730
f 1744/1906/1744 1774/1931/1774 1775/1933/1775
f 1730/1934/1730 1762/1935/1762 1731/1908/1731
f 1744/1906/1744 1776/1936/1776 1745/1909/1745
f 1732/1910/1732 1762/1935/1762 1763/1937/1763
f 1745/1909/1745 1777/1938/1777 1746/1911/1746
f 1732/1910/1732 1764/1939/1764 1733/1912/1733
f 1746/1913/1746 1778/1940/1778 1747/1914/1747
f 1734/1915/1734 1764/1939/1764 1765/1941/1765
f 1747/1914/1747 1779/1942/1779 1748/1916/1748
f 1735/1917/1735 1765/1941/1765 1766/1943/1766
f 1749/1918/1749 1779/1942/1779 1780/1944/1780
f 1735/1917/1735 1767/1945/1767 1736/1919/1736
f 1723/1920/1723 1070/22/1070 1754/1946/1754
f 1749/1918/1749 1781/1947/1781 1750/1921/1750
f 1737/1922/1737 1767/1945/1767 1768/1948/1768
f 1724/1923/1724 1754/1946/1754 1755/1949/1755
f 1750/1921/1750 1782/1950/1782 1751/1924/1751
f 1737/1922/1737 1769/1951/1769 1738/1925/1738
f 1724/1923/1724 1756/1952/1756 1725/1926/1725
f 1751/1924/1751 1783/1953/1783 1752/1896/1752
f 1739/1927/1739 1769/1951/1769 1770/1954/1770
f 1725/1926/1725 1757/1955/1757 1726/1895/1726
f 1752/1896/1752 1784/1956/1784 1753/1897/1753
f 1739/1927/1739 1771/1957/1771 1740/1898/1740
f 1726/1895/1726 1758/1958/1758 1727/1899/1727
f 1226/48/1226 1753/1897/1753 1784/1956/1784
f 1741/1900/1741 1771/1957/1771 1772/1959/1772
f 1761/1932/1761 1791/1960/1791 1792/1961/1792
f 1775/1933/1775 1805/1962/1805 1806/1963/1806
f 1761/1932/1761 1793/1964/1793 1762/1965/1762
f 1775/1933/1775 1807/1966/1807 1776/1936/1776
f 1763/1937/1763 1793/1967/1793 1794/1968/1794
f 1777/1938/1777 1807/1966/1807 1808/1969/1808
f 1763/1937/1763 1795/1970/1795 1764/1939/1764
f 1777/1971/1777 1809/1972/1809 1778/1940/1778
f 1765/1941/1765 1795/1970/1795 1796/1973/1796
f 1778/1940/1778 1810/1974/1810 1779/1942/1779
f 1766/1943/1766 1796/1973/1796 1797/1975/1797
f 1780/1944/1780 1810/1974/1810 1811/1976/1811
f 1766/1943/1766 1798/1977/1798 1767/1945/1767
f 1754/1946/1754 1070/22/1070 1785/1978/1785
f 1780/1944/1780 1812/1979/1812 1781/1947/1781
f 1768/1948/1768 1798/1977/1798 1799/1980/1799
f 1754/1946/1754 1786/1981/1786 1755/1949/1755
f 1782/1950/1782 1812/1979/1812 1813/1982/1813
f 1768/1948/1768 1800/1983/1800 1769/1951/1769
f 1755/1949/1755 1787/1984/1787 1756/1952/1756
f 1782/1950/1782 1814/1985/1814 1783/1953/1783
f 1770/1954/1770 1800/1983/1800 1801/1986/1801
f 1757/1955/1757 1787/1984/1787 1788/1987/1788
f 1784/1956/1784 1814/1985/1814 1815/1988/1815
f 1770/1954/1770 1802/1989/1802 1771/1957/1771
f 1758/1958/1758 1788/1987/1788 1789/1990/1789
f 1226/48/1226 1784/1956/1784 1815/1988/1815
f 1772/1959/1772 1802/1989/1802 1803/1991/1803
f 1758/1958/1758 1790/1992/1790 1759/1928/1759
f 1772/1959/1772 1804/1993/1804 1773/1929/1773
f 1760/1930/1760 1790/1992/1790 1791/1960/1791
f 1773/1929/1773 1805/1962/1805 1774/1931/1774
f 1794/1968/1794 1824/1994/1824 1825/1995/1825
f 1808/1969/1808 1838/1996/1838 1839/1997/1839
f 1794/1968/1794 1826/1998/1826 1795/1970/1795
f 1809/1972/1809 1839/1999/1839 1840/2000/1840
f 1796/1973/1796 1826/1998/1826 1827/2001/1827
f 1809/1972/1809 1841/2002/1841 1810/1974/1810
f 1797/1975/1797 1827/2001/1827 1828/2003/1828
f 1811/1976/1811 1841/2002/1841 1842/2004/1842
f 1797/1975/1797 1829/2005/1829 1798/1977/1798
f 1785/1978/1785 1070/22/1070 1816/2006/1816
f 1811/1976/1811 1843/2007/1843 1812/1979/1812
f 1799/1980/1799 1829/2005/1829 1830/2008/1830
f 1785/1978/1785 1817/2009/1817 1786/1981/1786
f 1813/1982/1813 1843/2007/1843 1844/2010/1844
f 1799/1980/1799 1831/2011/1831 1800/1983/1800
f 1787/1984/1787 1817/2009/1817 1818/2012/1818
f 1814/1985/1814 1844/2010/1844 1845/2013/1845
f 1801/1986/1801 1831/2011/1831 1832/2014/1832
f 1787/1984/1787 1819/2015/1819 1788/1987/1788
f 1814/1985/1814 1846/2016/1846 1815/1988/1815
f 1801/1986/1801 1833/2017/1833 1802/1989/1802
f 1788/1987/1788 1820/2018/1820 1789/1990/1789
f 1226/48/1226 1815/1988/1815 1846/2016/1846
f 1803/1991/1803 1833/2017/1833 1834/2019/1834
f 1789/1990/1789 1821/2020/1821 1790/1992/1790
f 1803/1991/1803 1835/2021/1835 1804/1993/1804
f 1790/1992/1790 1822/2022/1822 1791/1960/1791
f 1804/1993/1804 1836/2023/1836 1805/1962/1805
f 1791/1960/1791 1823/2024/1823 1792/1961/1792
f 1806/1963/1806 1836/2023/1836 1837/2025/1837
f 1792/1961/1792 1824/2026/1824 1793/1964/1793
f 1806/1963/1806 1838/1996/1838 1807/1966/1807
f 1827/2001/1827 1857/2027/1857 1858/2028/1858
f 1840/2000/1840 1872/2029/1872 1841/2002/1841
f 1828/2003/1828 1858/2028/1858 1859/2030/1859
f 1842/2004/1842 1872/2029/1872 1873/2031/1873
f 1829/2005/1829 1859/2030/1859 1860/2032/1860
f 1816/2006/1816 1070/22/1070 1847/2033/1847
f 1842/2004/1842 1874/2034/1874 1843/2007/1843
f 1830/2008/1830 1860/2032/1860 1861/2035/1861
f 1816/2006/1816 1848/2036/1848 1817/2009/1817
f 1844/2010/1844 1874/2034/1874 1875/2037/1875
f 1830/2008/1830 1862/2038/1862 1831/2011/1831
f 1817/2009/1817 1849/2039/1849 1818/2012/1818
f 1844/2010/1844 1876/2040/1876 1845/2013/1845
f 1832/2014/1832 1862/2038/1862 1863/2041/1863
f 1818/2012/1818 1850/2042/1850 1819/2015/1819
f 1846/2016/1846 1876/2040/1876 1877/2043/1877
f 1832/2014/1832 1864/2044/1864 1833/2017/1833
f 1820/2018/1820 1850/2042/1850 1851/2045/1851
f 1226/48/1226 1846/2016/1846 1877/2043/1877
f 1833/2017/1833 1865/2046/1865 1834/2019/1834
f 1820/2018/1820 1852/2047/1852 1821/2020/1821
f 1835/2021/1835 1865/2046/1865 1866/2048/1866
f 1822/2022/1822 1852/2047/1852 1853/2049/1853
f 1835/2021/1835 1867/2050/1867 1836/2023/1836
f 1822/2022/1822 1854/2051/1854 1823/2024/1823
f 1837/2025/1837 1867/2050/1867 1868/2052/1868
f 1823/2024/1823 1855/2053/1855 1824/2026/1824
f 1837/2025/1837 1869/2054/1869 1838/1996/1838
f 1825/1995/1825 1855/2055/1855 1856/2056/1856
f 1839/1997/1839 1869/2054/1869 1870/2057/1870
f 1825/1995/1825 1857/2027/1857 1826/1998/1826
f 1840/2000/1840 1870/2058/1870 1871/2059/1871
f 1859/2030/1859 1891/2060/1891 1860/2032/1860
f 1847/2033/1847 1070/22/1070 1878/2061/1878
f 1873/2031/1873 1905/2062/1905 1874/2034/1874
f 1861/2035/1861 1891/2060/1891 1892/2063/1892
f 1847/2033/1847 1879/2064/1879 1848/2036/1848
f 1875/2037/1875 1905/2062/1905 1906/2065/1906
f 1861/2035/1861 1893/2066/1893 1862/2038/1862
f 1848/2036/1848 1880/2067/1880 1849/2039/1849
f 1876/2040/1876 1906/2065/1906 1907/2068/1907
f 1863/2041/1863 1893/2066/1893 1894/2069/1894
f 1849/2039/1849 1881/2070/1881 1850/2042/1850
f 1877/2043/1877 1907/2068/1907 1908/2071/1908
f 1863/2041/1863 1895/2072/1895 1864/2044/1864
f 1851/2045/1851 1881/2070/1881 1882/2073/1882
f 1226/48/1226 1877/2043/1877 1908/2071/1908
f 1864/2044/1864 1896/2074/1896 1865/2046/1865
f 1851/2045/1851 1883/2075/1883 1852/2047/1852
f 1865/2046/1865 1897/2076/1897 1866/2048/1866
f 1853/2049/1853 1883/2075/1883 1884/2077/1884
f 1866/2048/1866 1898/2078/1898 1867/2050/1867
f 1853/2049/1853 1885/2079/1885 1854/2051/1854
f 1868/2052/1868 1898/2078/1898 1899/2080/1899
f 1854/2051/1854 1886/2081/1886 1855/2053/1855
f 1868/2052/1868 1900/2082/1900 1869/2054/1869
f 1856/2056/1856 1886/2083/1886 1887/2084/1887
f 1870/2058/1870 1900/2085/1900 1901/2086/1901
f 1856/2056/1856 1888/2087/1888 1857/2027/1857
f 1871/2059/1871 1901/2086/1901 1902/2088/1902
f 1858/2028/1858 1888/2087/1888 1889/2089/1889
f 1871/2059/1871 1903/2090/1903 1872/2029/1872
f 1859/2030/1859 1889/2089/1889 1890/2091/1890
f 1873/2031/1873 1903/2090/1903 1904/2092/1904
f 1892/2063/1892 1924/2093/1924 1893/2066/1893
f 1879/2064/1879 1911/2094/1911 1880/2067/1880
f 1907/2068/1907 1937/2095/1937 1938/2096/1938
f 1894/2069/1894 1924/2093/1924 1925/2097/1925
f 1881/2070/1881 1911/2094/1911 1912/2098/1912
f 1908/2071/1908 1938/2096/1938 1939/2099/1939
f 1894/2069/1894 1926/2100/1926 1895/2072/1895
f 1882/2073/1882 1912/2098/1912 1913/2101/1913
f 1226/48/1226 1908/2071/1908 1939/2099/1939
f 1896/2074/1896 1926/2100/1926 1927/2102/1927
f 1882/2073/1882 1914/2103/1914 1883/2075/1883
f 1896/2074/1896 1928/2104/1928 1897/2076/1897
f 1884/2077/1884 1914/2103/1914 1915/2105/1915
f 1897/2076/1897 1929/2106/1929 1898/2078/1898
f 1884/2077/1884 1916/2107/1916 1885/2079/1885
f 1899/2080/1899 1929/2106/1929 1930/2108/1930
f 1885/2079/1885 1917/2109/1917 1886/2081/1886
f 1899/2080/1899 1931/2110/1931 1900/2082/1900
f 1887/2111/1887 1917/2109/1917 1918/2112/1918
f 1901/2086/1901 1931/2113/1931 1932/2114/1932
f 1887/2084/1887 1919/2115/1919 1888/2087/1888
f 1901/2086/1901 1933/2116/1933 1902/2088/1902
f 1888/2087/1888 1920/2117/1920 1889/2089/1889
f 1902/2088/1902 1934/2118/1934 1903/2090/1903
f 1890/2091/1890 1920/2117/1920 1921/2119/1921
f 1904/2092/1904 1934/2118/1934 1935/2120/1935
f 1890/2091/1890 1922/2121/1922 1891/2060/1891
f 1878/2061/1878 1070/22/1070 1909/2122/1909
f 1905/2062/1905 1935/2120/1935 1936/2123/1936
f 1892/2063/1892 1922/2121/1922 1923/2124/1923
f 1879/2064/1879 1909/2122/1909 1910/2125/1910
f 1906/2065/1906 1936/2123/1936 1937/2095/1937
f 1925/2126/1925 1957/2127/1957 1926/2128/1926
f 1913/2101/1913 1943/2129/1943 1944/2130/1944
f 1226/48/1226 1939/2099/1939 1970/2131/1970
f 1927/2132/1927 1957/2127/1957 1958/2133/1958
f 1913/2101/1913 1945/2134/1945 1914/2103/1914
f 1927/2102/1927 1959/2135/1959 1928/2104/1928
f 1915/2105/1915 1945/2134/1945 1946/2136/1946
f 1928/2104/1928 1960/2137/1960 1929/2106/1929
f 1915/2105/1915 1947/2138/1947 1916/2107/1916
f 1930/2139/1930 1960/2140/1960 1961/2141/1961
f 1916/2107/1916 1948/2142/1948 1917/2109/1917
f 1930/2139/1930 1962/2143/1962 1931/2144/1931
f 1918/2112/1918 1948/2142/1948 1949/2145/1949
f 1932/2114/1932 1962/2146/1962 1963/2147/1963
f 1918/2148/1918 1950/2149/1950 1919/2150/1919
f 1933/2116/1933 1963/2147/1963 1964/2151/1964
f 1920/2117/1920 1950/2152/1950 1951/2153/1951
f 1933/2116/1933 1965/2154/1965 1934/2118/1934
f 1921/2119/1921 1951/2153/1951 1952/2155/1952
f 1935/2120/1935 1965/2154/1965 1966/2156/1966
f 1921/2157/1921 1953/2158/1953 1922/2159/1922
f 1909/2122/1909 1070/22/1070 1940/2160/1940
f 1935/2120/1935 1967/2161/1967 1936/2123/1936
f 1923/2162/1923 1953/2158/1953 1954/2163/1954
f 1910/2125/1910 1940/2160/1940 1941/2164/1941
f 1937/2095/1937 1967/2161/1967 1968/2165/1968
f 1923/2124/1923 1955/2166/1955 1924/2093/1924
f 1910/2125/1910 1942/2167/1942 1911/2094/1911
f 1938/2096/1938 1968/2165/1968 1969/2168/1969
f 1925/2097/1925 1955/2166/1955 1956/2169/1956
f 1911/2094/1911 1943/2129/1943 1912/2098/1912
f 1938/2096/1938 1970/2131/1970 1939/2099/1939
f 1958/2133/1958 1980/54/1980 1959/2170/1959
f 1946/2136/1946 1973/52/1973 4/55/4
f 1959/2170/1959 1981/58/1981 1960/2140/1960
f 1947/2138/1947 4/55/4 5/60/5
f 1961/2141/1961 1981/58/1981 1982/62/1982
f 1947/2138/1947 1974/64/1974 1948/2142/1948
f 1961/2141/1961 1983/66/1983 1962/2143/1962
f 1949/2145/1949 1974/64/1974 1975/2171/1975
f 1963/2147/1963 1983/4/1983 1984/6/1984
f 1949/2172/1949 1976/7/1976 1950/2149/1950
f 1963/2147/1963 11/10/11 1964/2151/1964
f 1951/2173/1951 1976/7/1976 1977/11/1977
f 1964/2151/1964 1985/14/1985 1965/2154/1965
f 1952/2174/1952 1977/11/1977 6/16/6
f 1966/2156/1966 1985/14/1985 12/18/12
f 1953/2158/1953 6/16/6 7/19/7
f 1940/2160/1940 1070/22/1070 1/21/1
f 1967/2161/1967 12/18/12 1986/25/1986
f 1954/2163/1954 7/19/7 8/27/8
f 1941/2164/1941 1/21/1 2/29/2
f 1967/2161/1967 13/31/13 1968/2165/1968
f 1954/2163/1954 1978/33/1978 1955/2175/1955
f 1942/2167/1942 2/29/2 3/35/3
f 1968/2165/1968 14/37/14 1969/2168/1969
f 1956/2176/1956 1978/33/1978 9/38/9
f 1942/2167/1942 1971/40/1971 1943/2129/1943
f 1969/2168/1969 15/43/15 1970/2131/1970
f 1956/2176/1956 10/45/10 1957/2127/1957
f 1944/2130/1944 1971/40/1971 1972/47/1972
f 1226/48/1226 1970/2131/1970 15/43/15
f 1958/2133/1958 10/45/10 1979/50/1979
f 1944/2130/1944 1973/52/1973 1945/2134/1945
f 1975/1/1975 1974/2177/1974 24/2/24
f 1983/4/1983 38/2178/38 39/5/39
f 1976/7/1976 1975/1/1975 25/3/25
f 1984/6/1984 39/5/39 40/9/40
f 1977/11/1977 1976/7/1976 26/8/26
f 11/10/11 40/9/40 41/13/41
f 1977/11/1977 27/12/27 28/15/28
f 1985/14/1985 41/13/41 42/17/42
f 7/19/7 6/16/6 28/15/28
f 12/18/12 42/17/42 43/24/43
f 7/19/7 29/20/29 30/26/30
f 1/21/1 16/23/16 17/28/17
f 1986/25/1986 43/24/43 44/30/44
f 8/27/8 30/26/30 31/32/31
f 2/29/2 17/28/17 18/34/18
f 13/31/13 44/30/44 45/36/45
f 9/38/9 1978/33/1978 31/32/31
f 1971/40/1971 3/35/3 18/34/18
f 14/37/14 45/36/45 46/42/46
f 9/38/9 32/39/32 33/44/33
f 1971/40/1971 19/41/19 20/46/20
f 10/45/10 33/44/33 34/49/34
f 1972/47/1972 20/46/20 21/51/21
f 1979/50/1979 34/49/34 35/53/35
f 4/55/4 1973/52/1973 21/51/21
f 1980/54/1980 35/53/35 36/57/36
f 4/55/4 22/56/22 23/59/23
f 1981/58/1981 36/57/36 37/61/37
f 5/60/5 23/59/23 24/63/24
f 1982/62/1982 37/61/37 38/65/38
f 19/41/19 50/99/50 51/67/51
f 34/49/34 33/44/33 64/69/64
f 21/51/21 20/46/20 51/67/51
f 35/53/35 34/49/34 65/70/65
f 21/51/21 52/71/52 53/73/53
f 36/57/36 35/53/35 66/72/66
f 23/59/23 22/56/22 53/73/53
f 37/61/37 36/57/36 67/74/67
f 23/59/23 54/75/54 55/77/55
f 38/65/38 37/61/37 68/76/68
f 24/2/24 55/2179/55 56/79/56
f 39/80/39 38/65/38 69/78/69
f 25/3/25 56/79/56 57/82/57
f 40/9/40 39/5/39 70/83/70
f 26/8/26 57/82/57 58/85/58
f 41/13/41 40/9/40 71/84/71
f 28/15/28 27/12/27 58/85/58
f 42/17/42 41/13/41 72/86/72
f 28/15/28 59/87/59 60/89/60
f 42/17/42 73/88/73 74/91/74
f 30/26/30 29/20/29 60/89/60
f 16/23/16 47/90/47 48/93/48
f 44/30/44 43/24/43 74/91/74
f 30/26/30 61/92/61 62/95/62
f 17/28/17 48/93/48 49/96/49
f 44/30/44 75/94/75 76/97/76
f 32/39/32 31/32/31 62/95/62
f 18/34/18 49/96/49 50/99/50
f 45/36/45 76/97/76 77/68/77
f 32/39/32 63/98/63 64/69/64
f 53/73/53 52/71/52 83/100/83
f 66/72/66 97/131/97 98/102/98
f 53/73/53 84/101/84 85/103/85
f 67/74/67 98/102/98 99/104/99
f 55/77/55 54/75/54 85/103/85
f 68/76/68 99/104/99 100/106/100
f 56/79/56 55/2179/55 86/107/86
f 69/78/69 100/106/100 101/109/101
f 56/79/56 87/108/87 88/110/88
f 70/83/70 101/139/101 102/111/102
f 57/82/57 88/110/88 89/112/89
f 71/84/71 102/111/102 103/113/103
f 59/87/59 58/85/58 89/112/89
f 73/88/73 72/86/72 103/113/103
f 59/87/59 90/114/90 91/116/91
f 73/88/73 104/115/104 105/118/105
f 61/92/61 60/89/60 91/116/91
f 47/90/47 78/117/78 79/120/79
f 75/94/75 74/91/74 105/118/105
f 61/92/61 92/119/92 93/122/93
f 48/93/48 79/120/79 80/123/80
f 75/94/75 106/121/106 107/124/107
f 62/95/62 93/122/93 94/125/94
f 50/99/50 49/96/49 80/123/80
f 77/68/77 76/97/76 107/124/107
f 63/98/63 94/125/94 95/128/95
f 50/99/50 81/126/81 82/129/82
f 65/70/65 64/69/64 95/128/95
f 51/67/51 82/129/82 83/100/83
f 65/70/65 96/130/96 97/131/97
f 86/105/86 85/103/85 116/132/116
f 99/104/99 130/164/130 131/134/131
f 87/108/87 86/107/86 117/135/117
f 100/106/100 131/134/131 132/137/132
f 87/108/87 118/136/118 119/138/119
f 101/139/101 132/166/132 133/140/133
f 88/110/88 119/138/119 120/141/120
f 102/111/102 133/140/133 134/142/134
f 90/114/90 89/112/89 120/141/120
f 103/113/103 134/142/134 135/144/135
f 90/114/90 121/143/121 122/145/122
f 105/118/105 104/115/104 135/144/135
f 92/119/92 91/116/91 122/145/122
f 79/120/79 78/117/78 109/146/109
f 106/121/106 105/118/105 136/147/136
f 93/122/93 92/119/92 123/148/123
f 79/120/79 110/149/110 111/152/111
f 106/121/106 137/150/137 138/153/138
f 94/125/94 93/122/93 124/151/124
f 80/123/80 111/152/111 112/155/112
f 107/124/107 138/153/138 139/156/139
f 94/125/94 125/154/125 126/157/126
f 81/126/81 112/155/112 113/158/113
f 95/128/95 126/157/126 127/159/127
f 82/129/82 113/158/113 114/160/114
f 96/130/96 127/159/127 128/161/128
f 83/100/83 114/160/114 115/162/115
f 97/131/97 128/161/128 129/163/129
f 84/101/84 115/162/115 116/132/116
f 99/104/99 98/102/98 129/163/129
f 118/136/118 149/196/149 150/165/150
f 132/166/132 163/228/163 164/167/164
f 120/141/120 119/138/119 150/165/150
f 134/142/134 133/140/133 164/167/164
f 121/143/121 120/141/120 151/168/151
f 134/142/134 165/169/165 166/171/166
f 121/143/121 152/170/152 153/172/153
f 135/144/135 166/171/166 167/174/167
f 123/148/123 122/145/122 153/172/153
f 109/146/109 140/173/140 141/176/141
f 136/147/136 167/174/167 168/177/168
f 124/151/124 123/148/123 154/175/154
f 110/149/110 141/176/141 142/179/142
f 137/150/137 168/177/168 169/180/169
f 124/151/124 155/178/155 156/181/156
f 111/152/111 142/179/142 143/182/143
f 139/156/139 138/153/138 169/180/169
f 125/154/125 156/181/156 157/184/157
f 112/155/112 143/182/143 144/185/144
f 127/159/127 126/157/126 157/184/157
f 114/160/114 113/158/113 144/185/144
f 127/159/127 158/186/158 159/188/159
f 114/160/114 145/187/145 146/189/146
f 128/161/128 159/188/159 160/190/160
f 115/162/115 146/189/146 147/191/147
f 130/164/130 129/163/129 160/190/160
f 117/135/117 116/2180/116 147/193/147
f 130/164/130 161/192/161 162/195/162
f 118/136/118 117/135/117 148/194/148
f 131/134/131 162/195/162 163/197/163
f 152/170/152 151/168/151 182/198/182
f 165/169/165 196/230/196 197/200/197
f 152/170/152 183/199/183 184/201/184
f 167/174/167 166/171/166 197/200/197
f 154/175/154 153/172/153 184/201/184
f 140/173/140 171/202/171 172/205/172
f 167/174/167 198/203/198 199/206/199
f 154/175/154 185/204/185 186/207/186
f 141/176/141 172/205/172 173/208/173
f 168/177/168 199/206/199 200/209/200
f 156/181/156 155/178/155 186/207/186
f 142/179/142 173/208/173 174/211/174
f 169/180/169 200/209/200 201/212/201
f 156/181/156 187/210/187 188/213/188
f 143/182/143 174/211/174 175/214/175
f 158/186/158 157/184/157 188/213/188
f 145/187/145 144/185/144 175/214/175
f 158/186/158 189/215/189 190/217/190
f 145/187/145 176/216/176 177/218/177
f 159/188/159 190/217/190 191/219/191
f 147/191/147 146/189/146 177/218/177
f 161/192/161 160/190/160 191/219/191
f 148/194/148 147/193/147 178/222/178
f 161/192/161 192/221/192 193/224/193
f 148/194/148 179/223/179 180/225/180
f 163/197/163 162/195/162 193/224/193
f 149/196/149 180/225/180 181/227/181
f 163/228/163 194/256/194 195/229/195
f 151/168/151 150/165/150 181/227/181
f 165/169/165 164/167/164 195/229/195
f 185/204/185 184/201/184 215/231/215
f 172/205/172 171/202/171 202/233/202
f 198/203/198 229/262/229 230/235/230
f 185/204/185 216/232/216 217/236/217
f 172/205/172 203/234/203 204/237/204
f 199/206/199 230/235/230 231/238/231
f 187/210/187 186/207/186 217/236/217
f 173/208/173 204/237/204 205/240/205
f 201/212/201 200/209/200 231/238/231
f 187/210/187 218/239/218 219/242/219
f 174/211/174 205/240/205 206/243/206
f 189/215/189 188/213/188 219/242/219
f 175/214/175 206/243/206 207/245/207
f 189/215/189 220/244/220 221/246/221
f 176/216/176 207/245/207 208/247/208
f 190/217/190 221/246/221 222/248/222
f 178/220/178 177/218/177 208/247/208
f 192/221/192 191/219/191 222/248/222
f 178/222/178 209/276/209 210/251/210
f 193/224/193 192/221/192 223/250/223
f 179/223/179 210/251/210 211/253/211
f 194/226/194 193/224/193 224/252/224
f 180/225/180 211/253/211 212/255/212
f 194/256/194 225/282/225 226/257/226
f 182/198/182 181/227/181 212/255/212
f 196/230/196 195/229/195 226/257/226
f 183/199/183 182/198/182 213/258/213
f 196/230/196 227/259/227 228/261/228
f 183/199/183 214/260/214 215/231/215
f 198/203/198 197/200/197 228/261/228
f 218/239/218 217/236/217 248/263/248
f 204/237/204 235/294/235 236/265/236
f 231/238/231 262/295/262 263/266/263
f 218/239/218 249/264/249 250/267/250
f 205/240/205 236/265/236 237/268/237
f 220/244/220 219/242/219 250/267/250
f 207/245/207 206/243/206 237/268/237
f 220/244/220 251/269/251 252/271/252
f 207/245/207 238/270/238 239/272/239
f 221/246/221 252/271/252 253/273/253
f 209/249/209 208/247/208 239/272/239
f 223/250/223 222/248/222 253/273/253
f 209/276/209 240/305/240 241/277/241
f 224/252/224 223/250/223 254/275/254
f 210/251/210 241/277/241 242/279/242
f 225/254/225 224/252/224 255/278/255
f 211/253/211 242/279/242 243/281/243
f 225/282/225 256/311/256 257/283/257
f 213/258/213 212/255/212 243/281/243
f 227/259/227 226/257/226 257/283/257
f 214/260/214 213/258/213 244/284/244
f 227/259/227 258/285/258 259/287/259
f 214/260/214 245/286/245 246/288/246
f 228/261/228 259/287/259 260/290/260
f 216/232/216 215/231/215 246/288/246
f 202/233/202 233/289/233 234/292/234
f 229/262/229 260/290/260 261/293/261
f 216/232/216 247/291/247 248/263/248
f 203/234/203 234/292/234 235/294/235
f 230/235/230 261/293/261 262/295/262
f 251/269/251 250/267/250 281/296/281
f 238/270/238 237/268/237 268/298/268
f 251/269/251 282/297/282 283/300/283
f 238/270/238 269/299/269 270/301/270
f 252/271/252 283/300/283 284/302/284
f 240/274/240 239/272/239 270/301/270
f 254/275/254 253/273/253 284/302/284
f 240/305/240 271/2181/271 272/306/272
f 255/278/255 254/275/254 285/304/285
f 241/277/241 272/306/272 273/308/273
f 256/280/256 255/278/255 286/307/286
f 242/279/242 273/308/273 274/310/274
f 256/311/256 287/339/287 288/312/288
f 244/284/244 243/281/243 274/310/274
f 258/285/258 257/283/257 288/312/288
f 245/286/245 244/284/244 275/313/275
f 259/287/259 258/285/258 289/314/289
f 245/286/245 276/315/276 277/317/277
f 260/290/260 259/287/259 290/316/290
f 247/291/247 246/288/246 277/317/277
f 234/292/234 233/289/233 264/318/264
f 261/293/261 260/290/260 291/319/291
f 247/291/247 278/320/278 279/323/279
f 234/292/234 265/321/265 266/324/266
f 262/295/262 261/293/261 292/322/292
f 249/264/249 248/263/248 279/323/279
f 236/265/236 235/294/235 266/324/266
f 262/295/262 293/325/293 294/328/294
f 249/264/249 280/326/280 281/296/281
f 236/265/236 267/327/267 268/298/268
f 283/300/283 314/361/314 315/329/315
f 271/303/271 270/301/270 301/330/301
f 284/302/284 315/329/315 316/332/316
f 271/303/271 302/331/302 303/333/303
f 286/307/286 285/304/285 316/332/316
f 272/306/272 303/363/303 304/336/304
f 287/309/287 286/307/286 317/335/317
f 273/308/273 304/336/304 305/338/305
f 287/339/287 318/367/318 319/340/319
f 275/313/275 274/310/274 305/338/305
f 289/314/289 288/312/288 319/340/319
f 276/315/276 275/313/275 306/341/306
f 289/314/289 320/342/320 321/344/321
f 277/317/277 276/315/276 307/343/307
f 290/316/290 321/344/321 322/347/322
f 278/320/278 277/317/277 308/345/308
f 264/318/264 295/346/295 296/349/296
f 292/322/292 291/319/291 322/347/322
f 278/320/278 309/348/309 310/351/310
f 265/321/265 296/349/296 297/352/297
f 292/322/292 323/350/323 324/353/324
f 280/326/280 279/323/279 310/351/310
f 266/324/266 297/352/297 298/355/298
f 293/325/293 324/353/324 325/356/325
f 280/326/280 311/354/311 312/357/312
f 267/327/267 298/355/298 299/358/299
f 281/296/281 312/357/312 313/359/313
f 269/299/269 268/298/268 299/358/299
f 282/297/282 313/359/313 314/361/314
f 269/299/269 300/360/300 301/330/301
f 316/332/316 347/393/347 348/362/348
f 303/363/303 334/424/334 335/364/335
f 318/337/318 317/335/317 348/362/348
f 304/336/304 335/364/335 336/366/336
f 318/367/318 349/395/349 350/368/350
f 305/338/305 336/366/336 337/369/337
f 319/340/319 350/368/350 351/370/351
f 306/341/306 337/369/337 338/371/338
f 320/342/320 351/370/351 352/372/352
f 308/345/308 307/343/307 338/371/338
f 322/347/322 321/344/321 352/372/352
f 309/348/309 308/345/308 339/373/339
f 295/346/295 326/374/326 327/377/327
f 322/347/322 353/375/353 354/378/354
f 309/348/309 340/376/340 341/379/341
f 296/349/296 327/377/327 328/380/328
f 323/350/323 354/378/354 355/381/355
f 311/354/311 310/351/310 341/379/341
f 297/352/297 328/380/328 329/383/329
f 324/353/324 355/381/355 356/384/356
f 311/354/311 342/382/342 343/385/343
f 299/358/299 298/355/298 329/383/329
f 312/357/312 343/385/343 344/387/344
f 299/358/299 330/386/330 331/388/331
f 314/361/314 313/359/313 344/387/344
f 300/360/300 331/388/331 332/390/332
f 314/361/314 345/389/345 346/391/346
f 302/331/302 301/330/301 332/390/332
f 316/332/316 315/329/315 346/391/346
f 302/331/302 333/392/333 334/394/334
f 349/395/349 380/455/380 381/396/381
f 336/366/336 367/427/367 368/397/368
f 351/370/351 350/368/350 381/396/381
f 337/369/337 368/397/368 369/399/369
f 351/370/351 382/398/382 383/400/383
f 338/371/338 369/399/369 370/401/370
f 353/375/353 352/372/352 383/400/383
f 340/376/340 339/373/339 370/401/370
f 326/374/326 357/402/357 358/405/358
f 354/378/354 353/375/353 384/403/384
f 340/376/340 371/404/371 372/407/372
f 327/377/327 358/405/358 359/408/359
f 355/381/355 354/378/354 385/406/385
f 342/382/342 341/379/341 372/407/372
f 328/380/328 359/408/359 360/411/360
f 355/381/355 386/409/386 387/412/387
f 342/382/342 373/410/373 374/413/374
f 329/383/329 360/411/360 361/414/361
f 344/387/344 343/385/343 374/413/374
f 331/388/331 330/386/330 361/414/361
f 344/387/344 375/415/375 376/417/376
f 331/388/331 362/416/362 363/418/363
f 345/389/345 376/417/376 377/419/377
f 333/392/333 332/390/332 363/418/363
f 346/391/346 377/419/377 378/421/378
f 333/392/333 364/420/364 365/422/365
f 347/393/347 378/421/378 379/423/379
f 334/424/334 365/453/365 366/425/366
f 349/365/349 348/362/348 379/423/379
f 335/364/335 366/425/366 367/427/367
f 383/400/383 382/398/382 413/428/413
f 369/399/369 400/461/400 401/430/401
f 383/400/383 414/429/414 415/432/415
f 371/404/371 370/401/370 401/430/401
f 358/405/358 357/402/357 388/431/388
f 384/403/384 415/432/415 416/435/416
f 371/404/371 402/433/402 403/436/403
f 358/405/358 389/434/389 390/437/390
f 386/409/386 385/406/385 416/435/416
f 373/410/373 372/407/372 403/436/403
f 359/408/359 390/437/390 391/440/391
f 386/409/386 417/438/417 418/441/418
f 373/410/373 404/439/404 405/442/405
f 361/414/361 360/411/360 391/440/391
f 375/415/375 374/413/374 405/442/405
f 361/414/361 392/443/392 393/445/393
f 375/415/375 406/444/406 407/446/407
f 362/416/362 393/445/393 394/447/394
f 377/419/377 376/417/376 407/446/407
f 364/420/364 363/418/363 394/447/394
f 377/419/377 408/448/408 409/450/409
f 364/420/364 395/449/395 396/451/396
f 378/421/378 409/450/409 410/452/410
f 365/453/365 396/2182/396 397/454/397
f 380/455/380 379/2183/379 410/456/410
f 366/425/366 397/454/397 398/458/398
f 380/455/380 411/457/411 412/459/412
f 367/427/367 398/458/398 399/460/399
f 381/396/381 412/459/412 413/428/413
f 369/399/369 368/397/368 399/460/399
f 389/434/389 388/431/388 419/462/419
f 415/432/415 446/493/446 447/464/447
f 402/433/402 433/494/433 434/465/434
f 389/434/389 420/463/420 421/466/421
f 416/435/416 447/464/447 448/467/448
f 404/439/404 403/436/403 434/465/434
f 390/437/390 421/466/421 422/469/422
f 417/438/417 448/467/448 449/470/449
f 404/439/404 435/468/435 436/471/436
f 391/440/391 422/469/422 423/472/423
f 406/444/406 405/442/405 436/471/436
f 392/443/392 423/472/423 424/474/424
f 406/444/406 437/473/437 438/475/438
f 393/445/393 424/474/424 425/476/425
f 408/448/408 407/446/407 438/475/438
f 395/449/395 394/447/394 425/476/425
f 409/450/409 408/448/408 439/477/439
f 395/449/395 426/478/426 427/480/427
f 409/450/409 440/479/440 441/481/441
f 396/451/396 427/480/427 428/482/428
f 411/457/411 410/456/410 441/484/441
f 397/454/397 428/2184/428 429/486/429
f 411/457/411 442/485/442 443/487/443
f 398/458/398 429/486/429 430/488/430
f 413/428/413 412/459/412 443/487/443
f 400/461/400 399/460/399 430/488/430
f 414/429/414 413/428/413 444/489/444
f 400/461/400 431/490/431 432/492/432
f 414/429/414 445/491/445 446/493/446
f 402/433/402 401/430/401 432/492/432
f 421/466/421 452/531/452 453/495/453
f 448/467/448 479/532/479 480/496/480
f 435/468/435 466/534/466 467/497/467
f 423/472/423 422/469/422 453/495/453
f 437/473/437 436/471/436 467/497/467
f 423/472/423 454/498/454 455/500/455
f 437/473/437 468/499/468 469/501/469
f 425/476/425 424/474/424 455/500/455
f 438/475/438 469/501/469 470/503/470
f 425/476/425 456/502/456 457/504/457
f 440/479/440 439/477/439 470/503/470
f 426/478/426 457/504/457 458/506/458
f 440/479/440 471/505/471 472/507/472
f 428/482/428 427/480/427 458/506/458
f 442/485/442 441/484/441 472/509/472
f 428/511/428 459/549/459 460/512/460
f 442/485/442 473/510/473 474/514/474
f 430/515/430 429/513/429 460/512/460
f 444/489/444 443/487/443 474/514/474
f 431/518/431 430/515/430 461/516/461
f 445/491/445 444/489/444 475/517/475
f 431/518/431 462/519/462 463/521/463
f 445/491/445 476/520/476 477/524/477
f 433/525/433 432/522/432 463/521/463
f 419/462/419 450/523/450 451/527/451
f 446/493/446 477/524/477 478/528/478
f 433/525/433 464/526/464 465/529/465
f 420/463/420 451/527/451 452/531/452
f 448/467/448 447/464/447 478/528/478
f 435/468/435 434/465/434 465/533/465
f 455/500/455 454/498/454 485/535/485
f 468/537/468 499/575/499 500/538/500
f 455/500/455 486/536/486 487/540/487
f 469/539/469 500/538/500 501/541/501
f 457/504/457 456/502/456 487/540/487
f 471/544/471 470/542/470 501/541/501
f 457/504/457 488/543/488 489/546/489
f 471/544/471 502/545/502 503/547/503
f 459/549/459 458/2185/458 489/550/489
f 473/510/473 472/509/472 503/552/503
f 459/549/459 490/551/490 491/554/491
f 473/510/473 504/553/504 505/555/505
f 460/512/460 491/554/491 492/556/492
f 474/514/474 505/555/505 506/557/506
f 462/519/462 461/516/461 492/556/492
f 476/520/476 475/517/475 506/557/506
f 462/519/462 493/558/493 494/560/494
f 476/520/476 507/559/507 508/562/508
f 464/526/464 463/521/463 494/560/494
f 451/527/451 450/523/450 481/561/481
f 477/524/477 508/562/508 509/565/509
f 464/526/464 495/563/495 496/566/496
f 451/527/451 482/564/482 483/567/483
f 479/532/479 478/528/478 509/565/509
f 466/569/466 465/529/465 496/566/496
f 452/531/452 483/567/483 484/571/484
f 479/532/479 510/568/510 511/572/511
f 466/569/466 497/570/497 498/573/498
f 454/498/454 453/495/453 484/571/484
f 468/537/468 467/574/467 498/573/498
f 488/543/488 487/540/487 518/576/518
f 502/545/502 501/541/501 532/578/532
f 488/543/488 519/577/519 520/580/520
f 503/547/503 502/545/502 533/579/533
f 489/550/489 520/608/520 521/582/521
f 504/553/504 503/552/503 534/583/534
f 490/551/490 521/582/521 522/585/522
f 504/553/504 535/584/535 536/586/536
f 491/554/491 522/585/522 523/587/523
f 505/555/505 536/586/536 537/588/537
f 493/558/493 492/556/492 523/587/523
f 507/559/507 506/557/506 537/588/537
f 493/558/493 524/589/524 525/591/525
f 507/559/507 538/590/538 539/593/539
f 495/563/495 494/560/494 525/591/525
f 481/561/481 512/592/512 513/595/513
f 508/562/508 539/593/539 540/596/540
f 495/563/495 526/594/526 527/597/527
f 483/567/483 482/564/482 513/595/513
f 509/565/509 540/596/540 541/599/541
f 497/570/497 496/566/496 527/597/527
f 483/567/483 514/598/514 515/601/515
f 510/568/510 541/599/541 542/602/542
f 497/570/497 528/600/528 529/603/529
f 484/571/484 515/601/515 516/604/516
f 499/575/499 498/573/498 529/603/529
f 485/535/485 516/604/516 517/606/517
f 499/575/499 530/605/530 531/607/531
f 486/536/486 517/606/517 518/576/518
f 500/538/500 531/607/531 532/578/532
f 520/608/520 551/640/551 552/609/552
f 535/584/535 534/583/534 565/610/565
f 521/582/521 552/609/552 553/612/553
f 535/584/535 566/611/566 567/613/567
f 522/585/522 553/612/553 554/614/554
f 536/586/536 567/613/567 568/615/568
f 524/589/524 523/587/523 554/614/554
f 537/588/537 568/615/568 569/617/569
f 524/589/524 555/616/555 556/618/556
f 538/590/538 569/617/569 570/620/570
f 526/594/526 525/591/525 556/618/556
f 512/592/512 543/619/543 544/622/544
f 539/593/539 570/620/570 571/623/571
f 526/594/526 557/621/557 558/624/558
f 513/595/513 544/622/544 545/625/545
f 541/599/541 540/596/540 571/623/571
f 528/600/528 527/597/527 558/624/558
f 515/601/515 514/598/514 545/625/545
f 541/599/541 572/626/572 573/629/573
f 528/600/528 559/627/559 560/630/560
f 515/601/515 546/628/546 547/631/547
f 530/605/530 529/603/529 560/630/560
f 517/606/517 516/604/516 547/631/547
f 530/605/530 561/632/561 562/634/562
f 517/606/517 548/633/548 549/635/549
f 531/607/531 562/634/562 563/636/563
f 518/576/518 549/635/549 550/637/550
f 533/579/533 532/578/532 563/636/563
f 519/639/519 550/667/550 551/640/551
f 533/579/533 564/638/564 565/641/565
f 553/612/553 584/673/584 585/642/585
f 567/613/567 598/674/598 599/643/599
f 555/616/555 554/614/554 585/642/585
f 569/617/569 568/615/568 599/643/599
f 555/616/555 586/644/586 587/646/587
f 570/620/570 569/617/569 600/645/600
f 557/621/557 556/618/556 587/646/587
f 543/619/543 574/647/574 575/650/575
f 570/620/570 601/648/601 602/651/602
f 557/621/557 588/649/588 589/652/589
f 545/625/545 544/622/544 575/650/575
f 572/626/572 571/623/571 602/651/602
f 559/627/559 558/624/558 589/652/589
f 545/625/545 576/653/576 577/656/577
f 572/626/572 603/654/603 604/657/604
f 559/627/559 590/655/590 591/658/591
f 546/628/546 577/656/577 578/659/578
f 561/632/561 560/630/560 591/658/591
f 547/631/547 578/659/578 579/661/579
f 561/632/561 592/660/592 593/662/593
f 548/633/548 579/661/579 580/663/580
f 562/634/562 593/662/593 594/664/594
f 550/637/550 549/635/549 580/663/580
f 564/638/564 563/636/563 594/664/594
f 550/667/550 581/696/581 582/668/582
f 564/638/564 595/666/595 596/669/596
f 552/609/552 551/640/551 582/668/582
f 566/611/566 565/610/565 596/671/596
f 552/609/552 583/670/583 584/673/584
f 566/611/566 597/672/597 598/674/598
f 586/644/586 617/706/617 618/675/618
f 600/645/600 631/707/631 632/677/632
f 588/649/588 587/646/587 618/675/618
f 575/650/575 574/647/574 605/676/605
f 601/648/601 632/677/632 633/680/633
f 588/649/588 619/678/619 620/681/620
f 576/653/576 575/650/575 606/679/606
f 602/651/602 633/680/633 634/683/634
f 590/655/590 589/652/589 620/681/620
f 577/656/577 576/653/576 607/682/607
f 603/654/603 634/683/634 635/686/635
f 590/655/590 621/684/621 622/687/622
f 578/659/578 577/656/577 608/685/608
f 592/660/592 591/658/591 622/687/622
f 579/661/579 578/659/578 609/688/609
f 592/660/592 623/689/623 624/691/624
f 579/661/579 610/690/610 611/692/611
f 593/662/593 624/691/624 625/693/625
f 580/663/580 611/692/611 612/694/612
f 595/666/595 594/664/594 625/693/625
f 581/696/581 612/724/612 613/697/613
f 595/666/595 626/695/626 627/698/627
f 583/670/583 582/668/582 613/697/613
f 597/700/597 596/669/596 627/698/627
f 583/670/583 614/699/614 615/702/615
f 597/672/597 628/730/628 629/703/629
f 584/673/584 615/702/615 616/704/616
f 598/674/598 629/703/629 630/705/630
f 586/644/586 585/642/585 616/704/616
f 599/643/599 630/705/630 631/707/631
f 619/678/619 650/739/650 651/708/651
f 606/679/606 637/740/637 638/709/638
f 634/683/634 633/680/633 664/710/664
f 621/684/621 620/681/620 651/708/651
f 607/682/607 638/709/638 639/713/639
f 635/686/635 634/683/634 665/711/665
f 621/684/621 652/712/652 653/715/653
f 608/685/608 639/713/639 640/716/640
f 623/689/623 622/687/622 653/715/653
f 610/690/610 609/688/609 640/716/640
f 623/689/623 654/717/654 655/719/655
f 610/690/610 641/718/641 642/720/642
f 624/691/624 655/719/655 656/721/656
f 611/692/611 642/720/642 643/722/643
f 626/695/626 625/693/625 656/721/656
f 612/724/612 643/751/643 644/725/644
f 626/695/626 657/723/657 658/726/658
f 614/699/614 613/697/613 644/725/644
f 628/701/628 627/698/627 658/726/658
f 614/699/614 645/727/645 646/729/646
f 628/730/628 659/757/659 660/731/660
f 616/704/616 615/702/615 646/729/646
f 629/703/629 660/731/660 661/733/661
f 617/706/617 616/704/616 647/732/647
f 631/707/631 630/705/630 661/733/661
f 617/706/617 648/734/648 649/736/649
f 631/707/631 662/735/662 663/738/663
f 619/678/619 618/675/618 649/736/649
f 605/676/605 636/737/636 637/740/637
f 632/677/632 663/738/663 664/710/664
f 652/712/652 683/772/683 684/741/684
f 639/713/639 670/773/670 671/742/671
f 654/717/654 653/715/653 684/741/684
f 641/718/641 640/716/640 671/742/671
f 654/717/654 685/744/685 686/746/686
f 641/718/641 672/745/672 673/747/673
f 655/719/655 686/746/686 687/748/687
f 643/722/643 642/720/642 673/747/673
f 657/723/657 656/721/656 687/748/687
f 643/751/643 674/779/674 675/752/675
f 657/723/657 688/750/688 689/753/689
f 645/727/645 644/725/644 675/752/675
f 659/728/659 658/726/658 689/753/689
f 645/727/645 676/754/676 677/756/677
f 659/757/659 690/785/690 691/758/691
f 647/732/647 646/729/646 677/756/677
f 660/731/660 691/758/691 692/760/692
f 648/734/648 647/732/647 678/759/678
f 662/735/662 661/733/661 692/760/692
f 648/734/648 679/761/679 680/763/680
f 662/735/662 693/762/693 694/765/694
f 650/739/650 649/736/649 680/763/680
f 636/737/636 667/764/667 668/767/668
f 664/710/664 663/738/663 694/765/694
f 650/739/650 681/766/681 682/769/682
f 637/740/637 668/767/668 669/770/669
f 665/711/665 664/710/664 695/768/695
f 652/712/652 651/708/651 682/769/682
f 638/709/638 669/770/669 670/773/670
f 666/714/666 665/711/665 696/771/696
f 685/744/685 716/805/716 717/774/717
f 672/745/672 703/806/703 704/775/704
f 686/746/686 717/774/717 718/776/718
f 674/749/674 673/747/673 704/775/704
f 688/750/688 687/748/687 718/776/718
f 674/779/674 705/809/705 706/780/706
f 688/750/688 719/778/719 720/781/720
f 676/754/676 675/752/675 706/780/706
f 690/755/690 689/753/689 720/781/720
f 676/754/676 707/782/707 708/784/708
f 690/785/690 721/815/721 722/786/722
f 678/759/678 677/756/677 708/784/708
f 692/760/692 691/758/691 722/786/722
f 679/761/679 678/759/678 709/787/709
f 692/760/692 723/788/723 724/790/724
f 679/761/679 710/789/710 711/791/711
f 694/765/694 693/762/693 724/790/724
f 681/766/681 680/763/680 711/791/711
f 667/764/667 698/792/698 699/795/699
f 694/765/694 725/793/725 726/796/726
f 681/766/681 712/794/712 713/797/713
f 668/767/668 699/795/699 700/798/700
f 696/771/696 695/768/695 726/796/726
f 683/772/683 682/769/682 713/797/713
f 669/770/669 700/798/700 701/801/701
f 696/771/696 727/799/727 728/802/728
f 683/772/683 714/800/714 715/803/715
f 670/773/670 701/801/701 702/804/702
f 685/744/685 684/741/684 715/803/715
f 671/742/671 702/804/702 703/806/703
f 719/778/719 718/776/718 749/807/749
f 705/809/705 736/2186/736 737/810/737
f 719/778/719 750/808/750 751/811/751
f 707/782/707 706/780/706 737/810/737
f 720/781/720 751/811/751 752/813/752
f 707/782/707 738/812/738 739/814/739
f 721/815/721 752/842/752 753/816/753
f 709/787/709 708/784/708 739/814/739
f 723/788/723 722/786/722 753/816/753
f 710/789/710 709/787/709 740/817/740
f 723/788/723 754/818/754 755/820/755
f 710/789/710 741/819/741 742/821/742
f 725/793/725 724/790/724 755/820/755
f 712/794/712 711/791/711 742/821/742
f 698/792/698 729/822/729 730/825/730
f 725/793/725 756/823/756 757/826/757
f 712/794/712 743/824/743 744/827/744
f 699/795/699 730/825/730 731/828/731
f 726/796/726 757/826/757 758/829/758
f 714/800/714 713/797/713 744/827/744
f 701/801/701 700/798/700 731/828/731
f 727/799/727 758/829/758 759/832/759
f 714/800/714 745/830/745 746/833/746
f 701/801/701 732/831/732 733/834/733
f 716/805/716 715/803/715 746/833/746
f 703/806/703 702/804/702 733/834/733
f 716/805/716 747/835/747 748/837/748
f 703/806/703 734/836/734 735/838/735
f 717/774/717 748/837/748 749/807/749
f 705/777/705 704/775/704 735/838/735
f 751/811/751 782/871/782 783/840/783
f 738/812/738 769/872/769 770/841/770
f 752/842/752 783/901/783 784/843/784
f 740/817/740 739/814/739 770/841/770
f 753/816/753 784/843/784 785/845/785
f 741/819/741 740/817/740 771/844/771
f 754/818/754 785/845/785 786/847/786
f 741/819/741 772/846/772 773/848/773
f 755/820/755 786/847/786 787/850/787
f 743/824/743 742/821/742 773/848/773
f 729/822/729 760/849/760 761/852/761
f 756/823/756 787/850/787 788/853/788
f 743/824/743 774/851/774 775/854/775
f 730/825/730 761/852/761 762/855/762
f 758/829/758 757/826/757 788/853/788
f 745/830/745 744/827/744 775/854/775
f 732/831/732 731/828/731 762/855/762
f 758/829/758 789/856/789 790/859/790
f 745/830/745 776/857/776 777/860/777
f 732/831/732 763/858/763 764/861/764
f 747/835/747 746/833/746 777/860/777
f 733/834/733 764/861/764 765/863/765
f 747/835/747 778/862/778 779/864/779
f 734/836/734 765/863/765 766/865/766
f 748/837/748 779/864/779 780/866/780
f 735/838/735 766/865/766 767/867/767
f 750/808/750 749/807/749 780/866/780
f 737/810/737 736/2186/736 767/869/767
f 750/808/750 781/868/781 782/871/782
f 738/812/738 737/810/737 768/870/768
f 784/843/784 815/905/815 816/873/816
f 772/846/772 771/844/771 802/874/802
f 785/845/785 816/873/816 817/876/817
f 772/846/772 803/875/803 804/877/804
f 786/847/786 817/876/817 818/879/818
f 774/851/774 773/848/773 804/877/804
f 760/849/760 791/878/791 792/881/792
f 787/850/787 818/879/818 819/882/819
f 774/851/774 805/880/805 806/883/806
f 761/852/761 792/881/792 793/884/793
f 788/853/788 819/882/819 820/885/820
f 776/857/776 775/854/775 806/883/806
f 762/855/762 793/884/793 794/887/794
f 789/856/789 820/885/820 821/888/821
f 776/857/776 807/886/807 808/889/808
f 764/861/764 763/858/763 794/887/794
f 777/860/777 808/889/808 809/891/809
f 765/863/765 764/861/764 795/890/795
f 778/862/778 809/891/809 810/893/810
f 766/865/766 765/863/765 796/892/796
f 779/864/779 810/893/810 811/895/811
f 767/867/767 766/865/766 797/894/797
f 781/868/781 780/866/780 811/895/811
f 767/869/767 798/933/798 799/898/799
f 781/868/781 812/897/812 813/899/813
f 768/870/768 799/898/799 800/900/800
f 783/901/783 782/2187/782 813/902/813
f 769/872/769 800/900/800 801/904/801
f 783/901/783 814/903/814 815/905/815
f 771/844/771 770/841/770 801/904/801
f 814/903/814 845/938/845 846/906/846
f 802/874/802 801/904/801 832/907/832
f 815/905/815 846/906/846 847/909/847
f 803/875/803 802/874/802 833/908/833
f 817/876/817 816/873/816 847/909/847
f 803/875/803 834/910/834 835/912/835
f 818/879/818 817/876/817 848/911/848
f 805/880/805 804/877/804 835/912/835
f 791/878/791 822/913/822 823/916/823
f 818/879/818 849/914/849 850/917/850
f 805/880/805 836/915/836 837/918/837
f 792/881/792 823/916/823 824/919/824
f 819/882/819 850/917/850 851/920/851
f 807/886/807 806/883/806 837/918/837
f 793/884/793 824/919/824 825/922/825
f 820/885/820 851/920/851 852/923/852
f 807/886/807 838/921/838 839/924/839
f 794/887/794 825/922/825 826/925/826
f 808/889/808 839/924/839 840/926/840
f 795/890/795 826/925/826 827/927/827
f 809/891/809 840/926/840 841/928/841
f 797/894/797 796/892/796 827/927/827
f 810/893/810 841/928/841 842/930/842
f 797/894/797 828/929/828 829/931/829
f 812/897/812 811/895/811 842/930/842
f 798/933/798 829/962/829 830/934/830
f 812/897/812 843/932/843 844/935/844
f 799/898/799 830/934/830 831/936/831
f 814/903/814 813/902/813 844/937/844
f 800/900/800 831/936/831 832/907/832
f 848/911/848 847/909/847 878/939/878
f 834/910/834 865/971/865 866/941/866
f 849/914/849 848/911/848 879/940/879
f 836/915/836 835/912/835 866/941/866
f 823/916/823 822/913/822 853/942/853
f 850/917/850 849/914/849 880/943/880
f 836/915/836 867/944/867 868/947/868
f 823/916/823 854/945/854 855/948/855
f 851/920/851 850/917/850 881/946/881
f 838/921/838 837/918/837 868/947/868
f 824/919/824 855/948/855 856/951/856
f 851/920/851 882/949/882 883/952/883
f 838/921/838 869/950/869 870/953/870
f 825/922/825 856/951/856 857/954/857
f 839/924/839 870/953/870 871/955/871
f 826/925/826 857/954/857 858/956/858
f 840/926/840 871/955/871 872/957/872
f 828/929/828 827/927/827 858/956/858
f 841/928/841 872/957/872 873/959/873
f 828/929/828 859/958/859 860/960/860
f 843/932/843 842/930/842 873/959/873
f 829/962/829 860/2188/860 861/963/861
f 844/935/844 843/932/843 874/961/874
f 830/934/830 861/963/861 862/965/862
f 845/938/845 844/937/844 875/966/875
f 831/936/831 862/965/862 863/968/863
f 846/906/846 845/938/845 876/967/876
f 833/908/833 832/907/832 863/968/863
f 846/906/846 877/969/877 878/939/878
f 834/910/834 833/908/833 864/970/864
f 880/943/880 911/1003/911 912/972/912
f 867/944/867 898/1004/898 899/973/899
f 854/945/854 885/1005/885 886/974/886
f 881/946/881 912/972/912 913/975/913
f 869/950/869 868/947/868 899/973/899
f 855/948/855 886/974/886 887/977/887
f 882/949/882 913/975/913 914/978/914
f 869/950/869 900/976/900 901/979/901
f 857/954/857 856/951/856 887/977/887
f 871/955/871 870/953/870 901/979/901
f 857/954/857 888/980/888 889/982/889
f 871/955/871 902/981/902 903/983/903
f 858/956/858 889/982/889 890/984/890
f 872/957/872 903/983/903 904/985/904
f 859/958/859 890/984/890 891/986/891
f 874/961/874 873/959/873 904/985/904
f 860/960/860 891/986/891 892/988/892
f 874/961/874 905/987/905 906/990/906
f 862/965/862 861/963/861 892/991/892
f 876/967/876 875/966/875 906/993/906
f 862/965/862 893/992/893 894/995/894
f 877/969/877 876/967/876 907/994/907
f 864/970/864 863/968/863 894/995/894
f 877/969/877 908/996/908 909/998/909
f 865/971/865 864/970/864 895/997/895
f 879/940/879 878/939/878 909/998/909
f 865/971/865 896/999/896 897/1001/897
f 879/940/879 910/1000/910 911/1003/911
f 867/944/867 866/941/866 897/1001/897
f 854/945/854 853/942/853 884/1002/884
f 914/978/914 913/975/913 944/1006/944
f 900/976/900 931/1038/931 932/1008/932
f 888/980/888 887/977/887 918/1009/918
f 902/981/902 901/979/901 932/1008/932
f 888/980/888 919/1010/919 920/1012/920
f 902/981/902 933/1011/933 934/1013/934
f 890/984/890 889/982/889 920/1012/920
f 903/983/903 934/1013/934 935/1015/935
f 890/984/890 921/1014/921 922/1016/922
f 905/987/905 904/985/904 935/1015/935
f 891/986/891 922/1016/922 923/1018/923
f 905/1019/905 936/1046/936 937/1020/937
f 893/992/893 892/991/892 923/1021/923
f 907/994/907 906/993/906 937/1020/937
f 893/992/893 924/1022/924 925/1024/925
f 907/994/907 938/1023/938 939/1025/939
f 894/995/894 925/1024/925 926/1026/926
f 908/996/908 939/1025/939 940/1027/940
f 896/999/896 895/997/895 926/1026/926
f 909/998/909 940/1027/940 941/1029/941
f 896/999/896 927/1028/927 928/1030/928
f 910/1000/910 941/1029/941 942/1032/942
f 898/1004/898 897/1001/897 928/1030/928
f 885/1005/885 884/1002/884 915/1031/915
f 912/972/912 911/1003/911 942/1032/942
f 898/1004/898 929/1033/929 930/1036/930
f 885/1005/885 916/1034/916 917/1037/917
f 912/972/912 943/1035/943 944/1006/944
f 900/976/900 899/973/899 930/1036/930
f 887/977/887 886/974/886 917/1037/917
f 933/1011/933 964/2189/964 965/1039/965
f 921/1014/921 920/1012/920 951/1040/951
f 934/1013/934 965/1039/965 966/1042/966
f 921/1014/921 952/1041/952 953/1043/953
f 936/1017/936 935/1015/935 966/1042/966
f 922/1016/922 953/1043/953 954/1045/954
f 936/1046/936 967/1084/967 968/1047/968
f 924/1048/924 923/2190/923 954/1049/954
f 937/1020/937 968/1047/968 969/1051/969
f 924/1022/924 955/2191/955 956/1052/956
f 939/1025/939 938/1023/938 969/1051/969
f 926/1026/926 925/1024/925 956/1052/956
f 939/1025/939 970/1053/970 971/1055/971
f 927/1056/927 926/2192/926 957/1057/957
f 941/1029/941 940/1027/940 971/1055/971
f 927/1056/927 958/1058/958 959/1060/959
f 941/1029/941 972/1059/972 973/1063/973
f 929/1064/929 928/1061/928 959/1060/959
f 915/1031/915 946/1062/946 947/1066/947
f 942/1032/942 973/1063/973 974/1067/974
f 929/1033/929 960/2193/960 961/1068/961
f 916/1034/916 947/1066/947 948/1069/948
f 944/1006/944 943/1035/943 974/1067/974
f 931/1038/931 930/1036/930 961/1068/961
f 917/1037/917 948/1069/948 949/1072/949
f 944/1006/944 975/1070/975 976/1073/976
f 931/1074/931 962/1106/962 963/1075/963
f 919/1010/919 918/1009/918 949/1072/949
f 933/1078/933 932/1076/932 963/1075/963
f 919/1010/919 950/1077/950 951/1040/951
f 967/1080/967 966/1117/966 997/1081/997
f 953/1043/953 984/1118/984 985/1083/985
f 967/1084/967 998/2194/998 999/1085/999
f 955/1050/955 954/1049/954 985/1086/985
f 969/1051/969 968/1047/968 999/1085/999
f 955/1050/955 986/1087/986 987/1089/987
f 970/1053/970 969/1051/969 1000/1088/1000
f 957/1057/957 956/1090/956 987/1089/987
f 970/1053/970 1001/1091/1001 1002/1093/1002
f 958/1058/958 957/1057/957 988/1092/988
f 972/1059/972 971/1055/971 1002/1093/1002
f 958/1058/958 989/1094/989 990/1096/990
f 972/1059/972 1003/1095/1003 1004/1098/1004
f 960/1065/960 959/1060/959 990/1096/990
f 946/1062/946 977/1097/977 978/1100/978
f 973/1063/973 1004/1098/1004 1005/1101/1005
f 960/1065/960 991/1099/991 992/1102/992
f 947/1066/947 978/1100/978 979/1104/979
f 974/1067/974 1005/1101/1005 1006/1105/1006
f 962/1106/962 961/1103/961 992/1102/992
f 948/1069/948 979/1104/979 980/1108/980
f 975/1070/975 1006/1105/1006 1007/1109/1007
f 962/1106/962 993/1107/993 994/1110/994
f 950/1077/950 949/1072/949 980/1108/980
f 963/1075/963 994/1110/994 995/1112/995
f 950/1077/950 981/1111/981 982/1113/982
f 964/1079/964 995/1112/995 996/1114/996
f 952/1041/952 951/1040/951 982/1113/982
f 965/1115/965 996/1114/996 997/1081/997
f 952/1041/952 983/1116/983 984/1118/984
f 1000/1088/1000 999/1085/999 1030/1119/1030
f 986/1087/986 1017/1152/1017 1018/1121/1018
f 1001/1091/1001 1000/1088/1000 1031/1120/1031
f 988/1092/988 987/1089/987 1018/1121/1018
f 1001/1091/1001 1032/1122/1032 1033/1124/1033
f 989/1094/989 988/1092/988 1019/1123/1019
f 1003/1095/1003 1002/1093/1002 1033/1124/1033
f 989/1094/989 1020/1125/1020 1021/1127/1021
f 1004/1098/1004 1003/1095/1003 1034/1126/1034
f 991/1099/991 990/1096/990 1021/1127/1021
f 978/1100/978 977/1097/977 1008/1128/1008
f 1004/1098/1004 1035/1129/1035 1036/1132/1036
f 991/1099/991 1022/1130/1022 1023/1133/1023
f 978/1100/978 1009/1131/1009 1010/1134/1010
f 1005/1101/1005 1036/1132/1036 1037/1135/1037
f 993/1107/993 992/1102/992 1023/1133/1023
f 979/1104/979 1010/1134/1010 1011/1137/1011
f 1006/1105/1006 1037/1135/1037 1038/1138/1038
f 993/1107/993 1024/1136/1024 1025/1139/1025
f 980/1108/980 1011/1137/1011 1012/1140/1012
f 994/1110/994 1025/1139/1025 1026/1141/1026
f 981/1111/981 1012/1140/1012 1013/1142/1013
f 995/1112/995 1026/1141/1026 1027/1143/1027
f 983/1116/983 982/1113/982 1013/1142/1013
f 996/1114/996 1027/1143/1027 1028/1145/1028
f 983/1116/983 1014/1144/1014 1015/1146/1015
f 998/1082/998 997/1081/997 1028/1145/1028
f 984/1118/984 1015/1146/1015 1016/1148/1016
f 998/1082/998 1029/1147/1029 1030/1149/1030
f 986/1087/986 985/1086/985 1016/1151/1016
f 1032/1122/1032 1063/1185/1063 1064/1153/1064
f 1020/1125/1020 1019/1123/1019 1050/1154/1050
f 1033/1124/1033 1064/1153/1064 1065/1156/1065
f 1020/1125/1020 1051/1155/1051 1052/1157/1052
f 1034/1126/1034 1065/1156/1065 1066/1159/1066
f 1022/1130/1022 1021/1127/1021 1052/1157/1052
f 1008/1128/1008 1039/1158/1039 1040/1161/1040
f 1035/1129/1035 1066/1159/1066 1067/1162/1067
f 1022/1130/1022 1053/1160/1053 1054/1163/1054
f 1009/1131/1009 1040/1161/1040 1041/1164/1041
f 1037/1135/1037 1036/1132/1036 1067/1162/1067
f 1024/1136/1024 1023/1133/1023 1054/1163/1054
f 1010/1134/1010 1041/1164/1041 1042/1167/1042
f 1037/1135/1037 1068/1165/1068 1069/1168/1069
f 1024/1136/1024 1055/1166/1055 1056/1169/1056
f 1011/1137/1011 1042/1167/1042 1043/1170/1043
f 1025/1139/1025 1056/1169/1056 1057/1171/1057
f 1012/1140/1012 1043/1170/1043 1044/1172/1044
f 1026/1141/1026 1057/1171/1057 1058/1173/1058
f 1014/1144/1014 1013/1142/1013 1044/1172/1044
f 1027/1143/1027 1058/1173/1058 1059/1175/1059
f 1014/1144/1014 1045/1174/1045 1046/1176/1046
f 1029/1147/1029 1028/1145/1028 1059/1175/1059
f 1015/1178/1015 1046/1208/1046 1047/1179/1047
f 1029/1147/1029 1060/1177/1060 1061/1180/1061
f 1017/1152/1017 1016/1151/1016 1047/1179/1047
f 1031/1120/1031 1030/1119/1030 1061/1182/1061
f 1017/1152/1017 1048/1181/1048 1049/1184/1049
f 1031/1120/1031 1062/1183/1062 1063/1185/1063
f 1019/1123/1019 1018/1121/1018 1049/1184/1049
f 1066/1159/1066 1065/1156/1065 1097/1187/1097
f 1053/1160/1053 1052/1157/1052 1084/1189/1084
f 1039/1158/1039 1071/1186/1071 1072/1191/1072
f 1066/1159/1066 1098/1188/1098 1099/1192/1099
f 1053/1160/1053 1085/1190/1085 1086/1193/1086
f 1040/1161/1040 1072/1191/1072 1073/1194/1073
f 1068/1165/1068 1067/1162/1067 1099/1192/1099
f 1055/1166/1055 1054/1163/1054 1086/1193/1086
f 1042/1167/1042 1041/1164/1041 1073/1194/1073
f 1069/1168/1069 1068/1165/1068 1100/1195/1100
f 1055/1166/1055 1087/1196/1087 1088/1199/1088
f 1042/1167/1042 1074/1197/1074 1075/1200/1075
f 1057/1171/1057 1056/1169/1056 1088/1199/1088
f 1043/1170/1043 1075/1200/1075 1076/1202/1076
f 1057/1171/1057 1089/1201/1089 1090/1203/1090
f 1045/1174/1045 1044/1172/1044 1076/1202/1076
f 1058/1173/1058 1090/1203/1090 1091/1205/1091
f 1045/1174/1045 1077/1204/1077 1078/1206/1078
f 1060/1177/1060 1059/1175/1059 1091/1205/1091
f 1046/1208/1046 1078/1235/1078 1079/1209/1079
f 1060/1177/1060 1092/1207/1092 1093/1210/1093
f 1048/1181/1048 1047/1179/1047 1079/1209/1079
f 1062/1183/1062 1061/1182/1061 1093/1212/1093
f 1048/1181/1048 1080/1211/1080 1081/1214/1081
f 1062/1183/1062 1094/1213/1094 1095/1215/1095
f 1049/1184/1049 1081/1214/1081 1082/1216/1082
f 1063/1185/1063 1095/1215/1095 1096/1217/1096
f 1051/1155/1051 1050/1154/1050 1082/1216/1082
f 1065/1156/1065 1064/1153/1064 1096/1217/1096
f 1051/1155/1051 1083/1218/1083 1084/1189/1084
f 1072/1191/1072 1103/1251/1103 1104/1219/1104
f 1100/1195/1100 1099/1192/1099 1130/1220/1130
f 1087/1196/1087 1086/1193/1086 1117/1222/1117
f 1073/1194/1073 1104/1219/1104 1105/1224/1105
f 1100/1195/1100 1131/1221/1131 1132/1225/1132
f 1087/1196/1087 1118/1223/1118 1119/1226/1119
f 1075/1200/1075 1074/1197/1074 1105/1224/1105
f 1089/1201/1089 1088/1199/1088 1119/1226/1119
f 1075/1200/1075 1106/1227/1106 1107/1229/1107
f 1089/1201/1089 1120/1228/1120 1121/1230/1121
f 1077/1204/1077 1076/1202/1076 1107/1229/1107
f 1090/1203/1090 1121/1230/1121 1122/1232/1122
f 1077/1204/1077 1108/1231/1108 1109/1233/1109
f 1092/1207/1092 1091/1205/1091 1122/1232/1122
f 1078/1235/1078 1109/1263/1109 1110/1236/1110
f 1092/1207/1092 1123/1234/1123 1124/1237/1124
f 1080/1211/1080 1079/1209/1079 1110/1236/1110
f 1094/1213/1094 1093/1212/1093 1124/1239/1124
f 1080/1211/1080 1111/1238/1111 1112/1241/1112
f 1094/1213/1094 1125/1240/1125 1126/1242/1126
f 1082/1216/1082 1081/1214/1081 1112/1241/1112
f 1095/1215/1095 1126/1242/1126 1127/1244/1127
f 1083/1218/1083 1082/1216/1082 1113/1243/1113
f 1097/1187/1097 1096/1217/1096 1127/1244/1127
f 1083/1218/1083 1114/1245/1114 1115/1247/1115
f 1097/1187/1097 1128/1246/1128 1129/1249/1129
f 1085/1190/1085 1084/1189/1084 1115/1247/1115
f 1071/1186/1071 1102/1248/1102 1103/1251/1103
f 1098/1188/1098 1129/1249/1129 1130/1220/1130
f 1085/1190/1085 1116/1250/1116 1117/1222/1117
f 1106/1227/1106 1105/1224/1105 1136/1252/1136
f 1120/1228/1120 1119/1226/1119 1150/1255/1150
f 1106/1227/1106 1137/1253/1137 1138/1257/1138
f 1120/1228/1120 1151/1256/1151 1152/1258/1152
f 1108/1231/1108 1107/1229/1107 1138/1257/1138
f 1121/1230/1121 1152/1258/1152 1153/1260/1153
f 1108/1231/1108 1139/1259/1139 1140/1261/1140
f 1123/1234/1123 1122/1232/1122 1153/1260/1153
f 1109/1263/1109 1140/1291/1140 1141/1264/1141
f 1123/1234/1123 1154/1262/1154 1155/1265/1155
f 1111/1238/1111 1110/1236/1110 1141/1264/1141
f 1125/1267/1125 1124/1237/1124 1155/1265/1155
f 1111/1238/1111 1142/1266/1142 1143/1269/1143
f 1126/1242/1126 1125/1240/1125 1156/1270/1156
f 1113/1243/1113 1112/1241/1112 1143/1269/1143
f 1126/1242/1126 1157/1271/1157 1158/1273/1158
f 1114/1245/1114 1113/1243/1113 1144/1272/1144
f 1128/1246/1128 1127/1244/1127 1158/1273/1158
f 1114/1245/1114 1145/1274/1145 1146/1276/1146
f 1128/1246/1128 1159/1275/1159 1160/1278/1160
f 1116/1250/1116 1115/1247/1115 1146/1276/1146
f 1102/1248/1102 1133/1277/1133 1134/1280/1134
f 1129/1249/1129 1160/1278/1160 1161/1281/1161
f 1116/1250/1116 1147/1279/1147 1148/1282/1148
f 1103/1251/1103 1134/1280/1134 1135/1283/1135
f 1130/1220/1130 1161/1281/1161 1162/1284/1162
f 1118/1223/1118 1117/1222/1117 1148/1282/1148
f 1104/1219/1104 1135/1283/1135 1136/1252/1136
f 1131/1221/1131 1162/1284/1162 1163/1254/1163
f 1118/1223/1118 1149/1285/1149 1150/1255/1150
f 1139/1259/1139 1138/1257/1138 1169/1286/1169
f 1152/1258/1152 1183/1318/1183 1184/1288/1184
f 1139/1259/1139 1170/1287/1170 1171/1289/1171
f 1154/1262/1154 1153/1260/1153 1184/1288/1184
f 1140/1291/1140 1171/1319/1171 1172/1292/1172
f 1154/1262/1154 1185/1290/1185 1186/1293/1186
f 1142/1266/1142 1141/1264/1141 1172/1292/1172
f 1156/1268/1156 1155/1265/1155 1186/1293/1186
f 1142/1266/1142 1173/1294/1173 1174/1296/1174
f 1157/1271/1157 1156/1270/1156 1187/1297/1187
f 1144/1272/1144 1143/1269/1143 1174/1296/1174
f 1157/1271/1157 1188/1298/1188 1189/1300/1189
f 1145/1274/1145 1144/1272/1144 1175/1299/1175
f 1159/1275/1159 1158/1273/1158 1189/1300/1189
f 1145/1274/1145 1176/1301/1176 1177/1303/1177
f 1160/1278/1160 1159/1275/1159 1190/1302/1190
f 1147/1279/1147 1146/1276/1146 1177/1303/1177
f 1134/1280/1134 1133/1277/1133 1164/1304/1164
f 1161/1281/1161 1160/1278/1160 1191/1305/1191
f 1147/1279/1147 1178/1306/1178 1179/1309/1179
f 1134/1280/1134 1165/1307/1165 1166/1310/1166
f 1162/1284/1162 1161/1281/1161 1192/1308/1192
f 1149/1285/1149 1148/1282/1148 1179/1309/1179
f 1135/1283/1135 1166/1310/1166 1167/1313/1167
f 1162/1284/1162 1193/1311/1193 1194/1314/1194
f 1149/1285/1149 1180/1312/1180 1181/1315/1181
f 1136/1252/1136 1167/1313/1167 1168/1316/1168
f 1151/1256/1151 1150/1255/1150 1181/1315/1181
f 1137/1253/1137 1168/1316/1168 1169/1286/1169
f 1151/1256/1151 1182/1317/1182 1183/1318/1183
f 1171/1319/1171 1202/1380/1202 1203/1320/1203
f 1185/1290/1185 1216/1351/1216 1217/1321/1217
f 1173/1294/1173 1172/1292/1172 1203/1320/1203
f 1187/1295/1187 1186/1293/1186 1217/1321/1217
f 1173/1294/1173 1204/1322/1204 1205/1324/1205
f 1188/1298/1188 1187/1297/1187 1218/1325/1218
f 1175/1299/1175 1174/1296/1174 1205/1324/1205
f 1188/1298/1188 1219/1326/1219 1220/1328/1220
f 1176/1301/1176 1175/1299/1175 1206/1327/1206
f 1190/1302/1190 1189/1300/1189 1220/1328/1220
f 1176/1301/1176 1207/1329/1207 1208/1331/1208
f 1191/1305/1191 1190/1302/1190 1221/1330/1221
f 1178/1306/1178 1177/1303/1177 1208/1331/1208
f 1165/1307/1165 1164/1304/1164 1195/1332/1195
f 1191/1305/1191 1222/1333/1222 1223/1336/1223
f 1178/1306/1178 1209/1334/1209 1210/1337/1210
f 1165/1307/1165 1196/1335/1196 1197/1338/1197
f 1193/1311/1193 1192/1308/1192 1223/1336/1223
f 1180/1312/1180 1179/1309/1179 1210/1337/1210
f 1167/1313/1167 1166/1310/1166 1197/1338/1197
f 1193/1311/1193 1224/1339/1224 1225/1342/1225
f 1180/1312/1180 1211/1340/1211 1212/1343/1212
f 1167/1313/1167 1198/1341/1198 1199/1344/1199
f 1182/1317/1182 1181/1315/1181 1212/1343/1212
f 1168/1316/1168 1199/1344/1199 1200/1346/1200
f 1182/1317/1182 1213/1345/1213 1214/1347/1214
f 1170/1287/1170 1169/1286/1169 1200/1346/1200
f 1183/1318/1183 1214/1347/1214 1215/1349/1215
f 1171/1289/1171 1170/1287/1170 1201/1348/1201
f 1185/1290/1185 1184/1288/1184 1215/1349/1215
f 1204/1322/1204 1236/1383/1236 1237/1352/1237
f 1219/1326/1219 1218/1325/1218 1250/1353/1250
f 1206/1327/1206 1205/1324/1205 1237/1352/1237
f 1219/1326/1219 1251/1354/1251 1252/1356/1252
f 1207/1329/1207 1206/1327/1206 1238/1355/1238
f 1221/1330/1221 1220/1328/1220 1252/1356/1252
f 1207/1329/1207 1239/1357/1239 1240/1359/1240
f 1221/1330/1221 1253/1358/1253 1254/1361/1254
f 1209/1334/1209 1208/1331/1208 1240/1359/1240
f 1196/1335/1196 1195/1332/1195 1227/1360/1227
f 1222/1333/1222 1254/1361/1254 1255/1364/1255
f 1209/1334/1209 1241/1362/1241 1242/1365/1242
f 1196/1335/1196 1228/1363/1228 1229/1366/1229
f 1224/1339/1224 1223/1336/1223 1255/1364/1255
f 1211/1340/1211 1210/1337/1210 1242/1365/1242
f 1197/1338/1197 1229/1366/1229 1230/1369/1230
f 1225/1342/1225 1224/1339/1224 1256/1367/1256
f 1211/1340/1211 1243/1368/1243 1244/1371/1244
f 1198/1341/1198 1230/1369/1230 1231/1372/1231
f 1213/1345/1213 1212/1343/1212 1244/1371/1244
f 1199/1344/1199 1231/1372/1231 1232/1374/1232
f 1213/1345/1213 1245/1373/1245 1246/1375/1246
f 1201/1348/1201 1200/1346/1200 1232/1374/1232
f 1214/1347/1214 1246/1375/1246 1247/1377/1247
f 1201/1348/1201 1233/1376/1233 1234/1378/1234
f 1216/1351/1216 1215/1349/1215 1247/1377/1247
f 1202/1380/1202 1234/1410/1234 1235/1381/1235
f 1216/1351/1216 1248/1379/1248 1249/1382/1249
f 1204/1322/1204 1203/1320/1203 1235/1381/1235
f 1218/1323/1218 1217/1321/1217 1249/1382/1249
f 1239/1357/1239 1238/1355/1238 1269/1385/1269
f 1253/1358/1253 1252/1356/1252 1283/1387/1283
f 1239/1357/1239 1270/1386/1270 1271/1389/1271
f 1253/1358/1253 1284/1388/1284 1285/1391/1285
f 1241/1362/1241 1240/1359/1240 1271/1389/1271
f 1227/1360/1227 1258/1390/1258 1259/1393/1259
f 1254/1361/1254 1285/1391/1285 1286/1394/1286
f 1241/1362/1241 1272/1392/1272 1273/1395/1273
f 1228/1363/1228 1259/1393/1259 1260/1396/1260
f 1256/1367/1256 1255/1364/1255 1286/1394/1286
f 1243/1368/1243 1242/1365/1242 1273/1395/1273
f 1229/1366/1229 1260/1396/1260 1261/1399/1261
f 1257/1370/1257 1256/1367/1256 1287/1397/1287
f 1243/1368/1243 1274/1398/1274 1275/1401/1275
f 1230/1369/1230 1261/1399/1261 1262/1402/1262
f 1245/1373/1245 1244/1371/1244 1275/1401/1275
f 1231/1372/1231 1262/1402/1262 1263/1404/1263
f 1245/1373/1245 1276/1403/1276 1277/1405/1277
f 1233/1376/1233 1232/1374/1232 1263/1404/1263
f 1246/1375/1246 1277/1405/1277 1278/1407/1278
f 1233/1376/1233 1264/1406/1264 1265/1408/1265
f 1248/1379/1248 1247/1377/1247 1278/1407/1278
f 1234/1410/1234 1265/1437/1265 1266/1411/1266
f 1248/1379/1248 1279/1409/1279 1280/1412/1280
f 1236/1383/1236 1235/1381/1235 1266/1411/1266
f 1250/1384/1250 1249/1382/1249 1280/1412/1280
f 1236/1383/1236 1267/1413/1267 1268/1415/1268
f 1250/1353/1250 1281/1441/1281 1282/1416/1282
f 1238/1355/1238 1237/1352/1237 1268/1415/1268
f 1251/1354/1251 1282/1416/1282 1283/1387/1283
f 1272/1392/1272 1271/1389/1271 1302/1417/1302
f 1259/1393/1259 1258/1390/1258 1289/1419/1289
f 1285/1391/1285 1316/1450/1316 1317/1421/1317
f 1272/1392/1272 1303/1418/1303 1304/1422/1304
f 1259/1393/1259 1290/1420/1290 1291/1423/1291
f 1286/1394/1286 1317/1421/1317 1318/1424/1318
f 1274/1398/1274 1273/1395/1273 1304/1422/1304
f 1260/1396/1260 1291/1423/1291 1292/1426/1292
f 1288/1400/1288 1287/1397/1287 1318/1424/1318
f 1274/1398/1274 1305/1425/1305 1306/1428/1306
f 1261/1399/1261 1292/1426/1292 1293/1429/1293
f 1276/1403/1276 1275/1401/1275 1306/1428/1306
f 1262/1402/1262 1293/1429/1293 1294/1431/1294
f 1276/1403/1276 1307/1430/1307 1308/1432/1308
f 1264/1406/1264 1263/1404/1263 1294/1431/1294
f 1277/1405/1277 1308/1432/1308 1309/1434/1309
f 1265/1408/1265 1264/1406/1264 1295/1433/1295
f 1279/1409/1279 1278/1407/1278 1309/1434/1309
f 1265/1437/1265 1296/1464/1296 1297/1438/1297
f 1279/1409/1279 1310/1436/1310 1311/1439/1311
f 1267/1413/1267 1266/1411/1266 1297/1438/1297
f 1281/1441/1281 1280/2195/1280 1311/1442/1311
f 1267/1413/1267 1298/1440/1298 1299/1444/1299
f 1281/1441/1281 1312/1443/1312 1313/1445/1313
f 1269/1385/1269 1268/1415/1268 1299/1444/1299
f 1282/1416/1282 1313/1445/1313 1314/1447/1314
f 1270/1386/1270 1269/1385/1269 1300/1446/1300
f 1284/1388/1284 1283/1387/1283 1314/1447/1314
f 1270/1386/1270 1301/1448/1301 1302/1417/1302
f 1284/1388/1284 1315/1449/1315 1316/1450/1316
f 1305/1425/1305 1304/1422/1304 1335/1451/1335
f 1291/1423/1291 1322/1482/1322 1323/1453/1323
f 1318/1424/1318 1349/1483/1349 1350/1454/1350
f 1305/1425/1305 1336/1452/1336 1337/1455/1337
f 1293/1429/1293 1292/1426/1292 1323/1453/1323
f 1306/1428/1306 1337/1455/1337 1338/1457/1338
f 1293/1429/1293 1324/1456/1324 1325/1458/1325
f 1307/1430/1307 1338/1457/1338 1339/1459/1339
f 1294/1431/1294 1325/1458/1325 1326/1460/1326
f 1308/1432/1308 1339/1459/1339 1340/1461/1340
f 1295/1433/1295 1326/1460/1326 1327/1462/1327
f 1310/1436/1310 1309/1434/1309 1340/1461/1340
f 1296/1464/1296 1327/1492/1327 1328/1465/1328
f 1310/1436/1310 1341/1463/1341 1342/1466/1342
f 1298/1440/1298 1297/1438/1297 1328/1465/1328
f 1312/1443/1312 1311/1442/1311 1342/1468/1342
f 1298/1440/1298 1329/1467/1329 1330/1470/1330
f 1313/1445/1313 1312/1443/1312 1343/1469/1343
f 1300/1446/1300 1299/1444/1299 1330/1470/1330
f 1313/1445/1313 1344/1471/1344 1345/1473/1345
f 1301/1448/1301 1300/1446/1300 1331/1472/1331
f 1315/1449/1315 1314/1447/1314 1345/1473/1345
f 1301/1448/1301 1332/1474/1332 1333/1476/1333
f 1316/1450/1316 1315/1449/1315 1346/1475/1346
f 1303/1418/1303 1302/1417/1302 1333/1476/1333
f 1289/1419/1289 1320/1477/1320 1321/1480/1321
f 1317/1421/1317 1316/1450/1316 1347/1478/1347
f 1303/1418/1303 1334/1479/1334 1335/1451/1335
f 1291/1423/1291 1290/1420/1290 1321/1480/1321
f 1317/1421/1317 1348/1481/1348 1349/1483/1349
f 1338/1457/1338 1337/1455/1337 1368/1484/1368
f 1324/1456/1324 1355/1516/1355 1356/1486/1356
f 1338/1457/1338 1369/1485/1369 1370/1487/1370
f 1325/1458/1325 1356/1486/1356 1357/1488/1357
f 1339/1459/1339 1370/1487/1370 1371/1489/1371
f 1326/1460/1326 1357/1488/1357 1358/1490/1358
f 1341/1463/1341 1340/1461/1340 1371/1489/1371
f 1327/1492/1327 1358/2196/1358 1359/1493/1359
f 1341/1463/1341 1372/1491/1372 1373/1494/1373
f 1329/1467/1329 1328/1465/1328 1359/1493/1359
f 1343/1469/1343 1342/1468/1342 1373/1496/1373
f 1329/1467/1329 1360/1495/1360 1361/1498/1361
f 1344/1471/1344 1343/1469/1343 1374/1497/1374
f 1331/1472/1331 1330/1470/1330 1361/1498/1361
f 1344/1471/1344 1375/1499/1375 1376/1501/1376
f 1332/1474/1332 1331/1472/1331 1362/1500/1362
f 1346/1475/1346 1345/1473/1345 1376/1501/1376
f 1332/1474/1332 1363/1502/1363 1364/1504/1364
f 1346/1475/1346 1377/1503/1377 1378/1506/1378
f 1334/1479/1334 1333/1476/1333 1364/1504/1364
f 1320/1477/1320 1351/1505/1351 1352/1508/1352
f 1348/1481/1348 1347/1478/1347 1378/1506/1378
f 1334/1479/1334 1365/1507/1365 1366/1510/1366
f 1322/1482/1322 1321/1480/1321 1352/1508/1352
f 1349/1483/1349 1348/1481/1348 1379/1509/1379
f 1336/1452/1336 1335/1451/1335 1366/1510/1366
f 1322/1482/1322 1353/1511/1353 1354/1514/1354
f 1349/1483/1349 1380/1512/1380 1381/1515/1381
f 1336/1452/1336 1367/1513/1367 1368/1484/1368
f 1324/1456/1324 1323/1453/1323 1354/1514/1354
f 1370/1487/1370 1401/1549/1401 1402/1517/1402
f 1357/1488/1357 1388/1550/1388 1389/1518/1389
f 1372/1491/1372 1371/1489/1371 1402/1517/1402
f 1358/1490/1358 1389/1518/1389 1390/1520/1390
f 1372/1491/1372 1403/1519/1403 1404/1522/1404
f 1360/1495/1360 1359/1493/1359 1390/1523/1390
f 1374/1497/1374 1373/1496/1373 1404/1525/1404
f 1360/1495/1360 1391/1524/1391 1392/1527/1392
f 1375/1499/1375 1374/1497/1374 1405/1526/1405
f 1362/1500/1362 1361/1498/1361 1392/1527/1392
f 1375/1499/1375 1406/1528/1406 1407/1530/1407
f 1363/1502/1363 1362/1500/1362 1393/1529/1393
f 1377/1503/1377 1376/1501/1376 1407/1530/1407
f 1363/1502/1363 1394/1531/1394 1395/1533/1395
f 1377/1503/1377 1408/1532/1408 1409/1535/1409
f 1365/1507/1365 1364/1504/1364 1395/1533/1395
f 1351/1505/1351 1382/1534/1382 1383/1537/1383
f 1379/1509/1379 1378/1506/1378 1409/1535/1409
f 1365/1507/1365 1396/1536/1396 1397/1539/1397
f 1352/1508/1352 1383/1537/1383 1384/1540/1384
f 1379/1509/1379 1410/1538/1410 1411/1541/1411
f 1367/1513/1367 1366/1510/1366 1397/1539/1397
f 1353/1511/1353 1384/1540/1384 1385/1543/1385
f 1380/1512/1380 1411/1541/1411 1412/1544/1412
f 1367/1513/1367 1398/1542/1398 1399/1545/1399
f 1354/1514/1354 1385/1543/1385 1386/1546/1386
f 1369/1485/1369 1368/1484/1368 1399/1545/1399
f 1355/1516/1355 1386/1546/1386 1387/1548/1387
f 1369/1485/1369 1400/1547/1400 1401/1549/1401
f 1357/1488/1357 1356/1486/1356 1387/1548/1387
f 1403/1551/1403 1434/1620/1434 1435/1552/1435
f 1391/1524/1391 1390/1523/1390 1421/1553/1421
f 1405/1526/1405 1404/1525/1404 1435/1552/1435
f 1391/1524/1391 1422/1554/1422 1423/1556/1423
f 1405/1526/1405 1436/1555/1436 1437/1557/1437
f 1393/1529/1393 1392/1527/1392 1423/1556/1423
f 1406/1528/1406 1437/1557/1437 1438/1559/1438
f 1394/1531/1394 1393/1529/1393 1424/1558/1424
f 1408/1532/1408 1407/1530/1407 1438/1559/1438
f 1394/1531/1394 1425/1560/1425 1426/1562/1426
f 1408/1532/1408 1439/1561/1439 1440/1564/1440
f 1396/1536/1396 1395/1533/1395 1426/1562/1426
f 1382/1534/1382 1413/1563/1413 1414/1566/1414
f 1410/1538/1410 1409/1535/1409 1440/1564/1440
f 1396/1536/1396 1427/1565/1427 1428/1568/1428
f 1384/1540/1384 1383/1537/1383 1414/1566/1414
f 1410/1538/1410 1441/1567/1441 1442/1570/1442
f 1398/1542/1398 1397/1539/1397 1428/1568/1428
f 1384/1540/1384 1415/1569/1415 1416/1572/1416
f 1411/1541/1411 1442/1570/1442 1443/1573/1443
f 1398/1542/1398 1429/1571/1429 1430/1574/1430
f 1386/1546/1386 1385/1543/1385 1416/1572/1416
f 1400/1547/1400 1399/1545/1399 1430/1574/1430
f 1386/1546/1386 1417/1575/1417 1418/1577/1418
f 1400/1547/1400 1431/1576/1431 1432/1578/1432
f 1388/1550/1388 1387/1548/1387 1418/1577/1418
f 1401/1549/1401 1432/1578/1432 1433/1580/1433
f 1388/1550/1388 1419/1579/1419 1420/1581/1420
f 1403/1519/1403 1402/1517/1402 1433/1580/1433
f 1389/1518/1389 1420/1581/1420 1421/1583/1421
f 1437/1557/1437 1436/1555/1436 1467/1584/1467
f 1424/1558/1424 1423/1556/1423 1454/1586/1454
f 1437/1557/1437 1468/1585/1468 1469/1588/1469
f 1425/1560/1425 1424/1558/1424 1455/1587/1455
f 1439/1561/1439 1438/1559/1438 1469/1588/1469
f 1425/1560/1425 1456/1589/1456 1457/1591/1457
f 1439/1561/1439 1470/1590/1470 1471/1593/1471
f 1427/1565/1427 1426/1562/1426 1457/1591/1457
f 1413/1563/1413 1444/1592/1444 1445/1595/1445
f 1440/1564/1440 1471/1593/1471 1472/1596/1472
f 1427/1565/1427 1458/1594/1458 1459/1597/1459
f 1414/1566/1414 1445/1595/1445 1446/1598/1446
f 1442/1570/1442 1441/1567/1441 1472/1596/1472
f 1429/1600/1429 1428/2197/1428 1459/1601/1459
f 1416/1572/1416 1415/1569/1415 1446/1598/1446
f 1443/1573/1443 1442/1570/1442 1473/1599/1473
f 1429/1600/1429 1460/1602/1460 1461/1605/1461
f 1417/1575/1417 1416/1572/1416 1447/1603/1447
f 1431/1608/1431 1430/1606/1430 1461/1605/1461
f 1417/1575/1417 1448/1607/1448 1449/1610/1449
f 1431/1608/1431 1462/1609/1462 1463/1611/1463
f 1419/1579/1419 1418/1577/1418 1449/1610/1449
f 1432/1612/1432 1463/1611/1463 1464/1614/1464
f 1419/1579/1419 1450/1613/1450 1451/1616/1451
f 1434/1617/1434 1433/1615/1433 1464/1614/1464
f 1420/1581/1420 1451/1616/1451 1452/1619/1452
f 1434/1620/1434 1465/2198/1465 1466/1621/1466
f 1422/1554/1422 1421/1553/1421 1452/1622/1452
f 1436/1555/1436 1435/1552/1435 1466/1621/1466
f 1422/1554/1422 1453/1623/1453 1454/1586/1454
f 1470/1590/1470 1469/1588/1469 1500/1624/1500
f 1456/1626/1456 1487/1663/1487 1488/1627/1488
f 1471/1593/1471 1470/1590/1470 1501/1625/1501
f 1458/1631/1458 1457/1628/1457 1488/1627/1488
f 1445/1595/1445 1444/1592/1444 1475/1629/1475
f 1471/1593/1471 1502/1630/1502 1503/1634/1503
f 1458/1631/1458 1489/1632/1489 1490/1635/1490
f 1445/1595/1445 1476/1633/1476 1477/1636/1477
f 1472/1596/1472 1503/1634/1503 1504/1637/1504
f 1460/1602/1460 1459/1601/1459 1490/1635/1490
f 1447/1603/1447 1446/1598/1446 1477/1636/1477
f 1473/1599/1473 1504/1637/1504 1505/1640/1505
f 1460/1602/1460 1491/1638/1491 1492/1641/1492
f 1448/1607/1448 1447/1603/1447 1478/1639/1478
f 1462/1609/1462 1461/1605/1461 1492/1641/1492
f 1448/1607/1448 1479/1642/1479 1480/1644/1480
f 1462/1609/1462 1493/1643/1493 1494/1645/1494
f 1450/1613/1450 1449/1610/1449 1480/1644/1480
f 1463/1611/1463 1494/1645/1494 1495/1647/1495
f 1450/1613/1450 1481/1646/1481 1482/1648/1482
f 1465/1618/1465 1464/1614/1464 1495/1647/1495
f 1451/1616/1451 1482/1648/1482 1483/1650/1483
f 1465/1618/1465 1496/1649/1496 1497/1651/1497
f 1453/1653/1453 1452/2199/1452 1483/1654/1483
f 1467/1584/1467 1466/1621/1466 1497/1656/1497
f 1453/1653/1453 1484/1655/1484 1485/1658/1485
f 1468/1585/1468 1467/1584/1467 1498/1657/1498
f 1455/1661/1455 1454/1659/1454 1485/1658/1485
f 1468/1585/1468 1499/1660/1499 1500/1624/1500
f 1456/1626/1456 1455/1661/1455 1486/1662/1486
f 1475/1629/1475 1506/1695/1506 1507/1664/1507
f 1503/1634/1503 1502/1630/1502 1533/1665/1533
f 1489/1632/1489 1520/1696/1520 1521/1667/1521
f 1477/1636/1477 1476/1633/1476 1507/1664/1507
f 1503/1634/1503 1534/1666/1534 1535/1669/1535
f 1491/1638/1491 1490/1635/1490 1521/1667/1521
f 1477/1636/1477 1508/1668/1508 1509/1671/1509
f 1504/1637/1504 1535/1669/1535 1536/1672/1536
f 1491/1638/1491 1522/1670/1522 1523/1673/1523
f 1479/1642/1479 1478/1639/1478 1509/1671/1509
f 1493/1643/1493 1492/1641/1492 1523/1673/1523
f 1479/1642/1479 1510/1674/1510 1511/1676/1511
f 1493/1643/1493 1524/1675/1524 1525/1677/1525
f 1481/1646/1481 1480/1644/1480 1511/1676/1511
f 1494/1645/1494 1525/1677/1525 1526/1679/1526
f 1481/1646/1481 1512/1678/1512 1513/1680/1513
f 1496/1649/1496 1495/1647/1495 1526/1679/1526
f 1482/1648/1482 1513/1680/1513 1514/1682/1514
f 1496/1649/1496 1527/1681/1527 1528/1683/1528
f 1484/1655/1484 1483/1654/1483 1514/1684/1514
f 1498/1657/1498 1497/1656/1497 1528/1686/1528
f 1484/1655/1484 1515/1685/1515 1516/1688/1516
f 1499/1660/1499 1498/1657/1498 1529/1687/1529
f 1486/1662/1486 1485/1658/1485 1516/1688/1516
f 1499/1660/1499 1530/1689/1530 1531/1691/1531
f 1487/1663/1487 1486/1662/1486 1517/1690/1517
f 1501/1625/1501 1500/1624/1500 1531/1691/1531
f 1487/1663/1487 1518/1692/1518 1519/1694/1519
f 1501/1625/1501 1532/1693/1532 1533/1665/1533
f 1489/1632/1489 1488/1627/1488 1519/1694/1519
f 1509/1671/1509 1508/1668/1508 1539/1697/1539
f 1536/1672/1536 1535/1669/1535 1566/1699/1566
f 1522/1670/1522 1553/1729/1553 1554/1701/1554
f 1509/1671/1509 1540/1698/1540 1541/1702/1541
f 1524/1675/1524 1523/1673/1523 1554/1701/1554
f 1510/1674/1510 1541/1702/1541 1542/1704/1542
f 1524/1675/1524 1555/1703/1555 1556/1705/1556
f 1512/1678/1512 1511/1676/1511 1542/1704/1542
f 1525/1677/1525 1556/1705/1556 1557/1707/1557
f 1512/1678/1512 1543/1706/1543 1544/1708/1544
f 1527/1681/1527 1526/1679/1526 1557/1707/1557
f 1513/1680/1513 1544/1708/1544 1545/1710/1545
f 1527/1681/1527 1558/1709/1558 1559/1711/1559
f 1515/1685/1515 1514/1684/1514 1545/1712/1545
f 1529/1714/1529 1528/1683/1528 1559/1711/1559
f 1515/1685/1515 1546/1713/1546 1547/1716/1547
f 1529/1687/1529 1560/1742/1560 1561/1717/1561
f 1517/1690/1517 1516/1688/1516 1547/1716/1547
f 1530/1689/1530 1561/1717/1561 1562/1719/1562
f 1518/1692/1518 1517/1690/1517 1548/1718/1548
f 1532/1693/1532 1531/1691/1531 1562/1719/1562
f 1518/1692/1518 1549/1720/1549 1550/1722/1550
f 1532/1693/1532 1563/1721/1563 1564/1724/1564
f 1520/1696/1520 1519/1694/1519 1550/1722/1550
f 1506/1695/1506 1537/1723/1537 1538/1726/1538
f 1533/1665/1533 1564/1724/1564 1565/1727/1565
f 1520/1696/1520 1551/1725/1551 1552/1728/1552
f 1507/1664/1507 1538/1726/1538 1539/1697/1539
f 1534/1666/1534 1565/1727/1565 1566/1699/1566
f 1522/1670/1522 1521/1667/1521 1552/1728/1552
f 1541/1702/1541 1572/1761/1572 1573/1730/1573
f 1555/1703/1555 1586/1762/1586 1587/1731/1587
f 1543/1706/1543 1542/1704/1542 1573/1730/1573
f 1556/1705/1556 1587/1731/1587 1588/1733/1588
f 1543/1706/1543 1574/1732/1574 1575/1734/1575
f 1558/1709/1558 1557/1707/1557 1588/1733/1588
f 1544/1708/1544 1575/1734/1575 1576/1736/1576
f 1558/1709/1558 1589/1735/1589 1590/1737/1590
f 1546/1713/1546 1545/1712/1545 1576/1738/1576
f 1560/1715/1560 1559/1711/1559 1590/1737/1590
f 1546/1713/1546 1577/1739/1577 1578/1741/1578
f 1560/1742/1560 1591/1768/1591 1592/1743/1592
f 1548/1718/1548 1547/1716/1547 1578/1741/1578
f 1561/1717/1561 1592/1743/1592 1593/1745/1593
f 1549/1720/1549 1548/1718/1548 1579/1744/1579
f 1563/1721/1563 1562/1719/1562 1593/1745/1593
f 1549/1720/1549 1580/1746/1580 1581/1748/1581
f 1563/1721/1563 1594/1747/1594 1595/1750/1595
f 1551/1725/1551 1550/1722/1550 1581/1748/1581
f 1537/1723/1537 1568/1749/1568 1569/1752/1569
f 1564/1724/1564 1595/1750/1595 1596/1753/1596
f 1551/1725/1551 1582/1751/1582 1583/1754/1583
f 1538/1726/1538 1569/1752/1569 1570/1755/1570
f 1566/1699/1566 1565/1727/1565 1596/1753/1596
f 1553/1729/1553 1552/1728/1552 1583/1754/1583
f 1540/1698/1540 1539/1697/1539 1570/1755/1570
f 1567/1700/1567 1566/1699/1566 1597/1756/1597
f 1553/1729/1553 1584/1757/1584 1585/1760/1585
f 1540/1698/1540 1571/1758/1571 1572/1761/1572
f 1555/1703/1555 1554/1701/1554 1585/1760/1585
f 1589/1735/1589 1620/1794/1620 1621/1763/1621
f 1577/1739/1577 1576/1738/1576 1607/1764/1607
f 1591/1740/1591 1590/1737/1590 1621/1763/1621
f 1577/1739/1577 1608/1765/1608 1609/1767/1609
f 1591/1768/1591 1622/2200/1622 1623/1769/1623
f 1579/1744/1579 1578/1741/1578 1609/1767/1609
f 1592/1743/1592 1623/1769/1623 1624/1771/1624
f 1580/1746/1580 1579/1744/1579 1610/1770/1610
f 1594/1747/1594 1593/1745/1593 1624/1771/1624
f 1580/1746/1580 1611/1772/1611 1612/1774/1612
f 1594/1747/1594 1625/1773/1625 1626/1776/1626
f 1582/1751/1582 1581/1748/1581 1612/1774/1612
f 1568/1749/1568 1599/1775/1599 1600/1778/1600
f 1595/1750/1595 1626/1776/1626 1627/1779/1627
f 1582/1751/1582 1613/1777/1613 1614/1780/1614
f 1569/1752/1569 1600/1778/1600 1601/1781/1601
f 1596/1753/1596 1627/1779/1627 1628/1782/1628
f 1584/1757/1584 1583/1754/1583 1614/1780/1614
f 1570/1755/1570 1601/1781/1601 1602/1784/1602
f 1597/1756/1597 1628/1782/1628 1629/1785/1629
f 1584/1757/1584 1615/1783/1615 1616/1786/1616
f 1571/1758/1571 1602/1784/1602 1603/1787/1603
f 1586/1762/1586 1585/1760/1585 1616/1786/1616
f 1572/1761/1572 1603/1787/1603 1604/1789/1604
f 1586/1762/1586 1617/1788/1617 1618/1790/1618
f 1574/1732/1574 1573/1730/1573 1604/1789/1604
f 1587/1731/1587 1618/1790/1618 1619/1792/1619
f 1574/1732/1574 1605/1791/1605 1606/1793/1606
f 1589/1735/1589 1588/1733/1588 1619/1792/1619
f 1575/1795/1575 1606/1824/1606 1607/1764/1607
f 1623/1769/1623 1622/2200/1622 1653/1796/1653
f 1610/1770/1610 1609/1767/1609 1640/1798/1640
f 1623/1769/1623 1654/1797/1654 1655/1800/1655
f 1611/1772/1611 1610/1770/1610 1641/1799/1641
f 1625/1773/1625 1624/1771/1624 1655/1800/1655
f 1611/1772/1611 1642/1801/1642 1643/1803/1643
f 1625/1773/1625 1656/1802/1656 1657/1805/1657
f 1613/1777/1613 1612/1774/1612 1643/1803/1643
f 1599/1775/1599 1630/1804/1630 1631/1807/1631
f 1626/1776/1626 1657/1805/1657 1658/1808/1658
f 1613/1777/1613 1644/1806/1644 1645/1809/1645
f 1600/1778/1600 1631/1807/1631 1632/1810/1632
f 1627/1779/1627 1658/1808/1658 1659/1811/1659
f 1615/1783/1615 1614/1780/1614 1645/1809/1645
f 1601/1781/1601 1632/1810/1632 1633/1813/1633
f 1629/1785/1629 1628/1782/1628 1659/1811/1659
f 1615/1783/1615 1646/1812/1646 1647/1815/1647
f 1603/1787/1603 1602/1784/1602 1633/1813/1633
f 1617/1788/1617 1616/1786/1616 1647/1815/1647
f 1603/1787/1603 1634/1816/1634 1635/1818/1635
f 1617/1788/1617 1648/1817/1648 1649/1819/1649
f 1605/1791/1605 1604/1789/1604 1635/1818/1635
f 1618/1790/1618 1649/1819/1649 1650/1821/1650
f 1605/1791/1605 1636/1820/1636 1637/1822/1637
f 1620/1794/1620 1619/1792/1619 1650/1821/1650
f 1606/1824/1606 1637/1852/1637 1638/1825/1638
f 1620/1794/1620 1651/1823/1651 1652/1826/1652
f 1608/1765/1608 1607/1764/1607 1638/1825/1638
f 1622/1766/1622 1621/1763/1621 1652/1826/1652
f 1608/1765/1608 1639/1827/1639 1640/1798/1640
f 1656/1802/1656 1655/1800/1655 1686/1829/1686
f 1642/1801/1642 1673/1861/1673 1674/1831/1674
f 1656/1802/1656 1687/1830/1687 1688/1833/1688
f 1644/1806/1644 1643/1803/1643 1674/1831/1674
f 1630/1804/1630 1661/1832/1661 1662/1835/1662
f 1658/1808/1658 1657/1805/1657 1688/1833/1688
f 1644/1806/1644 1675/1834/1675 1676/1837/1676
f 1631/1807/1631 1662/1835/1662 1663/1838/1663
f 1659/1811/1659 1658/1808/1658 1689/1836/1689
f 1646/1812/1646 1645/1809/1645 1676/1837/1676
f 1632/1810/1632 1663/1838/1663 1664/1841/1664
f 1660/1814/1660 1659/1811/1659 1690/1839/1690
f 1646/1812/1646 1677/1840/1677 1678/1843/1678
f 1634/1816/1634 1633/1813/1633 1664/1841/1664
f 1648/1817/1648 1647/1815/1647 1678/1843/1678
f 1634/1816/1634 1665/1844/1665 1666/1846/1666
f 1648/1817/1648 1679/1845/1679 1680/1847/1680
f 1636/1820/1636 1635/1818/1635 1666/1846/1666
f 1649/1819/1649 1680/1847/1680 1681/1849/1681
f 1636/1820/1636 1667/1848/1667 1668/1850/1668
f 1651/1823/1651 1650/1821/1650 1681/1849/1681
f 1637/1852/1637 1668/1879/1668 1669/1853/1669
f 1651/1823/1651 1682/1851/1682 1683/1854/1683
f 1639/1827/1639 1638/1825/1638 1669/1853/1669
f 1653/1828/1653 1652/1826/1652 1683/1854/1683
f 1639/1827/1639 1670/1855/1670 1671/1857/1671
f 1654/1797/1654 1653/1796/1653 1684/1858/1684
f 1641/1799/1641 1640/1798/1640 1671/1857/1671
f 1654/1797/1654 1685/1859/1685 1686/1829/1686
f 1642/1801/1642 1641/1799/1641 1672/1860/1672
f 1661/1832/1661 1692/1892/1692 1693/1862/1693
f 1688/1833/1688 1719/1893/1719 1720/1863/1720
f 1675/1834/1675 1706/1894/1706 1707/1864/1707
f 1662/1835/1662 1693/1862/1693 1694/1865/1694
f 1689/1836/1689 1720/1863/1720 1721/1866/1721
f 1677/1840/1677 1676/1837/1676 1707/1864/1707
f 1663/1838/1663 1694/1865/1694 1695/1868/1695
f 1690/1839/1690 1721/1866/1721 1722/1869/1722
f 1677/1840/1677 1708/1867/1708 1709/1870/1709
f 1664/1841/1664 1695/1868/1695 1696/1871/1696
f 1679/1845/1679 1678/1843/1678 1709/1870/1709
f 1665/1844/1665 1696/1871/1696 1697/1873/1697
f 1679/1845/1679 1710/1872/1710 1711/1874/1711
f 1667/1848/1667 1666/1846/1666 1697/1873/1697
f 1680/1847/1680 1711/1874/1711 1712/1876/1712
f 1668/1850/1668 1667/1848/1667 1698/1875/1698
f 1682/1851/1682 1681/1849/1681 1712/1876/1712
f 1668/1879/1668 1699/1907/1699 1700/1880/1700
f 1682/1851/1682 1713/1878/1713 1714/1881/1714
f 1670/1855/1670 1669/1853/1669 1700/1880/1700
f 1684/1856/1684 1683/1854/1683 1714/1881/1714
f 1670/1855/1670 1701/1882/1701 1702/1884/1702
f 1685/1859/1685 1684/1858/1684 1715/1885/1715
f 1672/1860/1672 1671/1857/1671 1702/1884/1702
f 1685/1859/1685 1716/1886/1716 1717/1888/1717
f 1673/1861/1673 1672/1860/1672 1703/1887/1703
f 1687/1830/1687 1686/1829/1686 1717/1888/1717
f 1673/1861/1673 1704/1889/1704 1705/1891/1705
f 1687/1830/1687 1718/1890/1718 1719/1893/1719
f 1675/1834/1675 1674/1831/1674 1705/1891/1705
f 1694/1865/1694 1725/1926/1725 1726/1895/1726
f 1722/1869/1722 1721/1866/1721 1752/1896/1752
f 1708/1867/1708 1739/1927/1739 1740/1898/1740
f 1695/1868/1695 1726/1895/1726 1727/1899/1727
f 1710/1872/1710 1709/1870/1709 1740/1898/1740
f 1696/1871/1696 1727/1899/1727 1728/1901/1728
f 1710/1872/1710 1741/1900/1741 1742/1902/1742
f 1698/1875/1698 1697/1873/1697 1728/1901/1728
f 1711/1874/1711 1742/1902/1742 1743/1904/1743
f 1698/1875/1698 1729/1903/1729 1730/1905/1730
f 1713/1878/1713 1712/1876/1712 1743/1904/1743
f 1699/1907/1699 1730/1934/1730 1731/1908/1731
f 1713/1878/1713 1744/1906/1744 1745/1909/1745
f 1701/1882/1701 1700/1880/1700 1731/1908/1731
f 1715/1883/1715 1714/1881/1714 1745/1909/1745
f 1701/1882/1701 1732/1910/1732 1733/1912/1733
f 1716/1886/1716 1715/1885/1715 1746/1913/1746
f 1703/1887/1703 1702/1884/1702 1733/1912/1733
f 1716/1886/1716 1747/1914/1747 1748/1916/1748
f 1704/1889/1704 1703/1887/1703 1734/1915/1734
f 1718/1890/1718 1717/1888/1717 1748/1916/1748
f 1704/1889/1704 1735/1917/1735 1736/1919/1736
f 1718/1890/1718 1749/1918/1749 1750/1921/1750
f 1706/1894/1706 1705/1891/1705 1736/1919/1736
f 1692/1892/1692 1723/1920/1723 1724/1923/1724
f 1720/1863/1720 1719/1893/1719 1750/1921/1750
f 1706/1894/1706 1737/1922/1737 1738/1925/1738
f 1693/1862/1693 1724/1923/1724 1725/1926/1725
f 1721/1866/1721 1720/1863/1720 1751/1924/1751
f 1708/1867/1708 1707/1864/1707 1738/1925/1738
f 1727/1899/1727 1758/1958/1758 1759/1928/1759
f 1741/1900/1741 1772/1959/1772 1773/1929/1773
f 1729/1903/1729 1728/1901/1728 1759/1928/1759
f 1742/1902/1742 1773/1929/1773 1774/1931/1774
f 1729/1903/1729 1760/1930/1760 1761/1932/1761
f 1744/1906/1744 1743/1904/1743 1774/1931/1774
f 1730/1934/1730 1761/2201/1761 1762/1935/1762
f 1744/1906/1744 1775/1933/1775 1776/1936/1776
f 1732/1910/1732 1731/1908/1731 1762/1935/1762
f 1745/1909/1745 1776/1936/1776 1777/1938/1777
f 1732/1910/1732 1763/1937/1763 1764/1939/1764
f 1746/1913/1746 1777/1971/1777 1778/1940/1778
f 1734/1915/1734 1733/1912/1733 1764/1939/1764
f 1747/1914/1747 1778/1940/1778 1779/1942/1779
f 1735/1917/1735 1734/1915/1734 1765/1941/1765
f 1749/1918/1749 1748/1916/1748 1779/1942/1779
f 1735/1917/1735 1766/1943/1766 1767/1945/1767
f 1749/1918/1749 1780/1944/1780 1781/1947/1781
f 1737/1922/1737 1736/1919/1736 1767/1945/1767
f 1724/1923/1724 1723/1920/1723 1754/1946/1754
f 1750/1921/1750 1781/1947/1781 1782/1950/1782
f 1737/1922/1737 1768/1948/1768 1769/1951/1769
f 1724/1923/1724 1755/1949/1755 1756/1952/1756
f 1751/1924/1751 1782/1950/1782 1783/1953/1783
f 1739/1927/1739 1738/1925/1738 1769/1951/1769
f 1725/1926/1725 1756/1952/1756 1757/1955/1757
f 1752/1896/1752 1783/1953/1783 1784/1956/1784
f 1739/1927/1739 1770/1954/1770 1771/1957/1771
f 1726/1895/1726 1757/1955/1757 1758/1958/1758
f 1741/1900/1741 1740/1898/1740 1771/1957/1771
f 1761/1932/1761 1760/1930/1760 1791/1960/1791
f 1775/1933/1775 1774/1931/1774 1805/1962/1805
f 1761/1932/1761 1792/1961/1792 1793/1964/1793
f 1775/1933/1775 1806/1963/1806 1807/1966/1807
f 1763/1937/1763 1762/1935/1762 1793/1967/1793
f 1777/1938/1777 1776/1936/1776 1807/1966/1807
f 1763/1937/1763 1794/1968/1794 1795/1970/1795
f 1777/1971/1777 1808/2202/1808 1809/1972/1809
f 1765/1941/1765 1764/1939/1764 1795/1970/1795
f 1778/1940/1778 1809/1972/1809 1810/1974/1810
f 1766/1943/1766 1765/1941/1765 1796/1973/1796
f 1780/1944/1780 1779/1942/1779 1810/1974/1810
f 1766/1943/1766 1797/1975/1797 1798/1977/1798
f 1780/1944/1780 1811/1976/1811 1812/1979/1812
f 1768/1948/1768 1767/1945/1767 1798/1977/1798
f 1754/1946/1754 1785/1978/1785 1786/1981/1786
f 1782/1950/1782 1781/1947/1781 1812/1979/1812
f 1768/1948/1768 1799/1980/1799 1800/1983/1800
f 1755/1949/1755 1786/1981/1786 1787/1984/1787
f 1782/1950/1782 1813/1982/1813 1814/1985/1814
f 1770/1954/1770 1769/1951/1769 1800/1983/1800
f 1757/1955/1757 1756/1952/1756 1787/1984/1787
f 1784/1956/1784 1783/1953/1783 1814/1985/1814
f 1770/1954/1770 1801/1986/1801 1802/1989/1802
f 1758/1958/1758 1757/1955/1757 1788/1987/1788
f 1772/1959/1772 1771/1957/1771 1802/1989/1802
f 1758/1958/1758 1789/1990/1789 1790/1992/1790
f 1772/1959/1772 1803/1991/1803 1804/1993/1804
f 1760/1930/1760 1759/1928/1759 1790/1992/1790
f 1773/1929/1773 1804/1993/1804 1805/1962/1805
f 1794/1968/1794 1793/1967/1793 1824/1994/1824
f 1808/1969/1808 1807/1966/1807 1838/1996/1838
f 1794/1968/1794 1825/1995/1825 1826/1998/1826
f 1809/1972/1809 1808/2202/1808 1839/1999/1839
f 1796/1973/1796 1795/1970/1795 1826/1998/1826
f 1809/1972/1809 1840/2000/1840 1841/2002/1841
f 1797/1975/1797 1796/1973/1796 1827/2001/1827
f 1811/1976/1811 1810/1974/1810 1841/2002/1841
f 1797/1975/1797 1828/2003/1828 1829/2005/1829
f 1811/1976/1811 1842/2004/1842 1843/2007/1843
f 1799/1980/1799 1798/1977/1798 1829/2005/1829
f 1785/1978/1785 1816/2006/1816 1817/2009/1817
f 1813/1982/1813 1812/1979/1812 1843/2007/1843
f 1799/1980/1799 1830/2008/1830 1831/2011/1831
f 1787/1984/1787 1786/1981/1786 1817/2009/1817
f 1814/1985/1814 1813/1982/1813 1844/2010/1844
f 1801/1986/1801 1800/1983/1800 1831/2011/1831
f 1787/1984/1787 1818/2012/1818 1819/2015/1819
f 1814/1985/1814 1845/2013/1845 1846/2016/1846
f 1801/1986/1801 1832/2014/1832 1833/2017/1833
f 1788/1987/1788 1819/2015/1819 1820/2018/1820
f 1803/1991/1803 1802/1989/1802 1833/2017/1833
f 1789/1990/1789 1820/2018/1820 1821/2020/1821
f 1803/1991/1803 1834/2019/1834 1835/2021/1835
f 1790/1992/1790 1821/2020/1821 1822/2022/1822
f 1804/1993/1804 1835/2021/1835 1836/2023/1836
f 1791/1960/1791 1822/2022/1822 1823/2024/1823
f 1806/1963/1806 1805/1962/1805 1836/2023/1836
f 1792/1961/1792 1823/2024/1823 1824/2026/1824
f 1806/1963/1806 1837/2025/1837 1838/1996/1838
f 1827/2001/1827 1826/1998/1826 1857/2027/1857
f 1840/2000/1840 1871/2059/1871 1872/2029/1872
f 1828/2003/1828 1827/2001/1827 1858/2028/1858
f 1842/2004/1842 1841/2002/1841 1872/2029/1872
f 1829/2005/1829 1828/2003/1828 1859/2030/1859
f 1842/2004/1842 1873/2031/1873 1874/2034/1874
f 1830/2008/1830 1829/2005/1829 1860/2032/1860
f 1816/2006/1816 1847/2033/1847 1848/2036/1848
f 1844/2010/1844 1843/2007/1843 1874/2034/1874
f 1830/2008/1830 1861/2035/1861 1862/2038/1862
f 1817/2009/1817 1848/2036/1848 1849/2039/1849
f 1844/2010/1844 1875/2037/1875 1876/2040/1876
f 1832/2014/1832 1831/2011/1831 1862/2038/1862
f 1818/2012/1818 1849/2039/1849 1850/2042/1850
f 1846/2016/1846 1845/2013/1845 1876/2040/1876
f 1832/2014/1832 1863/2041/1863 1864/2044/1864
f 1820/2018/1820 1819/2015/1819 1850/2042/1850
f 1833/2017/1833 1864/2044/1864 1865/2046/1865
f 1820/2018/1820 1851/2045/1851 1852/2047/1852
f 1835/2021/1835 1834/2019/1834 1865/2046/1865
f 1822/2022/1822 1821/2020/1821 1852/2047/1852
f 1835/2021/1835 1866/2048/1866 1867/2050/1867
f 1822/2022/1822 1853/2049/1853 1854/2051/1854
f 1837/2025/1837 1836/2023/1836 1867/2050/1867
f 1823/2024/1823 1854/2051/1854 1855/2053/1855
f 1837/2025/1837 1868/2052/1868 1869/2054/1869
f 1825/1995/1825 1824/1994/1824 1855/2055/1855
f 1839/1997/1839 1838/1996/1838 1869/2054/1869
f 1825/1995/1825 1856/2056/1856 1857/2027/1857
f 1840/2000/1840 1839/1999/1839 1870/2058/1870
f 1859/2030/1859 1890/2091/1890 1891/2060/1891
f 1873/2031/1873 1904/2092/1904 1905/2062/1905
f 1861/2035/1861 1860/2032/1860 1891/2060/1891
f 1847/2033/1847 1878/2061/1878 1879/2064/1879
f 1875/2037/1875 1874/2034/1874 1905/2062/1905
f 1861/2035/1861 1892/2063/1892 1893/2066/1893
f 1848/2036/1848 1879/2064/1879 1880/2067/1880
f 1876/2040/1876 1875/2037/1875 1906/2065/1906
f 1863/2041/1863 1862/2038/1862 1893/2066/1893
f 1849/2039/1849 1880/2067/1880 1881/2070/1881
f 1877/2043/1877 1876/2040/1876 1907/2068/1907
f 1863/2041/1863 1894/2069/1894 1895/2072/1895
f 1851/2045/1851 1850/2042/1850 1881/2070/1881
f 1864/2044/1864 1895/2072/1895 1896/2074/1896
f 1851/2045/1851 1882/2073/1882 1883/2075/1883
f 1865/2046/1865 1896/2074/1896 1897/2076/1897
f 1853/2049/1853 1852/2047/1852 1883/2075/1883
f 1866/2048/1866 1897/2076/1897 1898/2078/1898
f 1853/2049/1853 1884/2077/1884 1885/2079/1885
f 1868/2052/1868 1867/2050/1867 1898/2078/1898
f 1854/2051/1854 1885/2079/1885 1886/2081/1886
f 1868/2052/1868 1899/2080/1899 1900/2082/1900
f 1856/2056/1856 1855/2055/1855 1886/2083/1886
f 1870/2058/1870 1869/2203/1869 1900/2085/1900
f 1856/2056/1856 1887/2084/1887 1888/2087/1888
f 1871/2059/1871 1870/2058/1870 1901/2086/1901
f 1858/2028/1858 1857/2027/1857 1888/2087/1888
f 1871/2059/1871 1902/2088/1902 1903/2090/1903
f 1859/2030/1859 1858/2028/1858 1889/2089/1889
f 1873/2031/1873 1872/2029/1872 1903/2090/1903
f 1892/2063/1892 1923/2124/1923 1924/2093/1924
f 1879/2064/1879 1910/2125/1910 1911/2094/1911
f 1907/2068/1907 1906/2065/1906 1937/2095/1937
f 1894/2069/1894 1893/2066/1893 1924/2093/1924
f 1881/2070/1881 1880/2067/1880 1911/2094/1911
f 1908/2071/1908 1907/2068/1907 1938/2096/1938
f 1894/2069/1894 1925/2097/1925 1926/2100/1926
f 1882/2073/1882 1881/2070/1881 1912/2098/1912
f 1896/2074/1896 1895/2072/1895 1926/2100/1926
f 1882/2073/1882 1913/2101/1913 1914/2103/1914
f 1896/2074/1896 1927/2102/1927 1928/2104/1928
f 1884/2077/1884 1883/2075/1883 1914/2103/1914
f 1897/2076/1897 1928/2104/1928 1929/2106/1929
f 1884/2077/1884 1915/2105/1915 1916/2107/1916
f 1899/2080/1899 1898/2078/1898 1929/2106/1929
f 1885/2079/1885 1916/2107/1916 1917/2109/1917
f 1899/2080/1899 1930/2108/1930 1931/2110/1931
f 1887/2111/1887 1886/2081/1886 1917/2109/1917
f 1901/2086/1901 1900/2085/1900 1931/2113/1931
f 1887/2084/1887 1918/2204/1918 1919/2115/1919
f 1901/2086/1901 1932/2114/1932 1933/2116/1933
f 1888/2087/1888 1919/2115/1919 1920/2117/1920
f 1902/2088/1902 1933/2116/1933 1934/2118/1934
f 1890/2091/1890 1889/2089/1889 1920/2117/1920
f 1904/2092/1904 1903/2090/1903 1934/2118/1934
f 1890/2091/1890 1921/2119/1921 1922/2121/1922
f 1905/2062/1905 1904/2092/1904 1935/2120/1935
f 1892/2063/1892 1891/2060/1891 1922/2121/1922
f 1879/2064/1879 1878/2061/1878 1909/2122/1909
f 1906/2065/1906 1905/2062/1905 1936/2123/1936
f 1925/2126/1925 1956/2176/1956 1957/2127/1957
f 1913/2101/1913 1912/2098/1912 1943/2129/1943
f 1927/2132/1927 1926/2128/1926 1957/2127/1957
f 1913/2101/1913 1944/2130/1944 1945/2134/1945
f 1927/2102/1927 1958/2205/1958 1959/2135/1959
f 1915/2105/1915 1914/2103/1914 1945/2134/1945
f 1928/2104/1928 1959/2135/1959 1960/2137/1960
f 1915/2105/1915 1946/2136/1946 1947/2138/1947
f 1930/2139/1930 1929/2206/1929 1960/2140/1960
f 1916/2107/1916 1947/2138/1947 1948/2142/1948
f 1930/2139/1930 1961/2141/1961 1962/2143/1962
f 1918/2112/1918 1917/2109/1917 1948/2142/1948
f 1932/2114/1932 1931/2113/1931 1962/2146/1962
f 1918/2148/1918 1949/2172/1949 1950/2149/1950
f 1933/2116/1933 1932/2114/1932 1963/2147/1963
f 1920/2117/1920 1919/2115/1919 1950/2152/1950
f 1933/2116/1933 1964/2151/1964 1965/2154/1965
f 1921/2119/1921 1920/2117/1920 1951/2153/1951
f 1935/2120/1935 1934/2118/1934 1965/2154/1965
f 1921/2157/1921 1952/2174/1952 1953/2158/1953
f 1935/2120/1935 1966/2156/1966 1967/2161/1967
f 1923/2162/1923 1922/2159/1922 1953/2158/1953
f 1910/2125/1910 1909/2122/1909 1940/2160/1940
f 1937/2095/1937 1936/2123/1936 1967/2161/1967
f 1923/2124/1923 1954/2207/1954 1955/2166/1955
f 1910/2125/1910 1941/2164/1941 1942/2167/1942
f 1938/2096/1938 1937/2095/1937 1968/2165/1968
f 1925/2097/1925 1924/2093/1924 1955/2166/1955
f 1911/2094/1911 1942/2167/1942 1943/2129/1943
f 1938/2096/1938 1969/2168/1969 1970/2131/1970
f 1958/2133/1958 1979/50/1979 1980/54/1980
f 1946/2136/1946 1945/2134/1945 1973/52/1973
f 1959/2170/1959 1980/54/1980 1981/58/1981
f 1947/2138/1947 1946/2136/1946 4/55/4
f 1961/2141/1961 1960/2140/1960 1981/58/1981
f 1947/2138/1947 5/60/5 1974/64/1974
f 1961/2141/1961 1982/62/1982 1983/66/1983
f 1949/2145/1949 1948/2142/1948 1974/64/1974
f 1963/2147/1963 1962/2146/1962 1983/4/1983
f 1949/2172/1949 1975/1/1975 1976/7/1976
f 1963/2147/1963 1984/6/1984 11/10/11
f 1951/2173/1951 1950/2149/1950 1976/7/1976
f 1964/2151/1964 11/10/11 1985/14/1985
f 1952/2174/1952 1951/2173/1951 1977/11/1977
f 1966/2156/1966 1965/2154/1965 1985/14/1985
f 1953/2158/1953 1952/2174/1952 6/16/6
f 1967/2161/1967 1966/2156/1966 12/18/12
f 1954/2163/1954 1953/2158/1953 7/19/7
f 1941/2164/1941 1940/2160/1940 1/21/1
f 1967/2161/1967 1986/25/1986 13/31/13
f 1954/2163/1954 8/27/8 1978/33/1978
f 1942/2167/1942 1941/2164/1941 2/29/2
f 1968/2165/1968 13/31/13 14/37/14
f 1956/2176/1956 1955/2175/1955 1978/33/1978
f 1942/2167/1942 3/35/3 1971/40/1971
f 1969/2168/1969 14/37/14 15/43/15
f 1956/2176/1956 9/38/9 10/45/10
f 1944/2130/1944 1943/2129/1943 1971/40/1971
f 1958/2133/1958 1957/2127/1957 10/45/10
f 1944/2130/1944 1972/47/1972 1973/52/1973
