{
    "toothbrush.n.01_1": {
        "is_asleep": true,
        "root_link": {
            "pos": [
                1.422846245765686,
                21.6536865234375,
                0.6830624341964722
            ],
            "ori": [
                -0.0005904599092900753,
                0.0006925952038727701,
                -0.30944544076919556,
                0.9509168267250061
            ],
            "lin_vel": [
                0.0,
                0.0,
                0.0
            ],
            "ang_vel": [
                0.0,
                0.0,
                0.0
            ]
        },
        "non_kin": {
            "ModifiedParticles": {
                "n_systems": 0
            },
            "Saturated": {
                "n_systems": 0,
                "default_visual_particle_limit": 200,
                "default_physical_particle_limit": 400
            },
            "ParticleRemover": {
                "current_step": 0
            }
        }
    },
    "beaker.n.02_1": {
        "is_asleep": true,
        "root_link": {
            "pos": [
                1.23,
                21.63,
                0.7251841425895691
            ],
            "ori": [
                0.0007960255024954677,
                1.803267514333129e-05,
                -0.022022977471351624,
                0.9997573494911194
            ],
            "lin_vel": [
                0.0,
                0.0,
                0.0
            ],
            "ang_vel": [
                0.0,
                0.0,
                0.0
            ]
        },
        "non_kin": {
            "Temperature": {
                "temperature": 23.0
            }
        }
    },
    "sink.n.01_1": {
        "is_asleep": true,
        "root_link": {
            "pos": [
                0.9826279878616333,
                21.734830856323242,
                0.40486109256744385
            ],
            "ori": [
                9.313225746154785e-10,
                2.389697328908369e-09,
                -0.7071073651313782,
                0.7071065306663513
            ],
            "lin_vel": [
                0.0,
                0.0,
                0.0
            ],
            "ang_vel": [
                0.0,
                0.0,
                0.0
            ]
        },
        "non_kin": {
            "ToggledOn": {
                "value": false,
                "hand_in_marker_steps": 0
            },
            "Temperature": {
                "temperature": 23.0
            }
        }
    },
    "floor.n.01_1": {
        "is_asleep": false,
        "root_link": {
            "pos": [
                1.3135195970535278,
                20.971378326416016,
                -0.15000292658805847
            ],
            "ori": [
                0.0,
                0.0,
                0.0,
                1.0
            ]
        },
        "non_kin": {}
    },
    "robot_poses": {
        "R1Pro": [
            {
                "position": [
                    1.1362,
                    20.9,
                    0.0
                ],
                "orientation": [
                    0.0,
                    0.0,
                    0.7071067811865476,
                    0.7071067811865476
                ]
            }
        ]
    }
}